names,scores,logfoldchanges,pvals,pvals_adj,rank_score
EIF4A1,25.802675,3.2735965,8.274624811415433e-147,1.6191785830977718e-142,25.802675
NDUFB8,25.249914,3.3390415,1.1350002717574202e-140,7.4032284392497325e-137,25.249914
EEF1G,24.723183,2.2586434,6.025232674010377e-135,2.358035059300701e-131,24.723183
ATP5PO,24.07932,2.923078,4.117167966108843e-128,1.3427457126802973e-124,24.07932
NDUFC2,23.082708,2.7286055,6.907472065866581e-118,1.930934476926818e-114,23.082708
ARPC4,22.83795,2.4218423,1.9255293471237988e-115,4.709844783064812e-112,22.83795
RPS17,22.316696,2.4932842,2.544092479444151e-110,5.531422404195906e-107,22.316696
NDUFA13,22.16258,2.155231,7.889758788896031e-109,1.5438679998111756e-105,22.16258
ARHGAP15,22.034113,2.1931386,1.3567728730295615e-107,2.4135755981311325e-104,22.034113
CSNK2B,21.601067,2.456049,1.7551414403581802e-103,2.862050642077406e-100,21.601067
JUND,21.52671,2.7080138,8.752922499906783e-103,1.2234084819869711e-99,21.52671
NDUFA7,21.199986,3.2169418,9.552476697102006e-100,1.246152426725947e-96,21.199986
UBALD2,21.0633,2.8291874,1.7271884978075405e-98,2.112351532818622e-95,21.0633
PTPRJ,20.888939,3.1156752,6.750243882698106e-97,7.76992778215509e-94,20.888939
CUL3,20.47865,2.551781,3.3378783667200414e-93,3.4376633621040933e-90,20.47865
DLEU2,20.423016,3.0436726,1.0441631048196899e-92,1.0216091817555846e-89,20.423016
FOXO1,20.137997,2.9217505,3.4292960939504895e-90,3.195450760305866e-87,20.137997
SIK3,20.129396,2.6883087,4.079320655413771e-90,3.628370299324394e-87,20.129396
PHACTR2,20.087158,2.4826984,9.557975807391375e-90,8.131759591262365e-87,20.087158
MAP3K5,20.04058,2.6581814,2.439074781070879e-89,1.98865897149979e-86,20.04058
GNAS,19.7118,1.7211637,1.7078140702479888e-86,1.3367402290645058e-83,19.7118
IL2RG,19.635618,1.8411503,7.674171629868048e-86,5.775699632817614e-83,19.635618
CASK,19.633638,2.9932706,7.978999212586741e-86,5.782705799699902e-83,19.633638
KLF12,19.494364,2.2791092,1.2256823957791533e-84,8.565768971645168e-82,19.494364
ATXN1,19.354252,2.2290754,1.8769846339007776e-83,1.2665115626265662e-80,19.354252
ETV6,19.298086,2.9786875,5.5736045239060795e-83,3.6354764441264715e-80,19.298086
RABGAP1L,19.28043,1.9731007,7.842338539278556e-83,4.95028646892267e-80,19.28043
GNB1,19.267796,2.0089881,1.0011073893124349e-82,6.12177168564554e-80,19.267796
PIP4K2A,19.196636,2.2399292,3.9485270052989304e-82,2.341356861808772e-79,19.196636
FAF1,19.176468,2.7726934,5.820269393275905e-82,3.3497362202242033e-79,19.176468
RAPGEF1,19.05287,2.5041761,6.219603675833634e-81,3.4772915636775013e-78,19.05287
STAG1,18.947235,2.286361,4.65403936253405e-80,2.529728951279619e-77,18.947235
CDC42SE2,18.856136,1.6872787,2.616601094022488e-79,1.3838283839954607e-76,18.856136
CBLB,18.765112,2.1552536,1.4568965438366702e-78,7.502250413104201e-76,18.765112
BCL11B,18.749586,2.022863,1.9510211271825552e-78,9.789123440181599e-76,18.749586
GNAI2,18.700499,1.4917078,4.904469847580496e-78,2.399266649436379e-75,18.700499
PDE3B,18.693953,2.494064,5.544859763827177e-78,2.646385752648054e-75,18.693953
MED13L,18.67523,2.3827899,7.874928627627249e-78,3.6689667472716676e-75,18.67523
CHST11,18.657269,2.2951806,1.1022159235939193e-77,5.015851440206003e-75,18.657269
NCK2,18.507645,2.462361,1.7916716853903422e-76,7.968052622663231e-74,18.507645
SMAP2,18.444172,1.8095745,5.808265487188226e-76,2.5256919789622046e-73,18.444172
KLF2,18.277346,1.8251575,1.2538072457982883e-74,5.333586996908892e-72,18.277346
PSMA1,18.197586,1.4886467,5.393230665846695e-74,2.245419950410386e-71,18.197586
SSH2,18.12597,1.7815193,1.988054001709263e-73,8.104633480301428e-71,18.12597
RASA2,18.124752,1.9619542,2.0325565060623743e-73,8.11695218584256e-71,18.124752
PLCL2,18.078327,2.5052674,4.7218775878555763e-73,1.8479540127831582e-70,18.078327
FAM107B,18.074217,1.5245562,5.087168741439001e-73,1.9518768222054585e-70,18.074217
LRBA,18.068357,1.9259843,5.6572905164761705e-73,2.1288819389693404e-70,18.068357
TBL1XR1,18.012495,2.1219904,1.554594193664167e-72,5.7396790908717765e-70,18.012495
PACS1,17.9921,2.0599833,2.2468405978166474e-72,8.14188459594003e-70,17.9921
VPS13B,17.981749,2.2457986,2.7081621999742277e-72,9.635148714381034e-70,17.981749
PICALM,17.97155,2.1883316,3.254910351532619e-72,1.1373586742641124e-69,17.97155
CD81,17.94948,2.6596854,4.844239715379781e-72,1.6630189956237114e-69,17.94948
MBD2,17.862185,2.2398255,2.323614758248714e-71,7.839395446450144e-69,17.862185
BRI3,17.842321,2.9757028,3.316278370817586e-71,1.0998802569518394e-68,17.842321
PRKCB,17.816902,1.9378319,5.2251361767413e-71,1.7040910784412292e-68,17.816902
URI1,17.780066,2.2197363,1.0086058102792842e-70,3.235475163204104e-68,17.780066
SKAP1,17.735544,1.3681065,2.2292795235548026e-70,7.0358938253097376e-68,17.735544
DDX39B,17.711874,1.9484259,3.395699980121894e-70,1.0547151938257971e-67,17.711874
STK24,17.63516,2.0884943,1.3232191043517042e-69,4.0457424115553354e-67,17.63516
SPIDR,17.579298,2.381546,3.549467054826721e-69,1.0685534050592197e-66,17.579298
ARL15,17.525871,2.6802514,9.093856209164945e-69,2.6961905803172676e-66,17.525871
FBXW7,17.46392,2.24182,2.6975730264787995e-68,7.878523728677187e-66,17.46392
OOEP,17.400827,2.949401,8.131911777924562e-68,2.340077201035703e-65,17.400827
MAP2K2,17.380888,2.6341655,1.151565000186083e-67,3.2657715831364158e-65,17.380888
COP1,17.374342,2.124189,1.290765257960004e-67,3.6082420811087652e-65,17.374342
UTRN,17.364601,1.7806321,1.529589443725011e-67,4.2156346809592975e-65,17.364601
PMF1,17.351816,3.315611,1.911085087981639e-67,5.193904583558988e-65,17.351816
ZNRF2,17.330658,2.8649402,2.761522439074371e-67,7.350838075561077e-65,17.330658
PSMA2,17.330276,3.096304,2.7798549549852804e-67,7.350838075561077e-65,17.330276
UBE2R2,17.32495,2.2882104,3.0496176409781246e-67,7.95665573315466e-65,17.32495
RORA-AS1,17.267338,3.3058908,8.287934958246108e-67,2.1339251481968403e-64,17.267338
FYN,17.263836,1.6002053,8.806123283830649e-67,2.2378989664675082e-64,17.263836
PCNX1,17.261173,2.083995,9.221919241778267e-67,2.3135194323476552e-64,17.261173
ARPC1B,17.196558,1.1967046,2.8177989357920226e-66,6.979580958933962e-64,17.196558
ARAP2,17.142675,2.0211067,7.129422480739483e-66,1.7438567387888778e-63,17.142675
PDS5A,17.09975,1.8005303,1.4904037091756762e-65,3.600520960635757e-63,17.09975
GLS,17.077223,1.9695287,2.1931031726764606e-65,5.233493034504021e-63,17.077223
ADK,17.068699,1.8831229,2.537912820805742e-65,5.983358804521295e-63,17.068699
ALYREF,17.055914,3.1704671,3.158960449348006e-65,7.358873580100213e-63,17.055914
EXOC4,17.027222,1.9891127,5.159678079571005e-65,1.1878185960122991e-62,17.027222
ZFAND3,17.022121,2.0874574,5.629286654876469e-65,1.2808590844491017e-62,17.022121
ABCC1,17.011772,2.5221822,6.717529007675935e-65,1.5109035358873873e-62,17.011772
PRKCA,17.000355,2.6637566,8.162314670521562e-65,1.8150019712814309e-62,17.000355
ANKRD44,16.998224,1.4959366,8.464470432127009e-65,1.8610422181557452e-62,16.998224
SIPA1L1,16.941374,2.6013334,2.2286110827171152e-64,4.792248534792144e-62,16.941374
TMBIM4,16.939318,1.8139945,2.3078337396053922e-64,4.88107292042611e-62,16.939318
ESYT2,16.939014,2.0306695,2.3198067334404546e-64,4.88107292042611e-62,16.939014
TRAPPC10,16.898449,2.4223073,4.618957348949808e-64,9.615293340877643e-62,16.898449
NFKB1,16.793499,2.2198682,2.72309544172019e-63,5.564832693043297e-61,16.793499
BIRC6,16.759403,1.6398518,4.834569661525542e-63,9.58033870246438e-61,16.759403
FBXO11,16.75925,2.5242298,4.8469620377349433e-63,9.58033870246438e-61,16.75925
DYRK1A,16.753239,2.152432,5.362626319296351e-63,1.04935871815991e-60,16.753239
ZEB1,16.743343,2.2986166,6.33281812763596e-63,1.2269364863522817e-60,16.743343
PIK3R5,16.684666,1.7756457,1.694507193805752e-62,3.2507957616069566e-60,16.684666
HNRNPD,16.67736,1.4586248,1.914970097536389e-62,3.6380713464652485e-60,16.67736
ARIH1,16.666096,2.0912733,2.3121067442818047e-62,4.350317766548688e-60,16.666096
AKAP13,16.649353,1.4203359,3.05892769475106e-62,5.700675917227499e-60,16.649353
DOCK10,16.604298,1.5854019,6.4874978981738664e-62,1.1976165931270398e-59,16.604298
RICTOR,16.592197,1.9502634,7.936361682553053e-62,1.4513899570485807e-59,16.592197
SMYD3,16.591055,2.3625157,8.088669103232167e-62,1.4655470093708059e-59,16.591055
LRRC8C,16.580172,2.09929,9.695100344702487e-62,1.7404928765609015e-59,16.580172
ARID1B,16.577509,1.7997522,1.013446151568741e-61,1.8028285721724659e-59,16.577509
PPP6R3,16.484354,1.8425486,4.75348750620266e-61,8.37984175868231e-59,16.484354
AMBRA1,16.415249,2.2471461,1.4876860166709735e-60,2.599199997698001e-58,16.415249
PAN3,16.402996,2.0001001,1.8203457450515805e-60,3.1246075034359058e-58,16.402996
ACTR2,16.401703,1.1848608,1.8595346643823935e-60,3.1641195054464934e-58,16.401703
CHMP4A,16.33625,2.0731409,5.450298678956561e-60,9.194090047398448e-58,16.33625
RPS10,16.32628,2.6850934,6.417946662820205e-60,1.0733878657954339e-57,16.32628
ELMO1,16.309917,1.549434,8.390539456496933e-60,1.391407424446881e-57,16.309917
CDKAL1,16.29599,2.176579,1.05382541510087e-59,1.732878632159145e-57,16.29599
RANBP9,16.286097,2.1823535,1.2388835205204898e-59,2.0202060607954118e-57,16.286097
IQGAP2,16.284575,1.5967022,1.27009505627291e-59,2.053985129020521e-57,16.284575
RPS6KA3,16.263721,1.8318322,1.7855583543790643e-59,2.8639185146302893e-57,16.263721
ABHD17A,16.226961,1.9994277,3.251597493035211e-59,5.172947946643333e-57,16.226961
TAF10,16.193476,1.9194672,5.607055799852984e-59,8.777509431321856e-57,16.193476
DIAPH2,16.182287,2.5019803,6.724893160204643e-59,1.0443865822133687e-56,16.182287
CRIP1,16.144539,1.5265911,1.2407280292547728e-58,1.9116981162564878e-56,16.144539
FKBP5,16.14317,1.9364734,1.2685801364527115e-58,1.9393418836020826e-56,16.14317
EIF4G3,16.126577,2.4180808,1.659665088872111e-58,2.5175446867480204e-56,16.126577
RBFOX2,16.119804,3.4327545,1.8519567575037087e-58,2.7876222946794286e-56,16.119804
BRD7,16.114172,1.9439058,2.0286255412081005e-58,3.0302400450656575e-56,16.114172
NDUFA11,16.089819,1.4369808,3.007197493068117e-58,4.457942465481584e-56,16.089819
CELF2,16.066833,1.2424463,4.357828535870611e-58,6.411578104504972e-56,16.066833
TBC1D5,16.060974,1.905106,4.789727712853845e-58,6.994432230233137e-56,16.060974
PTEN,16.014473,1.9194449,1.0126156286603647e-57,1.4569751927666188e-55,16.014473
UBR5,16.006252,1.9603338,1.1556272901624174e-57,1.650606920722495e-55,16.006252
ATXN7,15.978779,3.0366225,1.7963078282749178e-57,2.54711243360026e-55,15.978779
NCOA2,15.93928,1.9071105,3.382310379379427e-57,4.76151435278393e-55,15.93928
IRF9,15.869033,2.302557,1.0382784600866382e-56,1.451216636212524e-54,15.869033
CNOT6L,15.854116,2.002822,1.3166650986629087e-56,1.8272696915344537e-54,15.854116
UBE2M,15.84955,3.0464842,1.4159115495552105e-56,1.9511660001194618e-54,15.84955
ANKRD11,15.846581,1.519137,1.484382437559133e-56,2.0312164711997985e-54,15.846581
MKLN1,15.842625,1.9275084,1.5808334718008127e-56,2.1481770400137712e-54,15.842625
COMMD3,15.837069,2.4879262,1.726856649716178e-56,2.3304228221824943e-54,15.837069
PPP3R1,15.809747,1.992673,2.665379752806636e-56,3.572339109789059e-54,15.809747
WAC,15.807615,1.6103091,2.7570693308702076e-56,3.670090657582872e-54,15.807615
MGAT5,15.782348,2.3010137,4.115879891712185e-56,5.441860656825948e-54,15.782348
TCF12,15.761114,1.8558081,5.760824252151976e-56,7.565624762826165e-54,15.761114
DUSP16,15.731661,2.3348238,9.177159433236777e-56,1.1971910385971816e-53,15.731661
ARHGEF18,15.725496,2.4708407,1.0115483962288608e-55,1.3108595375765792e-53,15.725496
ITFG1,15.703349,1.8469794,1.434630556554219e-55,1.846898074385063e-53,15.703349
USP25,15.691096,2.283594,1.7402382107720014e-55,2.2256850528357204e-53,15.691096
ZDHHC20,15.685769,1.9143065,1.8925748386163805e-55,2.4047989897432033e-53,15.685769
WDR7,15.679528,2.2875261,2.087994805616962e-55,2.6190950228405583e-53,15.679528
STEAP1B,15.675114,3.864718,2.2382312439472407e-55,2.789662992456026e-53,15.675114
CCNY,15.6612625,2.4839275,2.7831652713470847e-55,3.4468973436531487e-53,15.6612625
RPL36A,15.641398,1.1262654,3.802818576063311e-55,4.680097729333765e-53,15.641398
CDV3,15.624199,1.6544365,4.981440040012043e-55,6.092301168934729e-53,15.624199
HERC1,15.622296,1.6462711,5.132359883417363e-55,6.237889329112482e-53,15.622296
HNRNPUL2,15.587972,2.7613056,8.7879213400398e-55,1.0549818698276002e-52,15.587972
XRN1,15.577241,1.6297307,1.0394516521621605e-54,1.2402432883847047e-52,15.577241
DOCK8,15.522749,1.3242862,2.4339684345332327e-54,2.8691502606594152e-52,15.522749
RUNX1,15.502353,1.8574992,3.34420623226568e-54,3.8952040210104065e-52,15.502353
STK39,15.436596,2.2788987,9.287372412844574e-54,1.0627795518979101e-51,15.436596
KCMF1,15.427844,2.1628962,1.0636427648627787e-53,1.2100791641183054e-51,15.427844
PARL,15.427083,3.8318956,1.076257568165494e-53,1.2173530690093865e-51,15.427083
DOCK2,15.423049,1.6024072,1.145645635773662e-53,1.288390448322932e-51,15.423049
RASGRP1,15.389715,1.5620099,1.9187620157936502e-53,2.1333144957414854e-51,15.389715
FTX,15.3872795,1.96754,1.992349098491816e-53,2.202615093745077e-51,15.3872795
SLC35F1,15.37084,4.6534863,2.568162702791165e-53,2.823247627427951e-51,15.37084
RORA,15.369318,1.505126,2.6292120424035624e-53,2.874213477416364e-51,15.369318
TBC1D15,15.348313,2.1302774,3.6351786953724006e-53,3.9518431506137296e-51,15.348313
GLCCI1,15.340017,2.2900507,4.13085133322175e-53,4.4658839164907847e-51,15.340017
ATP11B,15.33332,1.74014,4.579692646916047e-53,4.923924489827099e-51,15.33332
BRAF,15.321371,2.178384,5.504395851222377e-53,5.885793334246965e-51,15.321371
HECA,15.303105,1.7839428,7.289364542963776e-53,7.752080726995389e-51,15.303105
SOS1,15.293592,2.2193887,8.436528527427965e-53,8.923567039173535e-51,15.293592
NCOA1,15.28758,2.0982563,9.252502923951495e-53,9.734031033111982e-51,15.28758
UBE2K,15.263759,1.537192,1.3334131933741164e-52,1.3953063833125515e-50,15.263759
RFX7,15.263226,2.5523272,1.3443466428168765e-52,1.3992646333319489e-50,15.263226
U2AF1,15.251581,3.0606463,1.6069315576799417e-52,1.6637268106180475e-50,15.251581
ARPC1A,15.250669,3.7411606,1.6295670776141377e-52,1.6782825565659709e-50,15.250669
SLCO3A1,15.195567,2.2497976,3.7837421504335485e-52,3.8562638749835247e-50,15.195567
DPYD,15.1645155,1.6070262,6.0745245766373294e-52,6.158875487856956e-50,15.1645155
DLG1,15.156905,2.0163233,6.820850994360832e-52,6.844636526033476e-50,15.156905
ZNF148,15.125702,1.7197901,1.0962620589733673e-51,1.0944722433668803e-49,15.125702
MZT2B,15.079201,1.4020962,2.219403855491586e-51,2.182376615289415e-49,15.079201
RNF38,15.039929,2.0742755,4.0197791763336146e-51,3.9329519461248085e-49,15.039929
SPPL3,15.038788,2.6157534,4.08969790173994e-51,3.981453161256076e-49,15.038788
CEP85L,15.034373,1.7401496,4.37163122155515e-51,4.234855432841147e-49,15.034373
VPS54,15.019609,2.9841402,5.462893250225242e-51,5.265906163566873e-49,15.019609
RAD51B,15.001267,2.503663,7.203061581541659e-51,6.909289658216039e-49,15.001267
CAB39,14.925389,1.8367896,2.2531678699052072e-50,2.1507311647953705e-48,14.925389
NSMCE2,14.922802,1.8737576,2.342284911732108e-50,2.224943259843393e-48,14.922802
SAMSN1,14.892359,1.7836434,3.6949841518788917e-50,3.4929202842495725e-48,14.892359
KANSL1,14.849587,1.7124275,6.999829072711103e-50,6.585223812250523e-48,14.849587
ASXL1,14.842662,1.6337346,7.761438623294988e-50,7.232182427649348e-48,14.842662
IFNAR2,14.841215,2.364832,7.930579018155311e-50,7.354766361481665e-48,14.841215
COMMD7,14.839998,2.4669394,8.07585566504938e-50,7.454167153475767e-48,14.839998
PUM2,14.837639,1.5664035,8.3649105138178e-50,7.684721546215339e-48,14.837639
MDFIC,14.832996,1.9426683,8.964108496820428e-50,8.196713788120661e-48,14.832996
ARFGEF1,14.826222,1.8322579,9.915798885203056e-50,9.024760585379227e-48,14.826222
LINC00513,14.821428,3.1589866,1.0649636856350898e-49,9.647782129864554e-48,14.821428
RASSF3,14.815872,1.9694971,1.1567811862845273e-49,1.0431287674292917e-47,14.815872
ANKRD17,14.810697,1.6814818,1.2493830219273236e-49,1.12146454004926e-47,14.810697
PTBP2,14.793117,2.527762,1.6226380316049773e-49,1.4498530138103286e-47,14.793117
CSGALNACT2,14.77348,1.9648409,2.171995919533452e-49,1.931891643337754e-47,14.77348
SMCHD1,14.772035,1.2903072,2.2191079109195125e-49,1.9648644163290959e-47,14.772035
FNBP1,14.725306,1.1930889,4.4346165096485984e-49,3.908854768504675e-47,14.725306
LDLRAD4,14.679109,2.034604,8.773599316417898e-49,7.698735041419975e-47,14.679109
PLEKHA7,14.673858,3.4981334,9.479892501380044e-49,8.281363235134139e-47,14.673858
ATP8A1,14.626519,2.3217862,1.9027561965742464e-48,1.6548059224251045e-46,14.626519
FBXL17,14.610156,2.0625198,2.4196206947068787e-48,2.0950060953108054e-46,14.610156
MED13,14.601557,1.9013498,2.7450656687374226e-48,2.366319163253475e-46,14.601557
C17orf49,14.552467,2.0402458,5.633368691319024e-48,4.834813971567134e-46,14.552467
RNGTT,14.508706,2.1056213,1.0671402514461489e-47,9.079043669694887e-46,14.508706
CCDC91,14.506576,1.5938703,1.1008068767342306e-47,9.324930287417932e-46,14.506576
PPP1R16B,14.492191,1.8572359,1.3574217633268852e-47,1.1449150458957109e-45,14.492191
TNRC6A,14.484505,1.7747735,1.518132688541797e-47,1.2749708347375916e-45,14.484505
MALT1,14.47971,1.6853397,1.6278278776684367e-47,1.3612536713767508e-45,14.47971
DENND4A,14.4490385,1.8519251,2.542079852948668e-47,2.116741215425512e-45,14.4490385
TAP2,14.423391,2.301895,3.6876920957705535e-47,3.057659276696533e-45,14.423391
AP3B1,14.419357,1.530215,3.90965270999651e-47,3.228020431612308e-45,14.419357
SLC27A4,14.419053,2.5344236,3.9269342864167367e-47,3.2286659712858276e-45,14.419053
UTY,14.364942,2.3855362,8.587938568300613e-47,7.03132978679943e-45,14.364942
USP34,14.363114,1.4289594,8.817349998742217e-47,7.189079365641154e-45,14.363114
CRTC3,14.3626585,1.7075441,8.875649479580282e-47,7.206585436366264e-45,14.3626585
SNX9,14.359462,2.2843604,9.294628924534543e-47,7.515590859309585e-45,14.359462
BCAS3,14.357787,2.020281,9.521890880213554e-47,7.667669166420528e-45,14.357787
FCHSD2,14.344773,2.5543716,1.1487530835589696e-46,9.212623089787671e-45,14.344773
STT3B,14.340663,1.5687504,1.218847651173973e-46,9.73486156660094e-45,14.340663
GLRX5,14.325974,2.1374333,1.5059990864736951e-46,1.1979426879722465e-44,14.325974
SCFD1,14.323387,1.7276763,1.5631488308536356e-46,1.2383682721515767e-44,14.323387
R3HCC1L,14.317527,2.4390817,1.7006802043023164e-46,1.3418915418462794e-44,14.317527
MAPK14,14.284345,2.3270211,2.7397481993205248e-46,2.1444557105721612e-44,14.284345
PRKCH,14.281377,1.1968551,2.8589817759022896e-46,2.2288667486396813e-44,14.281377
TBL1X,14.259306,2.7966437,3.9233905194426494e-46,3.046543876367213e-44,14.259306
COG5,14.241649,1.7219557,5.052078237124678e-46,3.907473001741332e-44,14.241649
USP47,14.238528,1.7970988,5.282772086637818e-46,4.069814338241292e-44,14.238528
SRSF9,14.2245245,1.4033633,6.454114989474995e-46,4.952710671139087e-44,14.2245245
ZNF407,14.223231,2.3600657,6.574581888991194e-46,5.025446031397644e-44,14.223231
PTPRA,14.212195,1.5524817,7.69736707466801e-46,5.860781280821153e-44,14.212195
THADA,14.181068,2.0653498,1.2000591386999018e-45,9.101843886077394e-44,14.181068
BACH2,14.179774,2.0838015,1.2223899997571875e-45,9.23541602905353e-44,14.179774
ASCC3,14.177339,1.8040692,1.2655522749344358e-45,9.524741121506555e-44,14.177339
CAMK2D,14.175817,1.8864013,1.2932953763017108e-45,9.6962467139739e-44,14.175817
ZNF644,14.171174,1.5267655,1.3817050038700691e-45,1.0280305519288788e-43,14.171174
CNPY2,14.16912,1.9372791,1.4227330743549945e-45,1.054546999961308e-43,14.16912
SYTL3,14.134415,2.2225268,2.3306303321963513e-45,1.7145027947525638e-43,14.134415
SCLT1,14.118737,2.207063,2.91163037804192e-45,2.133887012641359e-43,14.118737
PREX1,14.114932,1.4940145,3.0731381016279674e-45,2.2438494915170176e-43,14.114932
PDE7A,14.114171,1.823895,3.10649381470615e-45,2.259772154876206e-43,14.114171
ZFP91,14.104429,2.4899266,3.566646852841196e-45,2.5848942820887602e-43,14.104429
TXNL4A,14.090349,1.5198174,4.354029616777592e-45,3.1438985808525433e-43,14.090349
CEMIP2,14.064701,1.7691149,6.258649000793997e-45,4.49571516324015e-43,14.064701
CTSD,14.051687,2.1933446,7.522038311078934e-45,5.371943272671261e-43,14.051687
ITK,14.025582,1.3736612,1.0871557435544695e-44,7.735804941772312e-43,14.025582
SYNE2,14.025202,1.2604884,1.0930028900448431e-44,7.749232084201989e-43,14.025202
SRPK2,14.009981,1.3219826,1.3544152134615926e-44,9.567941118056479e-43,14.009981
ATP9B,13.997499,1.9547796,1.6145226130873862e-44,1.1364380752839559e-42,13.997499
SLMAP,13.975201,1.6624403,2.2089163721786365e-44,1.543716984671127e-42,13.975201
OSBPL8,13.924057,1.312897,4.524761997846794e-44,3.1286410874157614e-42,13.924057
GOLGA4,13.879915,1.4022505,8.384343154176134e-44,5.736532407025126e-42,13.879915
CRYBG1,13.877252,1.6692314,8.701755491361345e-44,5.932959981009017e-42,13.877252
TANK,13.860584,1.5580744,1.0977766266415233e-43,7.458782302125462e-42,13.860584
S100A9,13.8433075,2.5887926,1.3963056416011454e-43,9.454293700640559e-42,13.8433075
ASH1L,13.816366,1.4354014,2.0306526869644742e-43,1.365491813694874e-41,13.816366
ARL4C,13.808831,1.2003387,2.2545913501470047e-43,1.5108850527286501e-41,13.808831
PBRM1,13.8071575,1.5441381,2.307600087525126e-43,1.5411303246652445e-41,13.8071575
TRIP12,13.779911,1.4576005,3.366869121745899e-43,2.2409147950450255e-41,13.779911
SMARCC1,13.759971,1.3560437,4.43704044017657e-43,2.933243490992403e-41,13.759971
PPM1B,13.744521,1.5630381,5.493503890384522e-43,3.607277990840414e-41,13.744521
FBXO33,13.7242775,2.0026054,7.265002048267506e-43,4.754567226772526e-41,13.7242775
CERS6,13.669252,3.029026,1.549795777702709e-42,1.007521720202213e-40,13.669252
UBE3C,13.637059,2.0097144,2.410882597671136e-42,1.5621241944115493e-40,13.637059
RBM27,13.6238165,2.5512362,2.890575591519059e-42,1.8667585206219456e-40,13.6238165
TENT2,13.611259,1.5675735,3.432782795105122e-42,2.20962808337556e-40,13.611259
LARP4B,13.5926895,1.8472624,4.4251776847454254e-42,2.839077932298311e-40,13.5926895
TXNRD1,13.5776205,1.5995711,5.436436083915567e-42,3.4651524850182345e-40,13.5776205
PRKCQ,13.535152,1.3209618,9.698077604786492e-42,6.141488109076443e-40,13.535152
STAG2,13.4537945,1.3355949,2.92468804787452e-41,1.8402024347526886e-39,13.4537945
TRAC,13.442836,1.4055314,3.3918601714244464e-41,2.1273051228985118e-39,13.442836
DIP2B,13.439031,1.802785,3.570857081699133e-41,2.225303546964606e-39,13.439031
PKN2,13.433551,1.7939327,3.845237777050533e-41,2.3886861213118994e-39,13.433551
TNIK,13.412088,1.3197829,5.137147250694856e-41,3.181129664607498e-39,13.412088
JARID2,13.400368,1.8008426,6.016399423971393e-41,3.7138455497877674e-39,13.400368
MAN2A1,13.398922,1.630924,6.134765865277851e-41,3.775003095967201e-39,13.398922
ARID4B,13.32,1.1051928,1.7710820166828127e-40,1.08301665320154e-38,13.32
WWOX,13.306757,2.0847063,2.114624280827496e-40,1.2890644214091104e-38,13.306757
SLC4A7,13.3021145,1.5076597,2.250130064072933e-40,1.367408232726061e-38,13.3021145
KDM6A,13.28598,1.6600688,2.791787435948016e-40,1.6861017452663822e-38,13.28598
AGTPBP1,13.285371,1.7544489,2.8145893643047892e-40,1.6946426055604958e-38,13.285371
ITCH,13.267181,1.735222,3.5882312770002604e-40,2.1538193137527943e-38,13.267181
TMEM131L,13.262919,1.5394533,3.798143054084259e-40,2.272827204095612e-38,13.262919
ARL6IP1,13.2626915,1.4596775,3.809726711689292e-40,2.272827204095612e-38,13.2626915
PTP4A2,13.25607,1.0612503,4.161373244541405e-40,2.475068439184991e-38,13.25607
KMT2C,13.234989,1.3653852,5.510495510435952e-40,3.267556852976082e-38,13.234989
XPO6,13.227758,1.7491515,6.066969644463083e-40,3.5866604834698976e-38,13.227758
CTDNEP1,13.204546,1.4493098,8.25959527694698e-40,4.868185553593328e-38,13.204546
SHLD2,13.199752,2.1516945,8.802494471022436e-40,5.172588943212223e-38,13.199752
FUT8,13.186509,1.8175303,1.0493311010169673e-39,6.147697899610783e-38,13.186509
QKI,13.178289,2.085556,1.1701385390459013e-39,6.835006248373193e-38,13.178289
GSPT1,13.170146,1.3977438,1.3034520391745991e-39,7.591056399573976e-38,13.170146
TRAF3,13.169613,1.7530632,1.3126819680139787e-39,7.622124851660989e-38,13.169613
STIM1,13.169004,1.3931779,1.3233100584710906e-39,7.661103912474054e-38,13.169004
TAB2,13.167863,1.5499135,1.3434688724812382e-39,7.754866931183737e-38,13.167863
RNF19A,13.166417,1.5114802,1.3694422652105721e-39,7.881543013423669e-38,13.166417
NEK7,13.154088,1.694499,1.6121776985254536e-39,9.251346980863951e-38,13.154088
KAT6A,13.1504345,1.3725595,1.6919930620560697e-39,9.680970829916132e-38,13.1504345
CAMK1D,13.135289,2.0846777,2.0669986165266242e-39,1.1792136713758886e-37,13.135289
SRM,13.132702,2.287846,2.138871151525388e-39,1.2166694968909532e-37,13.132702
EEF1E1,13.126918,2.0149806,2.3086380514399703e-39,1.3094327359587635e-37,13.126918
R3HDM2,13.11809,1.8550282,2.5939270665929448e-39,1.466993203441929e-37,13.11809
CARD11,13.092442,1.5680971,3.6372579910628744e-39,2.051120010637416e-37,13.092442
TAOK3,13.034753,1.16028,7.761826211398005e-39,4.339526151561033e-37,13.034753
TNKS,13.029349,2.094102,8.331528910360029e-39,4.63619444650145e-37,13.029349
PPP2R5C,13.029273,1.0346668,8.33984283099198e-39,4.63619444650145e-37,13.029273
RNF111,13.015118,1.7281507,1.0038809836842274e-38,5.549136465743775e-37,13.015118
PCLAF,12.997004,2.1754334,1.2723089351390824e-38,7.013110209239877e-37,12.997004
RASA1,12.996548,1.8153588,1.2799267768501557e-38,7.022559555736172e-37,12.996548
ARID2,12.996471,1.5944148,1.2812008183758246e-38,7.022559555736172e-37,12.996471
CAMKMT,12.980565,1.7714673,1.5771302794433036e-38,8.596458303104893e-37,12.980565
ZCCHC7,12.965724,1.4754394,1.914141042389354e-38,1.0404419977076356e-36,12.965724
GPS2,12.94898,1.5741149,2.380942979631323e-38,1.2905898123386629e-36,12.94898
GPRIN3,12.941979,1.2567699,2.608232526613616e-38,1.4098865768169956e-36,12.941979
HELZ,12.932846,1.2929379,2.9374004788480197e-38,1.5834449743828666e-36,12.932846
FAM89B,12.930182,2.2514062,3.0409641015567645e-38,1.6347688334962298e-36,12.930182
FNDC3A,12.923942,1.8953581,3.2980324140691657e-38,1.768106802150834e-36,12.923942
GMDS,12.915494,1.6695793,3.6807469953860803e-38,1.9678922733801863e-36,12.915494
KLHL5,12.914733,2.4688911,3.7173208100280825e-38,1.9820308885730116e-36,12.914733
PITPNC1,12.885127,1.5512563,5.458527975247733e-38,2.8790424641414455e-36,12.885127
UBR1,12.855446,1.594186,8.016227783908728e-38,4.20540335859319e-36,12.855446
EPB41,12.854228,1.1238837,8.143458374322468e-38,4.260727098094708e-36,12.854228
TM9SF3,12.853086,1.697678,8.264559370264865e-38,4.3125572735291434e-36,12.853086
LINC00342,12.851184,2.322282,8.470385156495696e-38,4.4082047005932927e-36,12.851184
AGFG1,12.834745,2.040409,1.0474736729662501e-37,5.436860698303337e-36,12.834745
TRPC4AP,12.829266,1.532569,1.1242524449812614e-37,5.819939641109345e-36,12.829266
WTAP,12.819295,1.1041927,1.278572151235803e-37,6.601345608280262e-36,12.819295
SLC9A9,12.813055,1.6466221,1.3857027525721323e-37,7.116911144968894e-36,12.813055
MAP3K2,12.803694,1.5309794,1.5633485316634335e-37,8.008273316123054e-36,12.803694
ZNF831,12.7993555,1.6033792,1.6531767755712641e-37,8.446308914981332e-36,12.7993555
BLOC1S1,12.74433,1.1490754,3.3525660441532523e-37,1.7084117799997613e-35,12.74433
RBM38,12.738394,1.7405286,3.6176439374091784e-37,1.838702767979813e-35,12.738394
TMEM181,12.738166,1.8714608,3.6282450476791218e-37,1.839313448004794e-35,12.738166
JMJD1C,12.725304,1.2999933,4.2780729698724735e-37,2.1631351905546398e-35,12.725304
MAPK8,12.711225,2.4311178,5.1226183237535465e-37,2.583489571113644e-35,12.711225
APOO,12.703081,3.0097725,5.684698869668607e-37,2.8595935085263576e-35,12.703081
GPBP1L1,12.681923,1.5071238,7.448165992047605e-37,3.737069541856091e-35,12.681923
NDUFA9,12.667387,1.5151998,8.965141247392409e-37,4.486697798695004e-35,12.667387
PPP3CB,12.644631,1.7071631,1.1978556582819659e-36,5.979499877872834e-35,12.644631
BICRAL,12.64075,1.6950831,1.2584842215187738e-36,6.266162658188134e-35,12.64075
UBE2H,12.639836,1.5824741,1.2731873320943903e-36,6.323281653406861e-35,12.639836
PAM,12.625452,2.1979806,1.5286083463643438e-36,7.572609651052526e-35,12.625452
MON2,12.623626,1.5586741,1.5644902931675477e-36,7.730794458763276e-35,12.623626
ANKIB1,12.61845,1.818144,1.6707656970417686e-36,8.235149410507134e-35,12.61845
VMP1,12.608253,1.2752061,1.9016368082114217e-36,9.349555040975151e-35,12.608253
SREBF2,12.607035,1.894585,1.931240935184928e-36,9.471308927242776e-35,12.607035
RAB4B,12.591889,2.5371487,2.3400476839065474e-36,1.144751326967083e-34,12.591889
VTI1A,12.589302,1.425733,2.4180319909856785e-36,1.1799513715612907e-34,12.589302
DENND4C,12.586866,1.4057986,2.493786369918354e-36,1.2108787018998102e-34,12.586866
TLK2,12.578266,2.1340768,2.780658418809326e-36,1.3468298004767547e-34,12.578266
ASAP1,12.575907,2.01613,2.8649363971525218e-36,1.3842240844316184e-34,12.575907
POU2F1,12.5651,2.1912522,3.284604388706807e-36,1.579192596516334e-34,12.5651
ERBIN,12.564262,1.2957332,3.319555247441704e-36,1.5920847324004724e-34,12.564262
MARK3,12.559163,1.4073869,3.5405624175223576e-36,1.6939297160410144e-34,12.559163
MAPK1,12.539757,1.6020523,4.523844580411248e-36,2.1538343248050438e-34,12.539757
STAT4,12.537017,1.5183964,4.6829633351814696e-36,2.2241802558939563e-34,12.537017
VOPP1,12.524078,1.2258991,5.512798110352761e-36,2.6119717535928043e-34,12.524078
TRPS1,12.521719,2.4506533,5.679161873412269e-36,2.6842956410369877e-34,12.521719
PPP1R14B,12.519588,2.7345111,5.8337092230557467e-36,2.750699327150719e-34,12.519588
CCDC88C,12.476969,1.197782,9.971116447655883e-36,4.679012149825668e-34,12.476969
ARHGEF3,12.474914,1.2977989,1.0231709828890537e-35,4.789810955304546e-34,12.474914
NRF1,12.466162,1.975749,1.1419586064209632e-35,5.333137472660003e-34,12.466162
PIK3CA,12.460606,1.9329104,1.2243728780884205e-35,5.704411542484336e-34,12.460606
NOL10,12.440209,1.9358852,1.5808957592220535e-35,7.347973448089583e-34,12.440209
CDK17,12.426967,1.6226509,1.8658102454116993e-35,8.651700209055954e-34,12.426967
MSI2,12.416921,1.4963864,2.115487909494129e-35,9.76317627664649e-34,12.416921
KLF13,12.410452,1.4236071,2.2935590563371836e-35,1.0560085556330825e-33,12.410452
DENND6A,12.405504,1.7272199,2.439711328103475e-35,1.1206636447964508e-33,12.405504
FRYL,12.384347,1.2703671,3.1766016621338973e-35,1.4523304047812174e-33,12.384347
BPTF,12.383814,1.1425784,3.197764589932357e-35,1.45859807682509e-33,12.383814
CDC14A,12.380389,1.3718442,3.337196893194946e-35,1.5186574140939233e-33,12.380389
USP9Y,12.379477,2.4708555,3.3753882436777143e-35,1.5324732517931673e-33,12.379477
PDS5B,12.376204,1.6091928,3.5158412939006204e-35,1.5925458897927625e-33,12.376204
XPR1,12.373159,2.1465461,3.6517023661017965e-35,1.6464634078313355e-33,12.373159
TBC1D22A,12.372246,1.3682059,3.693468726318849e-35,1.6614665755541893e-33,12.372246
USP15,12.358775,1.0753964,4.3676079648333125e-35,1.9602145104554647e-33,12.358775
HIVEP1,12.349414,2.4836848,4.906748183360175e-35,2.1971452735009593e-33,12.349414
ATR,12.329474,1.6260244,6.28555410563726e-35,2.8081215237239703e-33,12.329474
STXBP5,12.327115,2.432334,6.472284140557947e-35,2.884957996866467e-33,12.327115
EPS15,12.322168,1.2163019,6.881897119164544e-35,3.0536272750070702e-33,12.322168
NT5C2,12.31783,1.7572001,7.26223020903841e-35,3.215097754082887e-33,12.31783
PPP2R2D,12.312731,2.3033977,7.736063610090784e-35,3.4171397905701234e-33,12.312731
PIBF1,12.30101,1.8183496,8.944819352631303e-35,3.942167231808319e-33,12.30101
TLK1,12.28518,1.2165353,1.0880228008034234e-34,4.7843663294654806e-33,12.28518
HECTD4,12.28069,1.8715608,1.1501321069277099e-34,5.0461401498568226e-33,12.28069
MYCBP2,12.276048,1.1089513,1.218051326271622e-34,5.332176365208747e-33,12.276048
S100A8,12.268436,2.931019,1.3381180283511265e-34,5.8447083881193846e-33,12.268436
DYM,12.255803,1.5065366,1.5639220475770464e-34,6.815774304451591e-33,12.255803
CDC27,12.255423,1.5436667,1.571280834313695e-34,6.832627414633419e-33,12.255423
TMEM131,12.251541,1.803355,1.648333543380367e-34,7.151793963828607e-33,12.251541
USP24,12.217674,1.689788,2.501401495038892e-34,1.0781371025313005e-32,12.217674
TMEM238,12.21638,3.0413456,2.5415197014289065e-34,1.0930210443419966e-32,12.21638
USP3-AS1,12.198114,3.9996967,3.1810493763735724e-34,1.362073833629717e-32,12.198114
RFX3,12.190199,1.7789392,3.5056270093296646e-34,1.4977753126323773e-32,12.190199
RUNX3,12.183273,1.4351505,3.816492522105907e-34,1.6270397750014898e-32,12.183273
ANKHD1,12.179621,1.6402369,3.991343762992831e-34,1.6978829294400808e-32,12.179621
ZFC3H1,12.177489,1.4811257,4.096991475821786e-34,1.7390440173292995e-32,12.177489
ITPR2,12.164475,1.5436772,4.805225038382479e-34,2.0352520249148992e-32,12.164475
CEP128,12.151537,2.1881974,5.629696739693144e-34,2.379306820784351e-32,12.151537
PIAS1,12.14385,1.223643,6.18456308379393e-34,2.608179534993095e-32,12.14385
MAZ,12.143318,1.369366,6.224972924720322e-34,2.6195757030306935e-32,12.143318
TRIM33,12.139969,1.6128894,6.485051774967133e-34,2.7231650886814775e-32,12.139969
PELI1,12.133196,1.4480487,7.044572095717165e-34,2.9517813012632435e-32,12.133196
HDGF,12.1258135,1.7005838,7.709104119336654e-34,3.22332797878589e-32,12.1258135
NIPBL,12.122008,1.1558634,8.07559955110354e-34,3.3693674203836684e-32,12.122008
STAT5B,12.121018,1.3074054,8.173690265111536e-34,3.4030376831426075e-32,12.121018
NME1,12.112267,2.3122025,9.094602408343349e-34,3.7704063543742086e-32,12.112267
RBM26,12.110135,1.5401478,9.333998265947645e-34,3.8614731092613853e-32,12.110135
EXOC6,12.108385,1.8484569,9.53531948265429e-34,3.936437376299138e-32,12.108385
ERC1,12.079465,1.9995391,1.3559999103452018e-33,5.562726676233733e-32,12.079465
MYO9B,12.076649,1.4878466,1.4032349436386586e-33,5.74445635504629e-32,12.076649
RABGAP1,12.076268,1.878925,1.4097421560077638e-33,5.759046870304785e-32,12.076268
MXD4,12.062264,2.0667353,1.6712380658634917e-33,6.798916106614721e-32,12.062264
BABAM2,12.049022,1.5498337,1.9626501435413964e-33,7.967870956186317e-32,12.049022
NUP98,12.025429,1.3136601,2.6122810034195607e-33,1.0539611273178136e-31,12.025429
DDT,12.008457,1.1351155,3.207736724394272e-33,1.291543049854879e-31,12.008457
ATAD2B,12.006783,1.6911858,3.273330769975622e-33,1.3152471561988289e-31,12.006783
SMAD3,11.993084,1.7846378,3.862533642548459e-33,1.5456453643637676e-31,11.993084
DDHD1,11.988593,1.4768375,4.0777078322432885e-33,1.628420140027279e-31,11.988593
GPATCH8,11.985321,1.1874602,4.241990468948938e-33,1.6905757534906889e-31,11.985321
MYO5A,11.985017,1.6934623,4.2576027297960644e-33,1.6933489881432802e-31,11.985017
ZNF292,11.968044,1.1038346,5.224540231471249e-33,2.073707976661854e-31,11.968044
SDHAF2,11.959749,1.7288183,5.773615957291066e-33,2.2870064180621777e-31,11.959749
PUM1,11.958684,1.2263944,5.848170549636641e-33,2.3118586124300967e-31,11.958684
WDR33,11.943386,1.1918135,7.03017287972379e-33,2.7679360746566424e-31,11.943386
CEP192,11.940114,1.9086484,7.31232974968904e-33,2.873246356263356e-31,11.940114
EPC2,11.922076,2.062231,9.081660837098345e-33,3.5541987852068086e-31,11.922076
RPL17,11.914009,1.0273017,1.0004860363049771e-32,3.9076867781269045e-31,11.914009
PARP4,11.907007,1.3327628,1.0881300786204325e-32,4.241539716821638e-31,11.907007
NFAT5,11.906246,1.5068432,1.0981044415421111e-32,4.27191008192764e-31,11.906246
GNAQ,11.888514,2.0694172,1.3580223575866955e-32,5.2621349491596945e-31,11.888514
KIZ-AS1,11.877173,2.9021242,1.5553810135454478e-32,6.00309579350243e-31,11.877173
KAT2B,11.875956,1.7495533,1.5781981698704115e-32,6.079169643311853e-31,11.875956
ADNP,11.873749,1.861775,1.620404723273967e-32,6.229485191556973e-31,11.873749
PVT1,11.872835,1.4628596,1.6381956481213687e-32,6.285531851458616e-31,11.872835
SPATA13,11.861952,1.4556961,1.8657356079511335e-32,7.144562500271582e-31,11.861952
CNOT4,11.854569,1.498318,2.0376780459487294e-32,7.7877507818602995e-31,11.854569
MICU2,11.847188,1.3713356,2.2253458993059444e-32,8.488414923512421e-31,11.847188
RAB10,11.843458,1.19219,2.3265735978934124e-32,8.857274739995776e-31,11.843458
NDUFAF6,11.843001,1.9155245,2.3392789240774226e-32,8.888351453659613e-31,11.843001
MRPL12,11.841479,3.0214698,2.3821296822306084e-32,9.033626670908633e-31,11.841479
WWP2,11.839577,1.5506487,2.4367907423291315e-32,9.223040859941286e-31,11.839577
ATP13A3,11.836533,1.5896273,2.526850366981422e-32,9.545445556195456e-31,11.836533
LPP,11.82192,1.360999,3.00730911169928e-32,1.133854040418719e-30,11.82192
EML4,11.814005,1.0000786,3.304371204999146e-32,1.2434603026812172e-30,11.814005
SCAF8,11.812559,1.5506088,3.361708023758017e-32,1.2626084953723008e-30,11.812559
RUNX2,11.810809,1.8059999,3.432438953705695e-32,1.2867043188910546e-30,11.810809
SLFN12L,11.781736,1.6128693,4.84840853318832e-32,1.8105659957524626e-30,11.781736
LYST,11.767123,1.8901261,5.76570478736754e-32,2.1490154529372953e-30,11.767123
RAB5C,11.750152,1.073928,7.04920693548926e-32,2.622412192274788e-30,11.750152
TGFBR2,11.733484,1.4815215,8.585023992282189e-32,3.1816619219882174e-30,11.733484
PRDM2,11.728157,1.2431806,9.142761210534201e-32,3.381957492773785e-30,11.728157
SPECC1L,11.719633,2.275249,1.0110888004253644e-31,3.7330161597591565e-30,11.719633
FBXL20,11.715599,1.7310135,1.0603847757664569e-31,3.907647700978913e-30,11.715599
PHTF2,11.714382,1.2696766,1.0757302170449493e-31,3.95674603141646e-30,11.714382
SCAPER,11.711794,1.789942,1.1090752117549566e-31,4.071741790548028e-30,11.711794
SGMS1,11.701216,1.5562917,1.2564096944135086e-31,4.604012153611149e-30,11.701216
RIC1,11.700683,1.6349132,1.2643228937883001e-31,4.624349604794291e-30,11.700683
SEC24B,11.69429,1.6483846,1.3632299985161453e-31,4.976806830403719e-30,11.69429
PYHIN1,11.686831,1.2693392,1.488366361585546e-31,5.4235294159228984e-30,11.686831
STRN,11.686527,1.6800697,1.4937093523516444e-31,5.432881897177877e-30,11.686527
EVI2B,11.684396,1.1800246,1.531647267206073e-31,5.560533158569283e-30,11.684396
MAP2K4,11.683331,2.0406632,1.5509734235410074e-31,5.6199368168021575e-30,11.683331
WNK1,11.683178,1.0752449,1.5537539952422155e-31,5.6199368168021575e-30,11.683178
MAP4K4,11.680134,1.3130685,1.6104164784465198e-31,5.814138311852675e-30,11.680134
KDM7A,11.668262,1.8565079,1.8516897126495538e-31,6.660636819324719e-30,11.668262
SFMBT1,11.65403,1.8919389,2.1885999587553817e-31,7.858077796867029e-30,11.65403
CPB2-AS1,11.650529,3.3280122,2.280401800319458e-31,8.172692752500212e-30,11.650529
GPHN,11.643602,2.010018,2.4734198846545812e-31,8.84824137164915e-30,11.643602
MCM9,11.642309,1.8257982,2.511236027760004e-31,8.967128940001415e-30,11.642309
HIVEP2,11.639493,1.2618507,2.5955374218664994e-31,9.251270723330357e-30,11.639493
BCL7C,11.635307,1.683236,2.726068956136988e-31,9.681255414462538e-30,11.635307
PPP2R5A,11.611334,1.3450321,3.6094152150496065e-31,1.2771977744681862e-29,11.611334
RLF,11.608974,1.6197984,3.710393397038118e-31,1.3093625858523588e-29,11.608974
THEMIS,11.608898,1.4928569,3.7136970316233603e-31,1.3093625858523588e-29,11.608898
ARHGAP26,11.597102,2.2837906,4.262708634532437e-31,1.4988667158234826e-29,11.597102
TRAPPC9,11.597026,1.5220201,4.26650020806255e-31,1.4988667158234826e-29,11.597026
WDR70,11.5954275,1.455226,4.346901166638669e-31,1.5243756635983058e-29,11.5954275
CLPTM1L,11.584772,1.7070096,4.9227175374329e-31,1.7232153268781214e-29,11.584772
FAR1,11.58287,1.839378,5.033233912300771e-31,1.758755735641098e-29,11.58287
RNF169,11.581043,2.1898105,5.1416457918073126e-31,1.793435380643235e-29,11.581043
KDM4C,11.577999,1.3358679,5.327506959655657e-31,1.8549582951341975e-29,11.577999
CCSER2,11.572976,1.3171222,5.648867348936204e-31,1.9633576604615213e-29,11.572976
COMMD10,11.572443,1.5264448,5.684059810326511e-31,1.9720865668168292e-29,11.572443
LCOR,11.567649,1.6209741,6.010747666297029e-31,2.081740005913279e-29,11.567649
STIM2,11.56194,1.40766,6.424040336297088e-31,2.2209473728032052e-29,11.56194
CLASP2,11.554482,1.555433,7.006857919116398e-31,2.4181692374121637e-29,11.554482
TSNAX,11.54984,1.9306332,7.395829581317038e-31,2.54791537407063e-29,11.54984
BCL2,11.545578,1.5687181,7.7717541401008916e-31,2.6727185415376845e-29,11.545578
CREBBP,11.542077,1.264141,8.094691910731268e-31,2.7788935317401654e-29,11.542077
CLASP1,11.531194,1.6203774,9.186123166517444e-31,3.142553463678555e-29,11.531194
SLC20A2,11.522213,2.3552983,1.0195822371597346e-30,3.4818822367786536e-29,11.522213
SP3,11.517343,1.1989449,1.0788766205189128e-30,3.6715578626633193e-29,11.517343
ATP2C1,11.513842,1.7447003,1.1235966404715273e-30,3.8104920382576856e-29,11.513842
MBTD1,11.510569,2.407239,1.1670620756212864e-30,3.944226372324237e-29,11.510569
NCOA6,11.498696,2.1164699,1.339232213123905e-30,4.5182924045532024e-29,11.498696
SMAD4,11.488498,1.6149242,1.50709743345714e-30,5.075883404111759e-29,11.488498
WRN,11.4874325,2.1264305,1.5257975868531018e-30,5.130035597859363e-29,11.4874325
UBR2,11.483247,1.1982449,1.601518709215487e-30,5.375389039781931e-29,11.483247
CTCF,11.477691,1.2435188,1.7078104017649845e-30,5.722334579064592e-29,11.477691
VPS13C,11.456305,1.060285,2.186455993762792e-30,7.313601860846208e-29,11.456305
GSK3B,11.450444,1.3793583,2.3394249150198134e-30,7.811922651383568e-29,11.450444
UBA6,11.436441,1.4937708,2.749337852672118e-30,9.165084003592505e-29,11.436441
RAP1GDS1,11.428906,1.2939543,2.9986114949299225e-30,9.97905267564434e-29,11.428906
ZNF451,11.420991,1.6151044,3.284653581853117e-30,1.0912411084839014e-28,11.420991
CASD1,11.400747,2.5718055,4.145462307198617e-30,1.3748882445298736e-28,11.400747
SMARCA2,11.393517,1.1846298,4.504342091089827e-30,1.4913869042038196e-28,11.393517
YAF2,11.382254,1.4413407,5.125799929893939e-30,1.6942846795298075e-28,11.382254
VKORC1,11.375099,2.0254009,5.563954453918632e-30,1.836011142567956e-28,11.375099
HIVEP3,11.368402,1.5282774,6.00774854607368e-30,1.9791182415752488e-28,11.368402
RNPEPL1,11.366347,1.3649021,6.1508277122319434e-30,2.0228470029068013e-28,11.366347
SSBP4,11.356072,1.2348778,6.918554012930654e-30,2.271514512164883e-28,11.356072
ACBD3,11.34009,1.8350321,8.305875625067423e-30,2.72243507925158e-28,11.34009
KLHL20,11.322281,2.0349352,1.0178802178193008e-29,3.3307491809846285e-28,11.322281
XKR6,11.321749,2.6391766,1.024085831462596e-29,3.3454610267212153e-28,11.321749
PRIM2,11.320378,1.7198784,1.0402160571706853e-29,3.392491301119328e-28,11.320378
CAPNS1,11.319313,1.2223113,1.0529358781294411e-29,3.4282611086916646e-28,11.319313
NUP153,11.314823,1.8736191,1.1082586005068152e-29,3.6023927399862724e-28,11.314823
TMEM245,11.302494,1.5795505,1.2754397386936268e-29,4.132086888535908e-28,11.302494
RALGAPA1,11.300591,1.4301968,1.3033786260257005e-29,4.215621975879489e-28,11.300591
MTMR1,11.296634,2.0153568,1.3634516748949033e-29,4.402643956162288e-28,11.296634
FOXN3,11.29397,1.11061,1.4054244194580846e-29,4.530699347603921e-28,11.29397
ANKRD13C,11.288338,1.7744163,1.4984346329339225e-29,4.822593568626808e-28,11.288338
MAN1A1,11.2880335,2.5297089,1.5036326715082318e-29,4.831376702146647e-28,11.2880335
AKT3,11.283848,1.6255186,1.5769467745754825e-29,5.0586384401464e-28,11.283848
NPC1,11.258733,1.6448466,2.097539398260717e-29,6.717618812629413e-28,11.258733
ERO1A,11.253481,1.3808938,2.2262845866378745e-29,7.106678106252843e-28,11.253481
GIGYF2,11.250741,1.3287178,2.2965380251533197e-29,7.318999360944651e-28,11.250741
MEF2A,11.249599,1.6476314,2.3264555163968387e-29,7.402289682089973e-28,11.249599
MTAP,11.246555,2.1511593,2.4081394886882764e-29,7.649752193937044e-28,11.246555
GPCPD1,11.220603,1.43738,3.2305961613430944e-29,1.0245754568097516e-27,11.220603
REV3L,11.217255,1.4502246,3.3552599828771705e-29,1.0623904101123055e-27,11.217255
RAPGEF6,11.196096,1.6972185,4.260960364081959e-29,1.346986630118833e-27,11.196096
TMEM87A,11.187878,1.2392869,4.67491137275097e-29,1.4754623506772738e-27,11.187878
UBE2W,11.187117,2.0208888,4.7152012321164404e-29,1.4857819276981403e-27,11.187117
FOXK2,11.18605,2.1614115,4.7721864439515155e-29,1.5013206484765798e-27,11.18605
TET2,11.176385,1.622489,5.321355134934026e-29,1.671400919428395e-27,11.176385
INVS,11.176157,2.4701622,5.335058600705985e-29,1.673019658631646e-27,11.176157
ANKRD28,11.154695,1.4780775,6.792540247287925e-29,2.1266628409428817e-27,11.154695
ATG7,11.133385,1.958272,8.629485876269258e-29,2.6974725180005886e-27,11.133385
SLC25A26,11.1313305,1.3779469,8.830770282121243e-29,2.7559890411570732e-27,11.1313305
PRKDC,11.128742,1.1570855,9.090877372279231e-29,2.8326479047891718e-27,11.128742
PPP1R12B,11.121208,2.3123446,9.892330135335606e-29,3.0774740236605267e-27,11.121208
NBAS,11.116413,1.4149787,1.043844551913404e-28,3.242214316165316e-27,11.116413
ATG5,11.109336,1.2096989,1.1299726058431904e-28,3.5041686134927976e-27,11.109336
NFATC3,11.109183,1.124248,1.1319002419754015e-28,3.5045923947744705e-27,11.109183
GMDS-DT,11.107889,1.8033851,1.1484174193385256e-28,3.550115649544434e-27,11.107889
FMNL1,11.091831,1.0593606,1.374452768743559e-28,4.2354790202793644e-27,11.091831
MIR4435-2HG,11.085057,1.1983861,1.4825510180038697e-28,4.56140854092763e-27,11.085057
TBCK,11.062986,1.8251222,1.896745210832984e-28,5.8266107198712444e-27,11.062986
CD96,11.060246,1.1592242,1.9555864878326962e-28,5.988562815948388e-27,11.060246
RAB1A,11.0502,1.2501553,2.1872519018889587e-28,6.66668928600672e-27,11.0502
RYBP,11.040839,2.6038225,2.4275395563995673e-28,7.387572945509601e-27,11.040839
MFSD14B,11.036959,1.7009847,2.5346891033122877e-28,7.701676455530255e-27,11.036959
KDM2A,11.030185,1.2060028,2.7330297878649594e-28,8.29146153316923e-27,11.030185
MIR181A1HG,11.02265,1.9570017,2.971783546187151e-28,8.987922786984571e-27,11.02265
RRP36,11.014583,1.819152,3.2503840685384473e-28,9.800233505879868e-27,11.014583
ARMH3,11.012452,1.5538,3.328205199869236e-28,1.0019433746314032e-26,11.012452
CDK13,11.011311,1.2091463,3.3706524623058174e-28,1.0131632470414783e-26,11.011311
EYA3,11.002026,2.2223191,3.736440064492958e-28,1.1213904782515062e-26,11.002026
NR2C2,11.001265,1.8997751,3.7681129956643636e-28,1.1291643966180746e-26,11.001265
TTC17,10.996318,1.1609144,3.980578268781451e-28,1.191008494854976e-26,10.996318
UVRAG,10.991142,1.3842258,4.215573063407176e-28,1.2593944077061316e-26,10.991142
DIAPH1,10.974399,1.0211719,5.074230611027165e-28,1.511302048654179e-26,10.974399
EFR3A,10.973485,1.1947005,5.1257612888024995e-28,1.5243297401107495e-26,10.973485
AGPS,10.950273,1.6716727,6.624765943593601e-28,1.964142727033933e-26,10.950273
CD55,10.934519,1.154416,7.882290776692282e-28,2.333444265027452e-26,10.934519
RERE,10.928202,1.3990022,8.450611052690848e-28,2.4979087172062615e-26,10.928202
EIF4E3,10.912981,1.5071008,9.992508081074618e-28,2.944780092326327e-26,10.912981
SRSF2,10.911154,1.0819306,1.019535066781618e-27,2.9955348628802855e-26,10.911154
TUT4,10.909784,1.1170483,1.0350157758369477e-27,3.0364600751990097e-26,10.909784
AEBP2,10.898064,1.7237246,1.1773574437005476e-27,3.448881805139568e-26,10.898064
TSPAN5,10.884822,1.4369798,1.3616522285806812e-27,3.982781884733448e-26,10.884822
TBK1,10.864273,1.6472708,1.7057690143785693e-27,4.9818638915462454e-26,10.864273
SEMA4D,10.861076,1.1773841,1.7665486764719897e-27,5.144021503155342e-26,10.861076
UBE2Q1,10.854227,1.9216552,1.904117571151105e-27,5.536370376268176e-26,10.854227
VWA8,10.848138,1.7316033,2.035289827118729e-27,5.908983877901971e-26,10.848138
MTREX,10.841365,1.2856451,2.191769628602938e-27,6.344459776997381e-26,10.841365
PLEKHM2,10.83931,2.2381353,2.241558221955294e-27,6.47899723592632e-26,10.83931
SCFD2,10.828579,1.8842899,2.5203675010485057e-27,7.27412260479604e-26,10.828579
RAB22A,10.818457,1.56325,2.814773970618925e-27,8.111855236682051e-26,10.818457
MOSMO,10.8053665,2.4268847,3.246586352147269e-27,9.328810828020231e-26,10.8053665
STRN3,10.773858,1.7843695,4.5742194088089356e-27,1.3105172092470462e-25,10.773858
LRCH3,10.766552,1.5014462,4.952005767482225e-27,1.4166790768726927e-25,10.766552
SMG6,10.764573,1.3592442,5.05954223357134e-27,1.4453302544018099e-25,10.764573
BICDL1,10.746613,1.8709397,6.1478398598940626e-27,1.7511052456827804e-25,10.746613
KDM3B,10.7325325,1.5595983,7.160643687195996e-27,2.0366202859164427e-25,10.7325325
PTPN2,10.731999,1.0494506,7.202053929641355e-27,2.0454251276519891e-25,10.731999
DTNBP1,10.730782,1.6664597,7.297599688680405e-27,2.0695569667840316e-25,10.730782
ADD1,10.726292,1.0798063,7.660913168020913e-27,2.1694464380873115e-25,10.726292
RAD23B,10.718452,1.0606163,8.33865870298487e-27,2.357960599711097e-25,10.718452
ATF6,10.715941,1.4670663,8.568127269973815e-27,2.4193523004162715e-25,10.715941
ZFR,10.714343,1.1131908,8.717401264112227e-27,2.457955445765822e-25,10.714343
MRPL1,10.712364,1.4589353,8.905793566545863e-27,2.50746141741251e-25,10.712364
WWP1,10.706428,1.1699346,9.495531234765766e-27,2.6658329297259184e-25,10.706428
PDE4D,10.703612,1.4284484,9.788660455022608e-27,2.744190655929547e-25,10.703612
IP6K1,10.693566,1.5940273,1.0909418248233343e-26,3.0540128223380555e-25,10.693566
IMP3,10.691587,1.3132422,1.1144727968466506e-26,3.115429098385037e-25,10.691587
MAML2,10.682378,1.4118571,1.2307747412447881e-26,3.435634826915551e-25,10.682378
RNF13,10.679714,1.3003186,1.2666054131294408e-26,3.530617482067934e-25,10.679714
FAM222B,10.675148,2.28941,1.330451263312486e-26,3.7033101451634036e-25,10.675148
RABEP1,10.671039,1.2864069,1.3906350123122577e-26,3.865333227404298e-25,10.671039
DENND1B,10.668983,1.2986808,1.421731305570414e-26,3.9438005879282716e-25,10.668983
ADAM17,10.668527,1.6053518,1.4287346688400242e-26,3.954381895312814e-25,10.668527
SQOR,10.665939,1.1662024,1.469071303616278e-26,4.0602806877349337e-25,10.665939
NLRP1,10.662591,1.2235243,1.5229517685762156e-26,4.203260960155061e-25,10.662591
CSNK2A2,10.645771,2.114882,1.8246728289783234e-26,5.021828117784505e-25,10.645771
ASB3,10.631463,1.6199065,2.1274845334745195e-26,5.835379321082792e-25,10.631463
PBX3,10.631387,2.5292344,2.129221604278983e-26,5.835379321082792e-25,10.631387
DNAJC1,10.624081,1.2402225,2.302696502190915e-26,6.301981140541514e-25,10.624081
FOXJ3,10.615785,1.2759824,2.5166972916759428e-26,6.87803527982051e-25,10.615785
CORO7,10.614187,1.1598059,2.5601368002207226e-26,6.986995384479652e-25,10.614187
CCZ1,10.609545,1.9830999,2.690578566323973e-26,7.332763424209959e-25,10.609545
ABCF2,10.609012,3.72059,2.7059624491007676e-26,7.364432990821115e-25,10.609012
RPTOR,10.603684,1.3705415,2.8646786879414933e-26,7.785560078560992e-25,10.603684
HDAC4,10.6019335,1.6787385,2.9188162565227613e-26,7.921691609935839e-25,10.6019335
GBF1,10.598889,1.3445584,3.0153949542964193e-26,8.172472086658217e-25,10.598889
ELP4,10.5876255,1.6976337,3.401089490250653e-26,9.205051057430813e-25,10.5876255
GABPB1,10.58481,1.9586387,3.504919008839837e-26,9.472963420577063e-25,10.58481
APC,10.557564,1.7818395,4.686679553542488e-26,1.2632086157537108e-24,10.557564
MSH3,10.553606,1.5064996,4.888409175673253e-26,1.3157687861014334e-24,10.553606
GATAD2B,10.549953,1.1551533,5.0822495587012136e-26,1.3660640022618866e-24,10.549953
EHMT1,10.547746,1.159413,5.203033623387806e-26,1.3946981088007204e-24,10.547746
ORC2,10.544017,1.8492692,5.413615911346145e-26,1.4491605492916738e-24,10.544017
PIK3C2A,10.532372,1.7618375,6.12704707580692e-26,1.6356624444664366e-24,10.532372
MAP4K5,10.531459,1.7498603,6.186791995055636e-26,1.64936165884535e-24,10.531459
HEBP2,10.519053,1.3175831,7.057878151220054e-26,1.876474995422201e-24,10.519053
RAP1GAP2,10.5130415,1.2324407,7.522759959300136e-26,1.9973591164665543e-24,10.5130415
RPS6KA5,10.50467,1.3389362,8.221009393765095e-26,2.1768431910310605e-24,10.50467
RB1,10.500103,1.2118545,8.628564995835647e-26,2.281672430250161e-24,10.500103
ZFAND6,10.498049,1.0481731,8.818438479493998e-26,2.328734199281222e-24,10.498049
PPP4R3A,10.4904375,1.0383953,9.558448162934122e-26,2.5173581918209274e-24,10.4904375
FAM193A,10.475217,1.7980676,1.122804060463339e-25,2.9491315241807537e-24,10.475217
KLHL2,10.473009,2.511195,1.1493005083925016e-25,3.0146799394402777e-24,10.473009
PSPC1,10.465246,1.0766237,1.2475135509816659e-25,3.2635488189317166e-24,10.465246
PHC3,10.452309,1.099419,1.4300143825712758e-25,3.73598417064816e-24,10.452309
NSD1,10.446525,1.1099709,1.519936720205659e-25,3.965616232131245e-24,10.446525
TTC19,10.440055,1.364024,1.6271588023953025e-25,4.228451984763783e-24,10.440055
TNPO3,10.435793,1.3243583,1.7018614148237958e-25,4.416714080274806e-24,10.435793
CTBP1,10.4334345,1.4032916,1.7446659702360888e-25,4.521804464315203e-24,10.4334345
MFSD6,10.432978,1.6360782,1.7530731270007395e-25,4.5375839879828665e-24,10.432978
BTRC,10.425366,2.0501697,1.8992516851662417e-25,4.9094527047996065e-24,10.425366
NCOA3,10.423007,1.2056412,1.946973446464231e-25,5.02617102907811e-24,10.423007
ARHGAP25,10.416691,1.0629747,2.080674478920983e-25,5.364247457645032e-24,10.416691
PI4KA,10.403601,1.4518439,2.3873868502181156e-25,6.146892879614222e-24,10.403601
RPRD2,10.375974,1.2978922,3.1894428127117007e-25,8.190422173115823e-24,10.375974
DHX36,10.374908,1.0982275,3.2252228086204227e-25,8.27144953067948e-24,10.374908
MED23,10.372016,1.418475,3.3243574096180983e-25,8.514532171650124e-24,10.372016
TSPOAP1-AS1,10.36783,1.4428462,3.47321217256846e-25,8.884158927165965e-24,10.36783
NUP54,10.35748,1.2840993,3.8702508750266373e-25,9.88682364523776e-24,10.35748
AFF1,10.351467,1.1609522,4.121202422794717e-25,1.0514170666133901e-23,10.351467
AGO2,10.339595,1.5027688,4.665059076827431e-25,1.1886181772833224e-23,10.339595
TSR3,10.338986,1.621949,4.694790199627201e-25,1.1946379015124196e-23,10.338986
RNF34,10.33792,1.1787895,4.74727213212345e-25,1.2064236504076842e-23,10.33792
SRP54,10.33244,1.1673216,5.026501392959723e-25,1.2740748608476147e-23,10.33244
BABAM1,10.331908,1.0909164,5.054501580764959e-25,1.2795147080518592e-23,10.331908
CDK19,10.330386,1.807206,5.13535658104329e-25,1.2983030694813319e-23,10.330386
UHRF2,10.324069,1.283561,5.484826076029721e-25,1.3848655052354784e-23,10.324069
TAPT1,10.322243,2.420141,5.590199405078302e-25,1.4096523448269613e-23,10.322243
SENP5,10.321025,1.2682828,5.661560177583616e-25,1.425809646781933e-23,10.321025
TXNDC16,10.317371,2.9176593,5.881102965207844e-25,1.4791956661078033e-23,10.317371
ZXDC,10.312805,2.246437,6.167427092642083e-25,1.547233504472055e-23,10.312805
SNF8,10.311055,1.2657131,6.280809969545102e-25,1.573660556774117e-23,10.311055
USP7,10.307402,1.2773,6.524130390145505e-25,1.6304493419459417e-23,10.307402
SYNE1,10.298801,1.0206728,7.134443983886499e-25,1.7784305716775923e-23,10.298801
PARP9,10.29804,1.2067305,7.1911036098073415e-25,1.7902737332914764e-23,10.29804
PDSS2,10.291495,1.5409784,7.697147564963924e-25,1.913821900269556e-23,10.291495
TARDBP,10.289212,1.4806317,7.8818492813192675e-25,1.957259222548927e-23,10.289212
DUS1L,10.2852545,1.6872851,8.21245911511285e-25,2.0367731300954155e-23,10.2852545
HBS1L,10.2746,1.1817366,9.172425651007338e-25,2.2719750017583745e-23,10.2746
FRS2,10.266989,2.0167515,9.92539596790194e-25,2.4553748204792057e-23,10.266989
GATAD2A,10.260444,1.3990824,1.0621714773971973e-24,2.624314579508631e-23,10.260444
RIPK1,10.254965,1.6649567,1.1241741247827187e-24,2.774002430485276e-23,10.254965
CSNK1G1,10.237156,1.447329,1.3515151639150384e-24,3.326597324212512e-23,10.237156
SEC22A,10.22924,2.3706532,1.4666518598307747e-24,3.6054577378352515e-23,10.22924
SERINC5,10.223913,1.1047851,1.5495664423796101e-24,3.8045064171247443e-23,10.223913
DNAJC21,10.196971,1.4132433,2.045519902915761e-24,5.015881385996944e-23,10.196971
IQCB1,10.190502,1.7755437,2.1863177012282336e-24,5.354426129866593e-23,10.190502
PLEKHA2,10.1770315,1.2667941,2.5110501467931348e-24,6.142028659056008e-23,10.1770315
HIGD1A,10.17216,1.4403487,2.6398695388001137e-24,6.44905956744577e-23,10.17216
ARHGEF7,10.170714,1.3927399,2.6793578803442037e-24,6.537365960420871e-23,10.170714
FOXK1,10.168431,1.9083849,2.7429024285837718e-24,6.684074062581226e-23,10.168431
VPS13D,10.164017,1.2573118,2.8700180103247626e-24,6.985138361447134e-23,10.164017
PHF21A,10.158462,1.3825532,3.038331378608379e-24,7.385598561069412e-23,10.158462
PPP2R5E,10.152982,1.0879929,3.213909155849991e-24,7.802701533706281e-23,10.152982
AGPAT3,10.139968,1.5932654,3.672215427828768e-24,8.90432608324081e-23,10.139968
GALNT1,10.128018,1.9678957,4.1497183967139425e-24,1.0037291667107346e-22,10.128018
UBR3,10.114016,1.6194355,4.788076950996619e-24,1.1567048120629857e-22,10.114016
OPA1,10.11333,1.3147211,4.821681679982111e-24,1.1633867708247837e-22,10.11333
PSMD12,10.110438,1.1450042,4.9661627376135264e-24,1.1967718281973088e-22,10.110438
CD59,10.1061,1.4345797,5.190961602052796e-24,1.249406354599866e-22,10.1061
GSK3A,10.103436,1.9665759,5.3339602676789005e-24,1.2822473528002545e-22,10.103436
DNM2,10.098794,1.1048846,5.5925723262448304e-24,1.3427663224534828e-22,10.098794
COPB1,10.095521,1.0632157,5.782297649688415e-24,1.3866176520723397e-22,10.095521
TXK,10.09514,1.8012413,5.8047683457285e-24,1.3903024111287062e-22,10.09514
ECI1,10.093999,2.260375,5.872700680312289e-24,1.4048533852365632e-22,10.093999
DYNLT1,10.083801,1.029037,6.515577033518261e-24,1.5548391633156749e-22,10.083801
SNX25,10.083496,2.1897962,6.535802391295193e-24,1.5577659097791027e-22,10.083496
CTDSPL2,10.082735,1.3001966,6.586638240503528e-24,1.5679724706833703e-22,10.082735
SS18,10.066449,1.3142011,7.773433804839446e-24,1.8482448686889219e-22,10.066449
IGF2R,10.059295,1.3404279,8.35950644387394e-24,1.9851798797782192e-22,10.059295
SMARCA5,10.045671,1.0603839,9.599149826428385e-24,2.2768019854975835e-22,10.045671
RAB21,10.039507,1.5151343,1.0218354349436929e-23,2.420735567915034e-22,10.039507
EFHD2,10.031136,1.1283766,1.1123019323846982e-23,2.631865080157651e-22,10.031136
OSBP,10.02908,1.7169828,1.135693273908936e-23,2.6839669062620846e-22,10.02908
RC3H1,10.027786,1.0984617,1.1506704022763008e-23,2.7160818373634083e-22,10.027786
DOCK9,10.024742,1.6329107,1.18668669887911e-23,2.7977211233333036e-22,10.024742
LRRC8B,10.023449,1.8793532,1.2023296259890433e-23,2.831189665626185e-22,10.023449
ZNF609,10.015,1.6012045,1.3096091642075436e-23,3.080100015049665e-22,10.015
INPP5D,9.998638,1.0277108,1.5450762227458586e-23,3.6295379984022765e-22,9.998638
HTT,9.996126,1.3331684,1.5847524693622023e-23,3.7182777362685345e-22,9.996126
ZSWIM6,9.99468,2.3476439,1.6080523271453049e-23,3.7684272979136917e-22,9.99468
LMBRD1,9.985167,1.0504427,1.7700273883709416e-23,4.143049753067295e-22,9.985167
INO80,9.984939,1.659771,1.7741070571342685e-23,4.147637621744727e-22,9.984939
HIBCH,9.984786,1.5999283,1.7768320079312942e-23,4.1490511612409983e-22,9.984786
REPS1,9.976567,1.5287257,1.930300968076614e-23,4.4966820646813315e-22,9.976567
NAA50,9.975577,1.1671203,1.949637337167794e-23,4.536326208525493e-22,9.975577
TRPM7,9.965684,1.1684226,2.1538662064228987e-23,5.00556459943982e-22,9.965684
PSEN1,9.964466,1.5032998,2.1804228346399712e-23,5.061270940478643e-22,9.964466
GRK6,9.961574,1.1626344,2.244801341936518e-23,5.2045346752386e-22,9.961574
RALGAPA2,9.95404,1.6690239,2.4214986248313916e-23,5.607560365763393e-22,9.95404
FAM120A,9.948256,1.0911983,2.566427913939259e-23,5.936153832146977e-22,9.948256
MBD5,9.938286,1.1547925,2.836673994165243e-23,6.553487215799938e-22,9.938286
PDZD8,9.932045,2.2257366,3.0199821851179854e-23,6.968751344149615e-22,9.932045
JAK2,9.918726,1.6113673,3.4513290435037546e-23,7.954723995675084e-22,9.918726
DAZAP1,9.917508,1.0455321,3.493685193516799e-23,8.042874337263143e-22,9.917508
RCOR1,9.909213,2.2296832,3.7962548179356885e-23,8.698491133180978e-22,9.909213
WDR26,9.9080715,1.348193,3.8398743990163033e-23,8.788147630403628e-22,9.9080715
ZMYM2,9.904265,1.1757,3.988888040776256e-23,9.107883451798106e-22,9.904265
ULK4,9.900917,1.9464703,4.124747264894533e-23,9.407115906696528e-22,9.900917
CDYL,9.890718,2.1591456,4.567360380242672e-23,1.0400242321260706e-21,9.890718
HERC4,9.890643,1.0833797,4.570834217234366e-23,1.0400242321260706e-21,9.890643
DENND1A,9.889882,1.7050081,4.6057167830879866e-23,1.0467440884026218e-21,9.889882
BCL3,9.888741,2.5326035,4.6585353959063496e-23,1.0575199608711768e-21,9.888741
TNKS2,9.887827,1.0930921,4.701221708362906e-23,1.065973422818602e-21,9.887827
SMIM7,9.887066,1.2023637,4.737089279148137e-23,1.0728629978515133e-21,9.887066
SH3GLB2,9.886381,2.2797706,4.769601663743963e-23,1.0789776341750507e-21,9.886381
ZBTB20,9.873672,1.1407365,5.414589350367485e-23,1.2220609504958587e-21,9.873672
GTDC1,9.867963,1.5640215,5.731667355351578e-23,1.2921344102479227e-21,9.867963
TFDP1,9.856852,1.3615503,6.402558219367467e-23,1.4417175976591783e-21,9.856852
SLC30A7,9.850687,1.2766804,6.807709675664243e-23,1.5311869302689414e-21,9.850687
MED27,9.847643,1.2810569,7.017044849664678e-23,1.5764584801175478e-21,9.847643
XYLT1,9.839271,1.788363,7.626145247870418e-23,1.7113349794762425e-21,9.839271
TOP2B,9.816972,1.1550391,9.515916988363669e-23,2.1305201788135044e-21,9.816972
PEX14,9.815526,1.6287831,9.653347885216165e-23,2.1588195590618277e-21,9.815526
MECP2,9.805784,1.0124668,1.0631803596282367e-22,2.3722136005935388e-21,9.805784
PITPNA,9.794977,2.000866,1.1832436056081745e-22,2.6340968002890513e-21,9.794977
RBL1,9.79178,1.3381239,1.2212606599822008e-22,2.7156396130149665e-21,9.79178
SOS2,9.787975,2.1725874,1.2680981777902177e-22,2.8133951409295897e-21,9.787975
TMEM161B,9.786681,1.8388164,1.284424537542649e-22,2.8463895074331324e-21,9.786681
DCAF1,9.780136,1.7236071,1.3702598889118574e-22,3.0331725685777403e-21,9.780136
PPP3CA,9.773591,1.2902576,1.4617694283813677e-22,3.2320795677476387e-21,9.773591
ATP2A2,9.767122,1.6170686,1.5581534981104998e-22,3.437423635966884e-21,9.767122
PI4K2B,9.763698,1.5506452,1.6117002165886706e-22,3.551548405203503e-21,9.763698
EIF3B,9.761033,1.3590909,1.6546033835783225e-22,3.641988640029315e-21,9.761033
CUL5,9.760653,1.1298662,1.6608239850868086e-22,3.65157345395266e-21,9.760653
BOD1L1,9.750151,1.0443691,1.8419538915824533e-22,4.045269781199265e-21,9.750151
KBTBD2,9.7448225,1.6449457,1.9411717311276214e-22,4.258391080123912e-21,9.7448225
BORCS5,9.74391,1.1763666,1.9587038081281156e-22,4.292039878773904e-21,9.74391
EXOC2,9.73843,1.2836175,2.0672361618940282e-22,4.52479610916581e-21,9.73843
PPP1R35,9.736679,1.5155946,2.1031448500557332e-22,4.598250103451462e-21,9.736679
UBE2S,9.7347,1.7706027,2.144481102848049e-22,4.683393551398507e-21,9.7347
GRK2,9.715979,1.0181856,2.577612636992321e-22,5.6230461628389905e-21,9.715979
TRIM59,9.713847,1.4136066,2.6320969836979812e-22,5.7355093292875386e-21,9.713847
INO80D,9.711868,1.2690101,2.683709481329112e-22,5.84147131597865e-21,9.711868
ALMS1,9.701214,1.7899492,2.9793280437504045e-22,6.4705317602783486e-21,9.701214
CBFB,9.68683,1.3739259,3.430107339283938e-22,7.441279425178282e-21,9.68683
SNX29,9.684927,1.1137471,3.4945791654442674e-22,7.572749181551874e-21,9.684927
SLA,9.666357,1.1236567,4.1902888639192736e-22,9.070306691280126e-21,9.666357
EPG5,9.665292,1.7963754,4.23412419856555e-22,9.155065449450905e-21,9.665292
SUCLG2,9.663237,1.0414762,4.319949244208908e-22,9.330327462547452e-21,9.663237
UBE2F,9.655778,1.2793227,4.646177534012202e-22,1.0012819601932905e-20,9.655778
BBX,9.65555,1.047559,4.6565395438171355e-22,1.0024110648340342e-20,9.65555
AKT1,9.6501465,1.6102703,4.9085603223041925e-22,1.0555022899653675e-20,9.6501465
SPPL2A,9.648244,1.1492132,5.000475436686435e-22,1.0740867546111983e-20,9.648244
BACH1,9.64459,1.3881075,5.181752838016906e-22,1.1118041615604693e-20,9.64459
MCU,9.640177,2.2971401,5.40949087484787e-22,1.1581281995516753e-20,9.640177
DHX9,9.639644,1.0559916,5.437637755893063e-22,1.1628819192056334e-20,9.639644
SMC5,9.638578,1.0626851,5.494367014148204e-22,1.173731154288778e-20,9.638578
SYNC,9.629978,4.8603563,5.974215793233521e-22,1.2748468336095262e-20,9.629978
HEXA,9.625336,1.1665064,6.250250225297333e-22,1.330847621421308e-20,9.625336
BRD1,9.614985,1.8801372,6.911927811455316e-22,1.465358650211892e-20,9.614985
DIS3L2,9.607299,1.3804147,7.447738133074024e-22,1.575538808518838e-20,9.607299
TAF2,9.597481,1.331356,8.1922242279655385e-22,1.7311602990586355e-20,9.597481
OSBPL9,9.591773,1.1790743,8.658435584633836e-22,1.8277051512418003e-20,9.591773
RREB1,9.5885,1.8752639,8.937471516149703e-22,1.8845737352157045e-20,9.5885
SESN3,9.582869,1.7012383,9.438655172181663e-22,1.9859742409596858e-20,9.582869
CREM,9.580052,1.3810999,9.699575591598362e-22,2.0386820104876128e-20,9.580052
TRIM28,9.568255,1.3576841,1.087243015694327e-21,2.282743705054355e-20,9.568255
UBASH3B,9.561559,1.4724294,1.1599658015587374e-21,2.4302152896040013e-20,9.561559
PDE4B,9.546946,1.4278741,1.335758193577083e-21,2.7925337961449106e-20,9.546946
GLYR1,9.539945,1.1608963,1.4290911551424168e-21,2.981285258403711e-20,9.539945
SHOC2,9.536444,1.1206474,1.4781485160246552e-21,3.0803418702417946e-20,9.536444
ANKRD36,9.535911,1.2656776,1.4857584074736051e-21,3.092906438025905e-20,9.535911
SNX14,9.526017,1.4516406,1.6343408287171987e-21,3.394987403008295e-20,9.526017
SETD5,9.522136,1.0094327,1.6965649669984175e-21,3.5205072401086993e-20,9.522136
PAG1,9.520842,1.0045763,1.717822726674587e-21,3.5608427029203727e-20,9.520842
SMURF1,9.509501,2.172117,1.915780576120373e-21,3.966983525240578e-20,9.509501
SLC9A8,9.502576,1.5137715,2.0476120554130718e-21,4.231010844807074e-20,9.502576
RC3H2,9.494128,1.2174673,2.2206174609404217e-21,4.578824286162505e-20,9.494128
RABL6,9.489943,1.1754299,2.311621616135623e-21,4.7614538720570393e-20,9.489943
ATP10A,9.481495,2.5351803,2.5066687777139308e-21,5.1523628825951886e-20,9.481495
ADAM10,9.479744,1.0005175,2.549075551600461e-21,5.234030471533874e-20,9.479744
NSMAF,9.474645,1.1256361,2.6766952401789092e-21,5.48456256123779e-20,9.474645
TBC1D2B,9.472895,1.6067562,2.721946155858035e-21,5.57144794747176e-20,9.472895
CDC73,9.470078,1.0254092,2.7963339912187488e-21,5.717728687582912e-20,9.470078
CD63,9.462011,1.2335385,3.0207608604451796e-21,6.163738114409935e-20,9.462011
SRGAP2,9.4407015,1.7581881,3.702921645761183e-21,7.547788621276545e-20,9.4407015
ERN1,9.43857,1.2207022,3.7789975230112625e-21,7.694841158198167e-20,9.43857
DTNB,9.434233,1.3903872,3.938675293913733e-21,8.011642219470264e-20,9.434233
PPP2R2A,9.433395,1.0772752,3.9702497947292525e-21,8.067481618199587e-20,9.433395
PSME4,9.432101,1.2414887,4.0195398610672455e-21,8.159165560307455e-20,9.432101
NEDD9,9.431797,1.1867402,4.0312252043403535e-21,8.174405678604355e-20,9.431797
PARP14,9.428296,1.0908114,4.168045853432624e-21,8.443097438920246e-20,9.428296
NSF,9.415738,1.4310479,4.697682158654611e-21,9.476726235108601e-20,9.415738
ZNRF1,9.415282,2.6526244,4.7181471874143054e-21,9.508208461722259e-20,9.415282
ZC3H18,9.412847,1.1007475,4.828792404262103e-21,9.721173844300496e-20,9.412847
TMCC1,9.410259,1.9602685,4.949165569626378e-21,9.943046392859236e-20,9.410259
ARFGEF2,9.3962555,1.3361471,5.6539568681184175e-21,1.1343919208498962e-19,9.3962555
SLC25A12,9.381414,1.214667,6.509351036124854e-21,1.3010723296720238e-19,9.381414
UBAP2,9.376011,1.5460682,6.851598103616214e-21,1.3666877848273403e-19,9.376011
PTS,9.373271,1.5336903,7.031871093219714e-21,1.4012184679442299e-19,9.373271
ICOS,9.367867,1.1481315,7.401268879663485e-21,1.473326850836776e-19,9.367867
GOSR1,9.365128,1.1833103,7.595836637386858e-21,1.5105216597600206e-19,9.365128
JPX,9.361779,1.0896534,7.840522193062614e-21,1.5560176295522236e-19,9.361779
SRCAP,9.357821,2.464363,8.139761345998791e-21,1.613767477391128e-19,9.357821
TUT7,9.353483,1.1646461,8.480759127180051e-21,1.6796709979823809e-19,9.353483
PITPNB,9.353179,1.0243211,8.505212438415376e-21,1.6828108897362194e-19,9.353179
IFI30,9.351429,4.168134,8.647178159501124e-21,1.7091715376274544e-19,9.351429
ABHD18,9.344502,1.3829639,9.232214541411926e-21,1.821128771636578e-19,9.344502
EXOC1,9.3417635,1.4427768,9.474314966260677e-21,1.8670029734117716e-19,9.3417635
VPS50,9.340089,1.591868,9.625344875520322e-21,1.8948566249917672e-19,9.340089
BLM,9.33674,2.0776799,9.934583114207726e-21,1.9518064495865138e-19,9.33674
SMARCD2,9.335751,1.6049479,1.0027814826488244e-20,1.968147246988184e-19,9.335751
PTPN22,9.334152,1.0017365,1.0180250873860361e-20,1.9960636182334622e-19,9.334152
ATXN7L1,9.316192,1.2212467,1.2059157887070567e-20,2.355025963415138e-19,9.316192
RNASEK,9.307058,1.0569103,1.314215112557144e-20,2.5639642395332197e-19,9.307058
CCZ1B,9.30059,1.9396256,1.3966920337349045e-20,2.7221583382594237e-19,9.30059
ECPAS,9.294196,1.1703637,1.4832221511483066e-20,2.885058752849907e-19,9.294196
C2CD5,9.292522,1.3364394,1.5067474616598348e-20,2.927908076440879e-19,9.292522
L3MBTL3,9.290315,1.6002033,1.5383226452978672e-20,2.986299357459193e-19,9.290315
KIAA0232,9.285672,1.6605778,1.6068905159960202e-20,3.116316513083263e-19,9.285672
MAP3K3,9.255915,1.706703,2.1240335421800838e-20,4.1029702224461875e-19,9.255915
INPP4A,9.245184,1.0783399,2.3483642578103008e-20,4.527368649934184e-19,9.245184
MAPK9,9.240008,1.9729341,2.4647717377708037e-20,4.737785202819164e-19,9.240008
USP32,9.238943,1.8566252,2.4894368947319872e-20,4.780500604133025e-19,9.238943
MAPKAPK2,9.238639,1.3434274,2.4965287954157313e-20,4.789419163597552e-19,9.238639
GRK5,9.235671,1.7551743,2.5667301276679482e-20,4.919272785328737e-19,9.235671
LMBR1,9.224483,1.3597825,2.849321215286079e-20,5.444874759835741e-19,9.224483
TCF20,9.220677,1.4291577,2.952284046807165e-20,5.636126266138791e-19,9.220677
ERCC6L2,9.220373,1.5640043,2.9606782230538765e-20,5.641144252066043e-19,9.220373
LINC01934,9.21223,1.7006077,3.1941922081870656e-20,6.080151082665807e-19,9.21223
ABHD3,9.211849,1.1984687,3.205538489676469e-20,6.09581896656843e-19,9.211849
KIAA2013,9.202641,2.5649805,3.492599772365458e-20,6.63526139278129e-19,9.202641
ANK3,9.201346,1.8253247,3.534915761099261e-20,6.709139826691594e-19,9.201346
DICER1,9.195106,1.2424269,3.7462540326090386e-20,7.103362297489696e-19,9.195106
ACSL4,9.191072,1.4017211,3.8894470429712026e-20,7.367734727672845e-19,9.191072
CWF19L2,9.174633,1.3311751,4.5311415645857665e-20,8.574988214295385e-19,9.174633
UBE2E1,9.174025,1.0336857,4.556818068718113e-20,8.615247919678844e-19,9.174025
SPAG9,9.16687,1.1079582,4.8695065621756573e-20,9.197539035584292e-19,9.16687
ZNF652,9.159336,1.4568943,5.2217684389901155e-20,9.843888710419901e-19,9.159336
MAP3K1,9.139015,1.0426881,6.30234707679934e-20,1.1846717348588808e-18,9.139015
EIF2AK2,9.136732,1.0543362,6.436789283600802e-20,1.2087820796689106e-18,9.136732
ZNF33A,9.124631,1.1761262,7.198083653843654e-20,1.3491580549656383e-18,9.124631
TNRC6C,9.1240225,1.1581482,7.238654936020021e-20,1.3554641128042085e-18,9.1240225
STXBP3,9.1225,1.2732767,7.341074648182118e-20,1.373328381602559e-18,9.1225
ACBD6,9.120902,1.0899868,7.450156976719202e-20,1.3924037413604713e-18,9.120902
TANGO6,9.120522,1.8300356,7.476364185082831e-20,1.395968457764321e-18,9.120522
DPP8,9.114814,1.2439927,7.880583209201986e-20,1.4700405361073829e-18,9.114814
FXN,9.099821,2.0257769,9.048114759835541e-20,1.6830181522857593e-18,9.099821
MARK2,9.095634,1.2231554,9.40355482570877e-20,1.747471612815472e-18,9.095634
KHSRP,9.091906,1.3192246,9.731822105001718e-20,1.806758016609807e-18,9.091906
MTF2,9.090231,1.0402293,9.882867166749246e-20,1.833061087383405e-18,9.090231
WDR20,9.086273,1.4128615,1.0249154877183436e-19,1.899199456787173e-18,9.086273
EIF1AY,9.085512,1.2294893,1.0321117607121955e-19,1.9107249700677618e-18,9.085512
CTLA4,9.085208,1.0970222,1.0350042318189256e-19,1.9142686964303154e-18,9.085208
ANKUB1,9.078663,3.2047005,1.099166726155118e-19,2.031019310425245e-18,9.078663
BTBD10,9.050504,1.5332447,1.4231043412331712e-19,2.6172279839521325e-18,9.050504
RAB3GAP2,9.046775,1.1660459,1.4725382343224562e-19,2.7055988891288097e-18,9.046775
THAP12,9.044871,1.5634563,1.4984095172661997e-19,2.747973517700562e-18,9.044871
KIDINS220,9.036119,1.1807547,1.6233218748375401e-19,2.97148385844911e-18,9.036119
HIPK1,9.035815,1.2425488,1.6278470006087422e-19,2.9769822530758756e-18,9.035815
LIN52,9.028129,1.5087048,1.7463295407514886e-19,3.1906794074159784e-18,9.028129
PCNX2,9.024704,1.3331059,1.8018256371332855e-19,3.2859388692846346e-18,9.024704
NUFIP2,9.020974,1.198522,1.864237719210609e-19,3.393432901350065e-18,9.020974
CUX1,9.017169,1.3294603,1.9301251596094163e-19,3.5068420727239606e-18,9.017169
EMG1,9.008265,1.7085607,2.0934286442962824e-19,3.800019639294031e-18,9.008265
FAM13B,9.007199,1.0741686,2.1138615823397977e-19,3.83355360919603e-18,9.007199
ATP11A,9.006134,1.9147528,2.1344915609822137e-19,3.867382487527774e-18,9.006134
STAU2,8.99114,1.424045,2.4467781182246043e-19,4.425005010852038e-18,8.99114
ZNHIT6,8.989618,1.6268313,2.4809014419053152e-19,4.4825742765653934e-18,8.989618
SHPRH,8.985813,1.3654782,2.568280587823327e-19,4.636172928277386e-18,8.985813
KDM4A,8.984824,1.8763288,2.591492880055106e-19,4.6737633803611354e-18,8.984824
N4BP2,8.982008,1.181719,2.6586992356586017e-19,4.7905549395366036e-18,8.982008
GLMN,8.976224,1.2831808,2.802192412153779e-19,5.039825470682458e-18,8.976224
VAV3,8.974549,2.672234,2.845139678902956e-19,5.107678278603032e-18,8.974549
SIDT1,8.968385,1.4152645,3.0089431669628844e-19,5.391849806880011e-18,8.968385
TULP4,8.9648075,1.3051887,3.1082256211216333e-19,5.564662301382262e-18,8.9648075
PIK3CB,8.963819,2.0193217,3.136253547747414e-19,5.6097083567021385e-18,8.963819
USP12,8.963285,1.7531793,3.1514487846505844e-19,5.631739709410286e-18,8.963285
CLIP4,8.963134,1.6051873,3.155803625028488e-19,5.634376399138454e-18,8.963134
XPO4,8.959328,1.1283168,3.2666278853236856e-19,5.8216188032799525e-18,8.959328
MKNK2,8.957197,1.1770622,3.3303599780606846e-19,5.929798366759916e-18,8.957197
FARS2,8.952098,1.0298338,3.4878914467954683e-19,6.203282720343618e-18,8.952098
BRIP1,8.952022,2.6305666,3.490297564952128e-19,6.203282720343618e-18,8.952022
TMEM65,8.947836,1.9383081,3.6251903173978397e-19,6.431343982850492e-18,8.947836
BTAF1,8.9396925,1.2245373,3.902543057147661e-19,6.9108563386665545e-18,8.9396925
NOL12,8.935583,1.5875694,4.0503723862069254e-19,7.166156135017822e-18,8.935583
ST8SIA4,8.910011,1.150499,5.102744720385187e-19,9.00365272213682e-18,8.910011
TFDP2,8.909782,1.2285633,5.1132637272721e-19,9.014085100473915e-18,8.909782
NSD2,8.908337,1.2436043,5.18038331405804e-19,9.124189080961992e-18,8.908337
VPS41,8.906358,1.4836059,5.273643546447393e-19,9.27175713538927e-18,8.906358
SLC10A7,8.897606,2.005168,5.706429962821448e-19,1.0003580520476748e-17,8.897606
SLC39A11,8.89753,1.90402,5.710343132344914e-19,1.0003580520476748e-17,8.89753
LRIG1,8.886418,1.5576634,6.311052737634411e-19,1.1046035775494646e-17,8.886418
GMEB2,8.886266,1.9538839,6.319700610161785e-19,1.1051287000862002e-17,8.886266
VPS8,8.881776,1.2297812,6.580146127612423e-19,1.1486199770305076e-17,8.881776
MNAT1,8.876829,1.2001749,6.879362341581388e-19,1.1997804126565471e-17,8.876829
R3HDM1,8.871273,1.026719,7.231447728033035e-19,1.2586820032942147e-17,8.871273
RABL3,8.871197,1.6068277,7.2363923431418205e-19,1.2586820032942147e-17,8.871197
DPM1,8.870055,1.2605718,7.310963560703361e-19,1.2702639040805568e-17,8.870055
ZNF654,8.869979,1.7506438,7.315961876015881e-19,1.2702639040805568e-17,8.869979
PRKRIP1,8.868229,1.2040083,7.431859285649476e-19,1.2892431072835898e-17,8.868229
SARNP,8.866402,1.0791537,7.554729262707046e-19,1.309397185231634e-17,8.866402
SIAH2,8.86526,1.3896209,7.632539667521623e-19,1.3217127098589657e-17,8.86526
CSNK1G2,8.861303,1.2650528,7.908461014596011e-19,1.3658673003849492e-17,8.861303
APPBP2,8.84494,1.2999018,9.157742457302748e-19,1.5746810580360295e-17,8.84494
WRNIP1,8.839613,1.6230041,9.605102637397947e-19,1.650154946519781e-17,8.839613
TAF1B,8.837786,1.2626048,9.763398294326434e-19,1.6758787528366637e-17,8.837786
YEATS2,8.83459,1.2845358,1.0046639192729371e-18,1.7229854138766724e-17,8.83459
MTMR3,8.832763,1.7180682,1.021211895758647e-18,1.749831381454046e-17,8.832763
PHF10,8.830632,1.7288026,1.0408583368085054e-18,1.7819349024207203e-17,8.830632
SLC12A6,8.824468,1.5824057,1.0998190659008999e-18,1.8812289756598612e-17,8.824468
DCAF5,8.8224125,1.0953552,1.1201963673611146e-18,1.914410700132951e-17,8.8224125
HNRNPH2,8.818379,1.1306022,1.1612866390183059e-18,1.98290200281939e-17,8.818379
TPGS1,8.807877,1.3667797,1.2753911916375677e-18,2.1758373877911005e-17,8.807877
CBFA2T2,8.801636,1.4795499,1.3483648433893974e-18,2.298327809707642e-17,8.801636
GNA13,8.78649,1.0119686,1.5430494795769494e-18,2.625599323161891e-17,8.78649
WDFY1,8.776901,1.4159187,1.6804091191365586e-18,2.854361600977793e-17,8.776901
ZFX,8.769138,1.206229,1.8003916494543635e-18,3.055512905162445e-17,8.769138
NLK,8.768682,2.5308812,1.807707104140256e-18,3.0626158107200456e-17,8.768682
USPL1,8.75932,1.7468728,1.9643116093352673e-18,3.319313434496762e-17,8.75932
NAMPT,8.757646,1.2081821,1.9937016475394037e-18,3.366070219072567e-17,8.757646
CRCP,8.754906,1.415547,2.042733757603546e-18,3.4452365022010394e-17,8.754906
THOC1,8.754678,1.1655862,2.0468731090240757e-18,3.4469202235269464e-17,8.754678
LRRC8D,8.753689,1.370381,2.0649062149633528e-18,3.474297920412974e-17,8.753689
EXOSC6,8.748361,1.3596313,2.1647379227232717e-18,3.6391401779938987e-17,8.748361
AP3M2,8.737173,1.2743677,2.3901556223548443e-18,4.0146407912652014e-17,8.737173
RAB12,8.733825,3.5336142,2.4620265225370996e-18,4.1282720645249325e-17,8.733825
ATG16L1,8.729943,1.6074815,2.5480045949266776e-18,4.265128649574442e-17,8.729943
SNX13,8.729943,1.4705156,2.5480045949266776e-18,4.265128649574442e-17,8.729943
CCNT2,8.725909,1.3210181,2.6404955830628365e-18,4.4161724418268025e-17,8.725909
KDM1A,8.72492,1.4692415,2.663683652684207e-18,4.4511495914367686e-17,8.72492
STX11,8.721572,1.4477845,2.7436682093271148e-18,4.5769905814248065e-17,8.721572
NAA15,8.718375,1.1076413,2.822227415647367e-18,4.7040328849563606e-17,8.718375
MAPKAP1,8.715483,1.2057667,2.8952161062449797e-18,4.821582022723554e-17,8.715483
PCYT1A,8.707416,1.255437,3.1088118570943094e-18,5.172893743165089e-17,8.707416
NUP214,8.701251,1.1266397,3.282450355038435e-18,5.4571782962949954e-17,8.701251
RCC2,8.693869,1.6481237,3.503022344279205e-18,5.818942379699107e-17,8.693869
ISY1,8.69288,1.1495188,3.533674224542628e-18,5.864880171827833e-17,8.69288
RAB3GAP1,8.6925745,1.1762797,3.543158733518409e-18,5.875638143854935e-17,8.6925745
BTBD7,8.6875515,1.46771,3.703330977198211e-18,6.136052545454241e-17,8.6875515
TRAK1,8.686867,1.8829212,3.725719311043537e-18,6.167925167385781e-17,8.686867
ARL8A,8.686106,1.580701,3.7507519757191075e-18,6.204117891874175e-17,8.686106
TRRAP,8.681996,1.0517485,3.888825074185263e-18,6.427071710444022e-17,8.681996
PHC2,8.666623,2.418697,4.451270928979388e-18,7.338034501960292e-17,8.666623
NAA10,8.661143,1.038801,4.6705716629108985e-18,7.693076287865359e-17,8.661143
TAF3,8.6514015,1.0139354,5.087084208910611e-18,8.372082741796708e-17,8.6514015
OTUD4,8.651021,1.4810014,5.104077687117772e-18,8.392990939623576e-17,8.651021
HEATR1,8.648585,1.4685194,5.214170644181429e-18,8.566825454688681e-17,8.648585
SELENOI,8.647901,1.4445429,5.245554417943982e-18,8.611158460597974e-17,8.647901
LLPH,8.642497,1.0592424,5.499763584446709e-18,9.020903086374955e-17,8.642497
ZBTB11,8.642268,1.3687805,5.5107684848685485e-18,9.031383392957098e-17,8.642268
INTS7,8.640899,1.9191492,5.5772558345546316e-18,9.132698089587032e-17,8.640899
ESR2,8.626895,2.3532956,6.303994502191726e-18,1.0279713701573975e-16,8.626895
CNOT11,8.622252,1.3584659,6.56496851265741e-18,1.0696361686567876e-16,8.622252
VPS33A,8.621491,1.2219605,6.6087567824749835e-18,1.0758748146378575e-16,8.621491
PAXBP1,8.616088,1.4898111,6.928052817920977e-18,1.1259812088129375e-16,8.616088
LRCH1,8.615327,1.5443815,6.974230543688264e-18,1.1325455873766967e-16,8.615327
TLE4,8.614566,1.0180596,7.020712043282955e-18,1.1391483686812676e-16,8.614566
NUTM2B-AS1,8.583514,1.0479392,9.201776439056423e-18,1.4868733390541378e-16,8.583514
APPL2,8.572556,2.1400454,1.0121390894390855e-17,1.6341202724541275e-16,8.572556
ITPR1,8.571794,1.4844246,1.0188519928534912e-17,1.643602291521609e-16,8.571794
BOLA2,8.566619,3.3094606,1.0656795734965965e-17,1.717727997873262e-16,8.566619
NETO2,8.564793,2.9403267,1.0827089774869583e-17,1.743740680778996e-16,8.564793
ATAD2,8.562509,1.4423231,1.1043738037532752e-17,1.7771699499871784e-16,8.562509
HNRNPAB,8.560835,1.1480871,1.12053270987432e-17,1.8016913777173944e-16,8.560835
RALGAPB,8.55193,1.0646876,1.2104693171198075e-17,1.9447014447783574e-16,8.55193
GIMAP5,8.548277,1.3384644,1.2493943524960914e-17,2.005590540577811e-16,8.548277
VIRMA,8.548049,1.029408,1.2518677690020307e-17,2.0079138117894866e-16,8.548049
RAF1,8.545233,1.0104241,1.2827734468377163e-17,2.0557994109517144e-16,8.545233
YTHDC2,8.544015,1.1648489,1.2963701368646865e-17,2.0758895939581166e-16,8.544015
FOCAD,8.538764,1.4585946,1.35665342721764e-17,2.170645483548224e-16,8.538764
FNIP1,8.536481,1.2450563,1.3837186440700663e-17,2.2121410479708382e-16,8.536481
ZBED4,8.52887,2.2330773,1.477841656447685e-17,2.360686165989249e-16,8.52887
NBEAL1,8.519585,1.2971178,1.6012605656690428e-17,2.5557476956779633e-16,8.519585
ATF2,8.512888,1.1685818,1.6965446758650534e-17,2.7056223486004374e-16,8.512888
CENPP,8.512279,2.0335283,1.7054793465633995e-17,2.717656339865847e-16,8.512279
MAP3K14,8.512051,1.3611323,1.708841804540785e-17,2.7207987332183953e-16,8.512051
WDR43,8.47415,1.0185282,2.3680328281584794e-17,3.749002134417891e-16,8.47415
FBXW11,8.473921,1.1975285,2.372681160385234e-17,3.7533245712545074e-16,8.473921
TPK1,8.470039,1.2199209,2.4530942587177793e-17,3.877394867091236e-16,8.470039
VRK2,8.466844,1.293646,2.521330948655997e-17,3.9820342214124733e-16,8.466844
MAGT1,8.4637985,1.0950238,2.588057915372259e-17,4.0841223619358353e-16,8.4637985
AKAP10,8.455275,1.4000443,2.784302619708859e-17,4.3832046389752977e-16,8.455275
SCMH1,8.453525,2.3020978,2.826383694864182e-17,4.445874287869961e-16,8.453525
LMTK2,8.4501,1.4345772,2.9105391073439954e-17,4.57090122411776e-16,8.4501
LARS2,8.434041,1.9490321,3.3392866649431375e-17,5.227452916768585e-16,8.434041
ZNF611,8.433889,1.6405604,3.34363501077921e-17,5.230075930529782e-16,8.433889
NUP160,8.432823,1.276955,3.374230229683695e-17,5.273717023518415e-16,8.432823
TMEM135,8.429855,1.7594352,3.4609235655126825e-17,5.400586310203523e-16,8.429855
MAML1,8.422473,1.3260989,3.6861892164148695e-17,5.747517975044315e-16,8.422473
CEP120,8.420723,1.4046224,3.741689065162371e-17,5.828556408722587e-16,8.420723
AREL1,8.420647,1.7886312,3.744120710222962e-17,5.828556408722587e-16,8.420647
SLC2A4RG,8.413645,1.18846,3.974630507377441e-17,6.182477724035117e-16,8.413645
PKIA,8.411057,1.2369117,4.0633152933461903e-17,6.31540537412218e-16,8.411057
PGP,8.405729,1.5741026,4.2520930398781154e-17,6.598331213666531e-16,8.405729
FNDC3B,8.394618,1.9096671,4.6741060545902325e-17,7.24745699494625e-16,8.394618
SEL1L3,8.390509,1.3083051,4.8404414818310784e-17,7.493493585163808e-16,8.390509
KIF13B,8.37034,1.5582426,5.745210641652929e-17,8.859123864134321e-16,8.37034
VEZT,8.363719,1.2274634,6.077157535827958e-17,9.356240649967074e-16,8.363719
B4GALT5,8.355042,2.0320055,6.540897021664774e-17,1.0062285606913232e-15,8.355042
HACD3,8.346595,1.2665055,7.025911729930376e-17,1.0774532972670657e-15,8.346595
GOSR2,8.336245,1.3829387,7.668723555861197e-17,1.1751102783170862e-15,8.336245
GTF2F2,8.332059,1.0187546,7.94485434201551e-17,1.2164703424456924e-15,8.332059
UBXN7,8.329927,1.1478925,8.089173417833837e-17,1.2375992606737493e-15,8.329927
SFMBT2,8.325818,2.2607396,8.374841966488771e-17,1.280303965626971e-15,8.325818
EXOC6B,8.3246,2.233222,8.461379015455103e-17,1.2915153242934902e-15,8.3246
ATL2,8.317218,1.9542532,9.005208034444201e-17,1.3723824830062627e-15,8.317218
WSB2,8.312423,1.6069294,9.376731645275167e-17,1.4267798198658202e-15,8.312423
FAR2,8.298724,1.7781543,1.0523547603324795e-16,1.598794871908848e-15,8.298724
CYP20A1,8.292636,1.0160247,1.1076633170941815e-16,1.678912144763667e-15,8.292636
LARP1,8.286547,1.0283911,1.165836083975305e-16,1.7657183042746723e-15,8.286547
UGCG,8.258997,1.3009745,1.4690224576682666e-16,2.2180425502818395e-15,8.258997
GPR155,8.253517,1.3324317,1.538002076723574e-16,2.3186151492547685e-15,8.253517
TNFSF12,8.253137,1.717236,1.5429091937505662e-16,2.3224343925623904e-15,8.253137
PLCL1,8.252604,2.003387,1.5498050998420778e-16,2.3310212293397214e-15,8.252604
LPGAT1,8.218584,1.4529418,2.059200466272451e-16,3.0853319084241443e-15,8.218584
SUCLA2,8.21828,1.0283028,2.0644331921638482e-16,3.090805562682646e-15,8.21828
SSBP3,8.217138,1.0783676,2.0841729210351228e-16,3.1179736788085082e-15,8.217138
PYCR2,8.212039,1.257929,2.174639591962366e-16,3.2483471401159978e-15,8.212039
FBXO34,8.206635,1.1375867,2.2747327535055463e-16,3.392680679923516e-15,8.206635
NUMB,8.202906,1.0144533,2.3464460395911106e-16,3.4969730466655638e-15,8.202906
PPP1R21,8.201689,1.0300951,2.3703418042779874e-16,3.5298971404955602e-15,8.201689
COX10,8.196133,1.1038069,2.4824457262128025e-16,3.691223250040435e-15,8.196133
SPTLC1,8.188903,1.0569423,2.636191025317995e-16,3.916855427746586e-15,8.188903
LFNG,8.177334,2.3671362,2.9019216856451177e-16,4.301879056416944e-15,8.177334
ACACA,8.176041,1.5018834,2.9332354512550644e-16,4.341720976562716e-15,8.176041
ATE1,8.17566,1.0604084,2.9425086010367737e-16,4.352154822757943e-15,8.17566
NPLOC4,8.169647,1.4760835,3.0929179397898814e-16,4.567714584589314e-15,8.169647
CDK2AP1,8.169267,2.45543,3.10268846680867e-16,4.5786883799782856e-15,8.169267
ZMYND11,8.166984,1.302904,3.161953736606602e-16,4.65561404950474e-15,8.166984
CD2AP,8.163712,1.1917658,3.2488510825333957e-16,4.769206150263577e-15,8.163712
EXT1,8.162341,3.1270957,3.285921751107043e-16,4.816398264094578e-15,8.162341
MORF4L2,8.157242,1.0540748,3.4276074345615734e-16,5.016561127860947e-15,8.157242
IGKC,8.144913,2.187198,3.795549766263458e-16,5.550920614816393e-15,8.144913
ARHGAP35,8.136998,1.2075893,4.0519993251010483e-16,5.917128566684874e-15,8.136998
LYZ,8.129996,1.6738644,4.2930442501476574e-16,6.264451147419043e-15,8.129996
LTN1,8.12855,1.0939056,4.3445581946313452e-16,6.334896777387941e-15,8.12855
ANO6,8.120102,1.0168592,4.657912338612814e-16,6.7816985596708005e-15,8.120102
IPO9,8.11896,1.3452675,4.701930684793406e-16,6.8406973710064956e-15,8.11896
CEP95,8.115536,1.2905953,4.836460094872474e-16,7.025972615921646e-15,8.115536
RAB28,8.099249,1.2405105,5.529947623274773e-16,8.003699341142067e-15,8.099249
LCLAT1,8.098564,1.2763021,5.561166721826577e-16,8.03699486061318e-15,8.098564
ZDHHC17,8.098412,1.5097373,5.568127849204368e-16,8.041116291751371e-15,8.098412
TMEM120B,8.09004,1.6718249,5.964506253352228e-16,8.588186781868757e-15,8.09004
ARHGAP19,8.086463,2.035788,6.142228594780564e-16,8.837583025196036e-15,8.086463
SLC33A1,8.082049,2.2226148,6.368751283825135e-16,9.156776276406337e-15,8.082049
RARS2,8.080298,1.0476584,6.460841225348804e-16,9.282359845640632e-15,8.080298
DYRK2,8.079309,1.3529994,6.513471150169488e-16,9.351108104660054e-15,8.079309
JMY,8.079081,1.510765,6.525676380022501e-16,9.36176212641351e-15,8.079081
PTAR1,8.078853,1.1612667,6.537904144549615e-16,9.372432842530907e-15,8.078853
TTC7A,8.071623,1.2652327,6.937013208203822e-16,9.937296812454786e-15,8.071623
SEPHS1,8.070633,1.4951235,6.993462836410533e-16,1.0010832537152985e-14,8.070633
ZNF101,8.062262,1.107372,7.489589130763328e-16,1.0705352820363537e-14,8.062262
OTUD5,8.061195,1.1025046,7.555169384042775e-16,1.0791208358171462e-14,8.061195
ANAPC10,8.053814,1.2364323,8.025348391135641e-16,1.142109216856307e-14,8.053814
XPO7,8.050084,1.3426715,8.273704804509681e-16,1.1748900988000395e-14,8.050084
ZNF367,8.032885,2.1589365,9.520751266962649e-16,1.3470864843956985e-14,8.032885
PHACTR4,8.02299,1.0889236,1.0320144185730526e-15,1.454932142841318e-14,8.02299
GALNT10,8.016978,1.5769217,1.083785569418325e-15,1.5257205771494805e-14,8.016978
MGAT4B,8.015076,2.409835,1.1006955961832384e-15,1.548412036384875e-14,8.015076
SLK,8.007313,1.3079492,1.172423559750367e-15,1.6469478978603862e-14,8.007313
EBP,7.999093,1.0595621,1.2533908208985931e-15,1.7594226386903638e-14,7.999093
ATF7,7.997875,1.507677,1.265845315558714e-15,1.7756316225701015e-14,7.997875
CARS2,7.9915586,1.4352696,1.3324356554170037e-15,1.8677006379083045e-14,7.9915586
MACO1,7.97276,1.2841624,1.5516919205195162e-15,2.1703722302162896e-14,7.97276
UBP1,7.9688025,1.2029811,1.6021917405219664e-15,2.2394062841809884e-14,7.9688025
UCHL3,7.966139,1.2008713,1.6370899182243102e-15,2.284919794565856e-14,7.966139
SAP30L,7.9658346,1.9150801,1.6411256430164214e-15,2.2889199274800665e-14,7.9658346
JOSD1,7.950309,1.3080664,1.86047315326571e-15,2.5856348482317763e-14,7.950309
P2RX5,7.950004,3.1625848,1.8650507005191427e-15,2.590156998421475e-14,7.950004
KIAA0586,7.944677,1.5756228,1.946977049373693e-15,2.7020175107903848e-14,7.944677
SEC24D,7.941024,1.4956119,2.0051932195656985e-15,2.780837768990899e-14,7.941024
UBE2Z,7.9394255,1.185007,2.031198732177526e-15,2.8149077047627358e-14,7.9394255
GRAMD1B,7.929303,1.9015074,2.203786724765313e-15,3.045458942811275e-14,7.929303
WDHD1,7.9242043,2.0282776,2.2961204895252535e-15,3.166348536929539e-14,7.9242043
G2E3,7.9184203,1.169574,2.4054743669702152e-15,3.3148114375262794e-14,7.9184203
NF2,7.9161367,1.3063713,2.450038269690464e-15,3.373845803047361e-14,7.9161367
RPS6KB1,7.9106574,1.0012399,2.5603355681047788e-15,3.523252207923651e-14,7.9106574
ATXN3,7.9094396,1.1770843,2.5855022910854267e-15,3.555383614333073e-14,7.9094396
SMARCAD1,7.906319,1.1771356,2.6511092598436986e-15,3.643041151448139e-14,7.906319
EIF2AK3,7.9043403,1.4274244,2.6935602345389087e-15,3.698442927233413e-14,7.9043403
DDX19B,7.8971863,1.3653637,2.852695956533298e-15,3.911811806408099e-14,7.8971863
RDX,7.8964252,1.2612215,2.8701605913935508e-15,3.9330043734165966e-14,7.8964252
TENT4B,7.895512,1.5867058,2.8912571685145427e-15,3.9591406769413973e-14,7.895512
AGO4,7.894903,1.8669548,2.905406304557241e-15,3.975733606124202e-14,7.894903
MLLT3,7.892468,1.0274074,2.962687849709107e-15,4.051284126003341e-14,7.892468
MIGA1,7.8863792,1.2542568,3.1108018386193972e-15,4.250849886739132e-14,7.8863792
SUMF1,7.868266,1.3796105,3.595905304744617e-15,4.906881102039238e-14,7.868266
TIGAR,7.8609595,1.6246022,3.812013427672177e-15,5.190917101787693e-14,7.8609595
HDAC8,7.8445206,1.3168811,4.346100934501579e-15,5.905868269883812e-14,7.8445206
ANKRD13D,7.8341703,1.1127652,4.7194891623432575e-15,6.404366430563999e-14,7.8341703
AGPAT5,7.8328004,1.5219431,4.771216860576104e-15,6.465593596104793e-14,7.8328004
OTULIN,7.82968,1.358667,4.891133664905657e-15,6.614354081193774e-14,7.82968
ANKFY1,7.8212323,1.2566262,5.230877142104988e-15,7.064030636073872e-14,7.8212323
HIPK2,7.821004,1.7943096,5.240374673475995e-15,7.07197597314333e-14,7.821004
CDYL2,7.814459,3.4567788,5.519973671522877e-15,7.428806382693236e-14,7.814459
AHCYL1,7.811719,1.2947866,5.641328963248503e-15,7.586908945212832e-14,7.811719
ZEB2,7.8085985,1.3958453,5.7827398940296275e-15,7.771748231206851e-14,7.8085985
AGK,7.7967257,1.0196122,6.353404680772609e-15,8.53283615603009e-14,7.7967257
FAM168B,7.7943664,1.5143644,6.473236999706891e-15,8.687812181773967e-14,7.7943664
UBE2Q2,7.7933774,1.053407,6.524148821896166e-15,8.75014010602222e-14,7.7933774
ERI1,7.7837877,1.3126936,7.038478658362001e-15,9.427032880686355e-14,7.7837877
ABHD17B,7.7805915,2.257745,7.218634231225706e-15,9.655108314191703e-14,7.7805915
TRAPPC11,7.770393,1.3269664,7.824295583932653e-15,1.0443780080927295e-13,7.770393
YTHDF3,7.7635436,1.0685025,8.258880155306512e-15,1.1001345601023678e-13,7.7635436
TMEM156,7.760423,1.023052,8.464651737544374e-15,1.1267775863963832e-13,7.760423
IL21R,7.7599664,1.3457836,8.495184837235867e-15,1.1300732623727494e-13,7.7599664
UPK3BL1,7.7577596,3.019699,8.644296258777095e-15,1.149127643965694e-13,7.7577596
METTL16,7.755324,1.1037773,8.81182317680606e-15,1.1698083848286364e-13,7.755324
PSMD5,7.745126,1.1175646,9.548733434358698e-15,1.2667770565663118e-13,7.745126
TMEM41B,7.7400265,1.1476848,9.939604102579236e-15,1.3177382999950576e-13,7.7400265
ASB7,7.734471,2.0243769,1.0383410937024108e-14,1.373783537631425e-13,7.734471
TYW1,7.7301326,1.0329388,1.0743450866125693e-14,1.4194993014743252e-13,7.7301326
BRWD3,7.7250338,1.3252405,1.1182384538376328e-14,1.475501690134511e-13,7.7250338
EMSY,7.7232833,1.3953592,1.133709467469682e-14,1.4949074703131225e-13,7.7232833
CMIP,7.721761,1.053591,1.1473335912509966e-14,1.511853448727239e-13,7.721761
NSUN3,7.720315,1.4331902,1.1604256767619268e-14,1.5279604912419704e-13,7.720315
SLC35D1,7.719097,2.0615537,1.1715645225826947e-14,1.5406703345361675e-13,7.719097
GNPTAB,7.717423,1.4428549,1.18705239665136e-14,1.5589423689713968e-13,7.717423
XRCC4,7.714379,1.5651151,1.2157300178856954e-14,1.5944641414200594e-13,7.714379
MICU1,7.7088227,1.1720192,1.26983460073664e-14,1.6643083367189934e-13,7.7088227
PRPF18,7.704789,1.0104506,1.3105937006809955e-14,1.7165794869428192e-13,7.704789
IMMP1L,7.6948953,1.2097547,1.4160992711179949e-14,1.8498151226459896e-13,7.6948953
EHBP1,7.681501,1.323101,1.5723561516567557e-14,2.048459732065206e-13,7.681501
ADNP2,7.679598,1.6407465,1.595885370313872e-14,2.077730201350755e-13,7.679598
FBXW4,7.6726723,1.4673955,1.6844938208607638e-14,2.188723445325593e-13,7.6726723
MDN1,7.671607,1.0323654,1.6985487720471256e-14,2.205521059815405e-13,7.671607
NUP88,7.6621695,1.1306142,1.8281789881183246e-14,2.370696251789223e-13,7.6621695
IL12RB2,7.660876,2.545861,1.8466930331395935e-14,2.3931184948659314e-13,7.660876
UQCC1,7.655929,1.7331785,1.9191983718725536e-14,2.4854317498876327e-13,7.655929
CUL2,7.651134,1.0432912,1.9921425747706055e-14,2.578190866607884e-13,7.651134
DDX3Y,7.6493835,1.1164459,2.0194469760749566e-14,2.6118002926526607e-13,7.6493835
IL18R1,7.64535,1.7510034,2.0837751658069746e-14,2.6914397653142496e-13,7.64535
MAP3K4,7.6362934,1.110945,2.235644186397986e-14,2.8818896863923445e-13,7.6362934
RHBDD1,7.6361413,1.8377022,2.23828745746921e-14,2.8833975620643516e-13,7.6361413
MED6,7.635456,1.0505706,2.2502202701813948e-14,2.896862516244048e-13,7.635456
PIGK,7.6349235,1.239894,2.2595445896970688e-14,2.9050439245198584e-13,7.6349235
ZFPM1,7.633021,2.6037755,2.2931570311941793e-14,2.9463228356144256e-13,7.633021
TMX3,7.625867,1.0576144,2.4239986422945965e-14,3.110347897207912e-13,7.625867
KLHDC10,7.6139183,1.741204,2.6590918183464146e-14,3.4075382253701795e-13,7.6139183
PCCA,7.602883,1.6488945,2.896058943383838e-14,3.703926889159147e-13,7.602883
STAM2,7.599382,2.1043541,2.975486243101553e-14,3.8027783229771384e-13,7.599382
NAA35,7.5993056,1.348558,2.977236503884391e-14,3.8027783229771384e-13,7.5993056
FBXO38,7.5967183,1.3021246,3.037351632339387e-14,3.8770317509208823e-13,7.5967183
ELL2,7.5939784,1.9377286,3.102304203107273e-14,3.9573591034161093e-13,7.5939784
HACL1,7.5754085,1.3101559,3.5799989340319875e-14,4.560769475334501e-13,7.5754085
YRDC,7.5738864,3.9859538,3.6222181331697294e-14,4.611552662971065e-13,7.5738864
AHCTF1,7.5722117,1.033759,3.669224882153897e-14,4.66836102041531e-13,7.5722117
MFAP1,7.5664277,1.1690669,3.836274110353372e-14,4.877726562143911e-13,7.5664277
REEP3,7.5627747,1.0832264,3.945608881583697e-14,5.013485363300635e-13,7.5627747
THUMPD2,7.556686,1.2182267,4.1346811765491515e-14,5.243515311906273e-13,7.556686
SLC23A2,7.55075,1.2858057,4.327594571169275e-14,5.477514267053064e-13,7.55075
C1orf122,7.547249,1.1889919,4.44548457859051e-14,5.623092581374215e-13,7.547249
TAF1,7.54664,1.0048884,4.4663070883386843e-14,5.645781466706162e-13,7.54664
ANTXR2,7.5442805,1.3080052,4.547904007778807e-14,5.7415087499494e-13,7.5442805
ZNF708,7.540704,1.3012019,4.6744189468067357e-14,5.897422949781703e-13,7.540704
CTSZ,7.539638,1.615107,4.712768706565844e-14,5.94197538982477e-13,7.539638
ICE1,7.5354524,1.0103872,4.866446290780188e-14,6.131784997938616e-13,7.5354524
TERF2,7.531495,1.9085935,5.0162678929515904e-14,6.312432805741268e-13,7.531495
POLA1,7.5291357,1.7541192,5.107732689392774e-14,6.419275097369159e-13,7.5291357
MYSM1,7.5246453,1.208917,5.286363670925007e-14,6.618270269524026e-13,7.5246453
TRAPPC12,7.5241127,1.4046496,5.307960563881493e-14,6.641059610871678e-13,7.5241127
DDI2,7.522438,1.5202724,5.376402824029909e-14,6.722393000678419e-13,7.522438
PUM3,7.508663,1.0793315,5.973430337772954e-14,7.454597248057472e-13,7.508663
ZNF107,7.5045533,1.053419,6.1638477206789e-14,7.682431350206669e-13,7.5045533
CMTM8,7.5007477,1.8706448,6.34547408245103e-14,7.903770645792601e-13,7.5007477
CCDC7,7.4916153,1.3634579,6.803118677584444e-14,8.463027735726154e-13,7.4916153
RPRD1B,7.481645,1.5361412,7.339791031591044e-14,9.124843132539614e-13,7.481645
MEGF9,7.480732,1.3754408,7.390983660045507e-14,9.182651953001301e-13,7.480732
SLC38A9,7.4800467,1.5523176,7.429608309874046e-14,9.224782703528892e-13,7.4800467
PREP,7.479819,1.0658693,7.442527233147463e-14,9.23496340508748e-13,7.479819
TRAPPC8,7.4789815,1.1334932,7.490085821139652e-14,9.28220388524767e-13,7.4789815
METTL8,7.4759374,1.4603885,7.665557851884107e-14,9.493647850991659e-13,7.4759374
UBAC1,7.4728928,1.4096118,7.845069182107307e-14,9.709823766949764e-13,7.4728928
DCAF6,7.4655867,1.0622206,8.292927187610736e-14,1.0251168617003593e-12,7.4655867
HDGFL2,7.462314,1.1114339,8.501591021541207e-14,1.0495844360221978e-12,7.462314
SAMD8,7.459879,1.6374446,8.660216726972731e-14,1.0678205476584903e-12,7.459879
ALCAM,7.457443,1.8281021,8.821750655114065e-14,1.08568564037278e-12,7.457443
CEP152,7.455845,1.8675402,8.92936293837541e-14,1.0975488315209172e-12,7.455845
HRAS,7.454399,1.8414857,9.027837582991158e-14,1.1089562198617136e-12,7.454399
PDXK,7.448615,1.3038161,9.432522534175976e-14,1.1572137990517586e-12,7.448615
TRAPPC13,7.4483104,1.6234283,9.454308669414863e-14,1.1591598498941732e-12,7.4483104
SPOPL,7.43659,1.7450268,1.0331748361383544e-13,1.2643630515043976e-12,7.43659
SLX4IP,7.4259353,1.5717885,1.1198579486651811e-13,1.3695862712175164e-12,7.4259353
ATP6V1A,7.4246416,1.3832242,1.1308586218616426e-13,1.382176234390295e-12,7.4246416
SLC39A9,7.4155087,1.2884612,1.2115890503717261e-13,1.4799235042243407e-12,7.4155087
SUSD6,7.409877,1.2636237,1.264168350760978e-13,1.5422223371378314e-12,7.409877
FAAH2,7.4027987,2.0359507,1.3334364640702585e-13,1.6247001699207233e-12,7.4027987
MINDY3,7.3989935,1.4120805,1.3722052652471237e-13,1.6708968656101877e-12,7.3989935
RNF220,7.3961015,1.1315602,1.4024083154332523e-13,1.7066123082336991e-12,7.3961015
YTHDF1,7.3909264,1.7468531,1.4580947488765143e-13,1.7699750648893072e-12,7.3909264
CAAP1,7.3833156,1.1206249,1.5439544259384346e-13,1.8718773362306873e-12,7.3833156
TTC27,7.378978,1.6188793,1.5950973162846705e-13,1.9302946372948936e-12,7.378978
ASH2L,7.374107,1.1170819,1.6545060719667914e-13,1.9997143184833954e-12,7.374107
RYK,7.3691597,1.585093,1.71706730493247e-13,2.0727682309018247e-12,7.3691597
KMT5B,7.3662677,1.2501419,1.754712080454284e-13,2.1142983984192997e-12,7.3662677
TGFBR3,7.362843,1.0827266,1.8003410718300527e-13,2.167943021142798e-12,7.362843
LY75,7.355537,1.2789254,1.901614226727684e-13,2.2884862969623197e-12,7.355537
RRAS2,7.3438163,1.321446,2.0758790240869231e-13,2.4920736652351482e-12,7.3438163
FBXO42,7.3426747,1.2956932,2.093668696056109e-13,2.5118889665497207e-12,7.3426747
NPTN,7.3383365,1.0779561,2.1626457039667524e-13,2.58976859493275e-12,7.3383365
HMBOX1,7.3355207,1.1019386,2.2086100716468289e-13,2.6400783067797892e-12,7.3355207
HS2ST1,7.3333898,1.4741652,2.244030550512594e-13,2.6791451990500574e-12,7.3333898
OXSR1,7.332705,1.1442138,2.2555337700861613e-13,2.6912368788442685e-12,7.332705
ABHD15-AS1,7.3247137,3.3794713,2.3940938185126345e-13,2.851346794927281e-12,7.3247137
FAM117A,7.3038607,1.1982907,2.796263559809236e-13,3.3121843425149596e-12,7.3038607
NENF,7.2957172,1.0441078,2.9707257249542785e-13,3.5145804707318818e-12,7.2957172
CCNQ,7.2895527,1.1806064,3.1098633462972505e-13,3.672529025971309e-12,7.2895527
PIGB,7.2867365,1.2540542,3.1755307571647756e-13,3.74781579349821e-12,7.2867365
F8A1,7.2846055,2.2507815,3.2261284449433714e-13,3.802944663292282e-12,7.2846055
LCORL,7.2836924,1.8994184,3.248054782606703e-13,3.8264862122846455e-12,7.2836924
CALU,7.283007,1.0364264,3.264595519763309e-13,3.843658551788714e-12,7.283007
DDX60L,7.282094,1.0554994,3.2867785824396107e-13,3.867449386721485e-12,7.282094
SBNO2,7.2798867,1.3965118,3.341000644450631e-13,3.928888257849156e-12,7.2798867
DGKH,7.2785172,1.6156843,3.375096565999376e-13,3.961841008006946e-12,7.2785172
SAP130,7.2783647,1.4715546,3.3789060312885987e-13,3.963934845339047e-12,7.2783647
ZMYM4,7.269765,1.3891596,3.6011400930339936e-13,4.2170621987126984e-12,7.269765
GALK2,7.2695365,1.1454608,3.6072315970661456e-13,4.221669132260188e-12,7.2695365
SOCS3,7.2686234,1.5709959,3.6316989675035235e-13,4.247763622002926e-12,7.2686234
TASP1,7.2683187,1.2138739,3.639890918830697e-13,4.254802001175573e-12,7.2683187
THAP11,7.2671013,1.0945354,3.672840579923059e-13,4.2881947773230564e-12,7.2671013
LINC01891,7.2637525,1.9437472,3.7649699572709666e-13,4.3931384689253596e-12,7.2637525
TFCP2,7.261241,1.2874595,3.8355526746863673e-13,4.470166452546922e-12,7.261241
C9orf85,7.260632,1.1595696,3.8528583776872787e-13,4.487662662772897e-12,7.260632
CDC34,7.257131,1.9005402,3.953864360850728e-13,4.599834590554521e-12,7.257131
MRE11,7.25363,1.206549,4.057469423583192e-13,4.714760194814484e-12,7.25363
BTBD6,7.2483788,2.5600853,4.217894183307333e-13,4.895359037897859e-12,7.2483788
TRIM37,7.2286673,1.3229271,4.877567330842495e-13,5.634252510621367e-12,7.2286673
GPATCH2,7.214207,1.075215,5.424915372195433e-13,6.259124056787749e-12,7.214207
TENT4A,7.2123804,2.2733319,5.498207262391605e-13,6.336214352796167e-12,7.2123804
LRRC37B,7.20477,1.6843092,5.814196367669753e-13,6.688547590979525e-12,7.20477
KIF21B,7.1842213,1.465757,6.75913957556495e-13,7.752804408830887e-12,7.1842213
UPF1,7.18346,1.8159685,6.796889979737299e-13,7.786975592710743e-12,7.18346
AKAP8L,7.1781325,1.0050691,7.067000102147057e-13,8.086962456070972e-12,7.1781325
DEAF1,7.1645856,1.6300815,7.802217261377144e-13,8.912655421519438e-12,7.1645856
CWF19L1,7.1613894,1.0150877,7.986355968677597e-13,9.117678739503105e-12,7.1613894
CSE1L,7.161009,1.122127,8.008559379408158e-13,9.137696206195851e-12,7.161009
SEC24A,7.159639,1.588138,8.088994480239848e-13,9.224093472571873e-12,7.159639
TIAM1,7.148832,1.0507313,8.751960302666651e-13,9.94531702686301e-12,7.148832
RBM14,7.144113,1.3075614,9.057885373398801e-13,1.0269102027037528e-11,7.144113
KDM2B,7.1365023,1.0259233,9.573565409707787e-13,1.0841176385252428e-11,7.1365023
IMMP2L,7.1344476,1.5482242,9.717669665608335e-13,1.0997722214222218e-11,7.1344476
ADAM19,7.132697,1.0581449,9.842102558384902e-13,1.1113113840881463e-11,7.132697
TTLL5,7.1322403,1.4255764,9.874819645180182e-13,1.1143625767986494e-11,7.1322403
ZCCHC2,7.1200633,1.3757322,1.0787744542628781e-12,1.216683488242997e-11,7.1200633
SLC30A6,7.114127,1.4582506,1.1262334967164189e-12,1.268747096358485e-11,7.114127
NAA25,7.111996,1.0227742,1.1437649906587267e-12,1.2862754791499981e-11,7.111996
TMEM267,7.1074295,1.6004515,1.182239134332376e-12,1.328016956407344e-11,7.1074295
MIB1,7.0973077,1.5001161,1.2721076543029873e-12,1.426510176469963e-11,7.0973077
BCR,7.0965466,1.5163852,1.2791293681493036e-12,1.4335626274882917e-11,7.0965466
TUBA1C,7.0928936,1.0186996,1.3133664933100315e-12,1.471090757933068e-11,7.0928936
PPFIA1,7.088936,1.298504,1.3514716066141404e-12,1.5103139005268702e-11,7.088936
USF3,7.086348,1.0963318,1.3769708065368966e-12,1.5379317775293375e-11,7.086348
NCAPG2,7.0837607,1.601069,1.4029418924441897e-12,1.5660448916912665e-11,7.0837607
MRPS17,7.080564,1.8395982,1.435688070362949e-12,1.6016843877344464e-11,7.080564
TRIM24,7.0705943,1.4700965,1.542716864907192e-12,1.7161957710349023e-11,7.0705943
RAPGEF2,7.069453,1.561578,1.5554606679027824e-12,1.729389451677366e-11,7.069453
DTD1,7.0657997,1.1876899,1.5969388249987318e-12,1.773490291008807e-11,7.0657997
SELENOO,7.057884,1.748056,1.690565960199976e-12,1.8764035569593382e-11,7.057884
CNOT6,7.049817,1.5234963,1.7915309272185397e-12,1.9839658847658395e-11,7.049817
ELK4,7.03627,1.0659754,1.9745391094877516e-12,2.176738750942491e-11,7.03627
ZNF410,7.0328455,1.0706984,2.023635828714512e-12,2.228390877675046e-11,7.0328455
ZDHHC21,7.0315514,1.6684219,2.042493439785273e-12,2.2466279724405973e-11,7.0315514
MAPKAPK5,7.028812,1.0529118,2.0829980020326727e-12,2.289893533919963e-11,7.028812
ANKRD13A,7.0213532,1.0485771,2.1972943828964765e-12,2.411478210012241e-11,7.0213532
FBXL3,7.000957,1.0226165,2.542203739486474e-12,2.7822059717153985e-11,7.000957
BARD1,6.9999676,1.2555101,2.560220891680053e-12,2.7987934306366077e-11,6.9999676
HIRA,6.980408,3.0196269,2.9432398004313745e-12,3.206754811516767e-11,6.980408
MTFR1,6.9778204,1.7836988,2.997945272823635e-12,3.2627248664412066e-11,6.9778204
SUCO,6.9691443,1.0032152,3.1887455867504063e-12,3.4665207578628866e-11,6.9691443
FANCI,6.963436,1.2098466,3.3207136633380365e-12,3.6059780779244564e-11,6.963436
LIMD1,6.9600115,1.5316584,3.402449574505187e-12,3.692686260339296e-11,6.9600115
GPR132,6.952934,1.4569778,3.577671061336719e-12,3.878552206550522e-11,6.952934
E2F3,6.949737,1.1617332,3.6596748670221805e-12,3.963061305915331e-11,6.949737
MTHFD1L,6.942888,2.4734888,3.841652185349253e-12,4.150935944942804e-11,6.942888
AHCYL2,6.9294167,1.8367473,4.225793430187993e-12,4.55343203975323e-11,6.9294167
AUH,6.9292645,1.1819587,4.230342279157469e-12,4.555824860679876e-11,6.9292645
EXOSC3,6.923861,1.0548873,4.3949736877349204e-12,4.722726255991045e-11,6.923861
TG,6.9148045,4.0343146,4.685097987519263e-12,5.02620599889128e-11,6.9148045
RTTN,6.90902,1.5024122,4.880125539277372e-12,5.223976835480285e-11,6.90902
CPEB4,6.9004965,2.0037537,5.1821188136514215e-12,5.5411858440180886e-11,6.9004965
METTL15,6.895169,1.0477284,5.380087944844107e-12,5.7465917524404744e-11,6.895169
FLNB,6.8920484,1.2199569,5.49946399805314e-12,5.867694193778836e-11,6.8920484
RCC1L,6.8883953,1.2750643,5.642522784644707e-12,6.017050999996056e-11,6.8883953
TYW1B,6.8877106,1.7890127,5.66974945568841e-12,6.042791794602986e-11,6.8877106
TDRD3,6.8828397,1.1367329,5.867109734171251e-12,6.249733439208657e-11,6.8828397
WDR44,6.8785777,1.4994438,6.045311976453587e-12,6.436053577543187e-11,6.8785777
CD38,6.877512,1.0851562,6.0906849497734645e-12,6.48083322986227e-11,6.877512
TBC1D23,6.875533,1.0238453,6.175836218746034e-12,6.567867561327304e-11,6.875533
SRGAP2C,6.8751526,1.3435571,6.1923447056516806e-12,6.578215425638283e-11,6.8751526
SGPP1,6.875077,1.6570073,6.195651589049139e-12,6.578215425638283e-11,6.875077
HS3ST3B1,6.87188,1.4643232,6.3361145461151094e-12,6.71278231934924e-11,6.87188
SIMC1,6.871728,1.2354006,6.342880538026019e-12,6.716314197407637e-11,6.871728
YBX3,6.870206,2.4656625,6.410931094668016e-12,6.781032414079121e-11,6.870206
TMEM203,6.8637366,1.5217165,6.708216157861671e-12,7.080171185384962e-11,6.8637366
PRMT3,6.8534627,1.1635674,7.208357267573135e-12,7.575356337909296e-11,6.8534627
ENTPD1-AS1,6.849353,1.6628025,7.418488232437141e-12,7.787820693794527e-11,6.849353
GIPC1,6.8395348,1.213658,7.945065618616353e-12,8.327211784953658e-11,6.8395348
EEFSEC,6.8349686,1.3140258,8.202299541685682e-12,8.592216136600933e-11,6.8349686
LINC02245,6.8277383,4.0765085,8.626365223888831e-12,9.02677618722228e-11,6.8277383
KLHDC4,6.8255315,1.0744833,8.760044086543169e-12,9.161760699384112e-11,6.8255315
LDB1,6.823933,2.2042024,8.858110951710169e-12,9.259375806787638e-11,6.823933
PPTC7,6.814572,1.2424675,9.454477192521785e-12,9.861684952199695e-11,6.814572
WDPCP,6.803689,1.6115576,1.0197366694516138e-11,1.0619588689637668e-10,6.803689
CEBPB,6.797372,1.163839,1.0654473188455377e-11,1.1077934715818004e-10,6.797372
MTMR9,6.791816,1.9586216,1.107305421375762e-11,1.1507037963611743e-10,6.791816
CCDC6,6.790294,1.2724811,1.1190517878310356e-11,1.1622932794202602e-10,6.790294
MMS22L,6.776062,1.2016311,1.2349552966435555e-11,1.279957904911075e-10,6.776062
MBIP,6.7661686,1.0895197,1.3223765819632484e-11,1.3669447942872079e-10,6.7661686
GPR89B,6.765179,1.256357,1.3314450521876225e-11,1.374866320908042e-10,6.765179
BIN3,6.7650266,1.0046979,1.3328455969819118e-11,1.3755866372226818e-10,6.7650266
DEXI,6.758786,2.500756,1.3915271398358334e-11,1.4338811517802838e-10,6.758786
ORC5,6.7555137,1.1166852,1.4233029781791449e-11,1.4650811508158606e-10,6.7555137
CLEC16A,6.754524,1.1871301,1.4330487586544475e-11,1.4743374400289287e-10,6.754524
LINC01572,6.7424994,2.4719577,1.556850452763897e-11,1.5958328789776814e-10,6.7424994
SESTD1,6.7397594,2.2468674,1.5864909913450074e-11,1.6228152492754366e-10,6.7397594
PCBD2,6.729028,1.2109894,1.707997093059666e-11,1.7443678036008115e-10,6.729028
TVP23C,6.7281914,1.7608048,1.7178505660223323e-11,1.753515903804121e-10,6.7281914
BAIAP2L1,6.7278867,4.183602,1.721447430405992e-11,1.7562712887478862e-10,6.7278867
ZRANB3,6.727811,1.9982572,1.7223477981811346e-11,1.7562741904538012e-10,6.727811
KSR1,6.7243857,2.7725616,1.7633451453144784e-11,1.795272518393013e-10,6.7243857
OSBPL11,6.7176886,1.71348,1.8462978919802524e-11,1.8758233203670603e-10,6.7176886
TTC21B,6.7106867,1.3332661,1.9371055125530356e-11,1.9670617887720706e-10,6.7106867
TET3,6.7074904,2.0133946,1.9800014223155403e-11,2.0095782070472247e-10,6.7074904
PRKACA,6.6960745,1.555708,2.1409288090017862e-11,2.1661683006487566e-10,6.6960745
TRERF1,6.695998,1.0973105,2.142043493831902e-11,2.1661760768631865e-10,6.695998
ZNF346,6.6755257,1.3235368,2.4634770565276138e-11,2.4835300897543713e-10,6.6755257
CCDC138,6.673775,1.916774,2.4930554352126336e-11,2.510762159353619e-10,6.673775
RMND5A,6.672329,1.1270524,2.517751725131493e-11,2.531724859063364e-10,6.672329
NCAPD3,6.6661644,1.0628215,2.625749878857148e-11,2.637611582622006e-10,6.6661644
PFKFB3,6.6611414,1.2870936,2.7170897552516204e-11,2.720983230847682e-10,6.6611414
GNA12,6.6569557,2.5999458,2.795576025196656e-11,2.796719410074037e-10,6.6569557
AXIN1,6.6498017,1.2209468,2.934883870083725e-11,2.930092222948894e-10,6.6498017
THSD4-AS1,6.645235,4.407093,3.027332595691578e-11,3.0177709746557715e-10,6.645235
AVEN,6.633819,3.1475704,3.271103993318057e-11,3.2475374399415393e-10,6.633819
FRMD4B,6.6264367,1.4284045,3.43886357744408e-11,3.408899821855408e-10,6.6264367
RAB11FIP2,6.619511,1.4666101,3.603884941336037e-11,3.5616576026294733e-10,6.619511
SLAIN1,6.6132703,1.4829164,3.7592064450325286e-11,3.709538664467802e-10,6.6132703
LARP4,6.6119766,1.0696359,3.792217532167136e-11,3.740227453097102e-10,6.6119766
ARID3B,6.609161,1.1858643,3.865048786012414e-11,3.810139780588963e-10,6.609161
EID2,6.60155,1.8099192,4.06880728420387e-11,4.002937201473169e-10,6.60155
PAPOLG,6.5989623,1.2294565,4.140450851637858e-11,4.0693290941662286e-10,6.5989623
SLC7A1,6.5978208,1.1933237,4.17244933919074e-11,4.098719310707048e-10,6.5978208
ARMH4,6.592874,2.554425,4.31392805748793e-11,4.2292056226915736e-10,6.592874
SRGAP2B,6.5811534,1.5274721,4.668121264338469e-11,4.5650073413580785e-10,6.5811534
PGGT1B,6.579936,1.006356,4.7065125102937104e-11,4.600251588482883e-10,6.579936
LANCL2,6.5796313,1.341044,4.716158483866918e-11,4.6050793020113696e-10,6.5796313
ZNF236,6.5719447,1.0432165,4.966231438636934e-11,4.842013791292852e-10,6.5719447
TXNDC5,6.5711074,3.7830825,4.994238071335878e-11,4.866894949198231e-10,6.5711074
UBE2O,6.5638776,1.2922056,5.2426311700420396e-11,5.096264616760191e-10,6.5638776
SLC12A2,6.5626597,1.8054672,5.285638337903121e-11,5.135519910431394e-10,6.5626597
GPR171,6.5559626,1.2903222,5.52841874681124e-11,5.366076291547736e-10,6.5559626
NCOR2,6.555125,1.074617,5.5595229234787216e-11,5.393591698891007e-10,6.555125
TTC33,6.550939,1.3171769,5.7176296982751195e-11,5.536000887473901e-10,6.550939
SIRT1,6.545612,1.6945841,5.925229199287382e-11,5.734168396224307e-10,6.545612
SLC39A3,6.545155,1.6370223,5.943362671804383e-11,5.748873987240147e-10,6.545155
RCL1,6.5446224,1.300816,5.964587002077665e-11,5.766553283431608e-10,6.5446224
ABCB10,6.544242,1.4138672,5.979792609125509e-11,5.7755469780537e-10,6.544242
PKD2,6.538458,2.7787337,6.215639989156996e-11,6.00037707488032e-10,6.538458
EFL1,6.5295534,1.1267277,6.596609547012972e-11,6.352483051966035e-10,6.5295534
RFWD3,6.529249,1.3216075,6.610029963422468e-11,6.362275766072348e-10,6.529249
NCALD,6.5230083,1.1456925,6.891107902340139e-11,6.623045158791347e-10,6.5230083
NELFB,6.5108314,1.1734616,7.473609083846225e-11,7.161781711689664e-10,6.5108314
YWHAG,6.5080914,1.0469455,7.611162354951112e-11,7.290025695628163e-10,6.5080914
IRAK1,6.497665,1.2450644,8.157632020517365e-11,7.790558485967974e-10,6.497665
CDC37L1,6.4974365,1.3147355,8.170017847306199e-11,7.798580938345742e-10,6.4974365
BORCS8,6.49736,1.4388095,8.174150541118955e-11,7.798721491400083e-10,6.49736
RPS6KC1,6.4943924,1.4526976,8.33692978138553e-11,7.950148243769593e-10,6.4943924
FANCM,6.4924135,1.9998891,8.447205707477205e-11,8.051384378174084e-10,6.4924135
FUBP3,6.4817586,1.224072,9.065965378507536e-11,8.611786918768712e-10,6.4817586
PRR5,6.48016,1.3928685,9.162522215309437e-11,8.699283586083216e-10,6.48016
NUP205,6.4800844,1.0183132,9.167145152906232e-11,8.699451811448553e-10,6.4800844
CCDC92,6.4794755,1.7500056,9.204210843460766e-11,8.721936938733185e-10,6.4794755
NME7,6.4789424,1.2657202,9.236763490997915e-11,8.748547337456302e-10,6.4789424
CMC4,6.471256,2.1424646,9.719170810181985e-11,9.178799923438277e-10,6.471256
ENDOG,6.46981,2.4537532,9.812633981524179e-11,9.262596321778346e-10,6.46981
PPP2R1B,6.4673743,1.0953437,9.972035533148838e-11,9.403989942778624e-10,6.4673743
HAVCR2,6.467146,1.7423099,9.98710856644579e-11,9.413667650684548e-10,6.467146
RAP2A,6.4537516,1.4698677,1.0911478301786209e-10,1.0265183048526565e-09,6.4537516
MAGED1,6.4503264,1.0604777,1.1160939017019533e-10,1.0489781685160336e-09,6.4503264
POLA2,6.442716,1.370544,1.1735423150295505e-10,1.1008569520852466e-09,6.442716
ZNF544,6.4317565,1.7717301,1.2613762337705092e-10,1.1815514668464013e-09,6.4317565
ZMYM6,6.4303107,1.7678568,1.2734348981179587e-10,1.1922762720752256e-09,6.4303107
APLP2,6.4267335,1.1318523,1.3037503792460583e-10,1.2200759168382051e-09,6.4267335
LINC00278,6.424222,3.032353,1.3254560381868454e-10,1.2374295684752e-09,6.424222
DPH6,6.4140997,1.1936424,1.41657303478933e-10,1.3187203208733401e-09,6.4140997
TEX14,6.414024,1.6989472,1.4172807898226441e-10,1.3187518067165715e-09,6.414024
FAM117B,6.4090767,1.453482,1.4640337119619416e-10,1.3577351505057475e-09,6.4090767
ARNT,6.40687,1.087905,1.4853757830794478e-10,1.376875098214052e-09,6.40687
SRBD1,6.406261,1.2556723,1.4913165588904e-10,1.3804201714459483e-09,6.406261
TRIOBP,6.4035974,1.162553,1.5175816078642072e-10,1.403404390486144e-09,6.4035974
CSTF3,6.402303,1.0288978,1.5305014886186462e-10,1.4146836622243584e-09,6.402303
KIF11,6.401999,1.5473554,1.533557046054436e-10,1.4168387288570918e-09,6.401999
RELL1,6.4019227,1.116635,1.5343218663590256e-10,1.4168763700289482e-09,6.4019227
FBXL4,6.4000964,1.2089779,1.5527897820254822e-10,1.4332542667299356e-09,6.4000964
SLC7A6OS,6.3997917,1.0089555,1.555888813741486e-10,1.4354376382505138e-09,6.3997917
FHIT,6.3985744,1.6067067,1.5683454917966862e-10,1.4455668668618725e-09,6.3985744
MPP7,6.396519,1.1110607,1.5895874660617354e-10,1.4630784353667e-09,6.396519
TSHZ2,6.3837333,1.3368266,1.7282183984577068e-10,1.5861997007983305e-09,6.3837333
BICD1,6.3822875,1.2436779,1.7446214749956003e-10,1.6005041267095127e-09,6.3822875
POLR2J3,6.382059,1.0597811,1.7472253016811608e-10,1.6021417386737093e-09,6.382059
TMEM62,6.3688164,1.137725,1.9049228112876348e-10,1.741847176227871e-09,6.3688164
FBXO28,6.368208,1.0725989,1.9124982115742315e-10,1.7479572631520112e-09,6.368208
CBX4,6.3658485,1.4215465,1.9421318654045514e-10,1.774212714390115e-09,6.3658485
EZH1,6.364859,1.0374172,1.9546919568878917e-10,1.7840210919954416e-09,6.364859
PRDM10,6.3610535,2.2942207,2.00374378393412e-10,1.8270856646795368e-09,6.3610535
EI24,6.3580093,1.078653,2.0438491930942746e-10,1.8619199725544117e-09,6.3580093
HMGXB3,6.355422,1.0434883,2.0785544835590643e-10,1.890895124792365e-09,6.355422
ATAD5,6.3524537,1.2163913,2.119072676796676e-10,1.9223928669243094e-09,6.3524537
SLC16A1,6.344006,1.2747477,2.238663239960807e-10,2.0261869694520387e-09,6.344006
MED14,6.3313723,1.0784808,2.429904281896738e-10,2.1942024452309813e-09,6.3313723
ABL1,6.3287086,1.5425113,2.4722171742317725e-10,2.2303524972506835e-09,6.3287086
ROCK2,6.3213263,1.2693473,2.5932806623956777e-10,2.3331179770923505e-09,6.3213263
PGAP1,6.3196516,2.0488005,2.621533505539722e-10,2.3563696663482447e-09,6.3196516
USP37,6.3188148,1.4077849,2.635772434766114e-10,2.368080578673247e-09,6.3188148
ERCC8,6.3170643,1.6384593,2.6657892439708335e-10,2.3939496983029495e-09,6.3170643
CSPP1,6.3158464,1.0482306,2.6868671350073563e-10,2.4117713806341264e-09,6.3158464
RUFY2,6.3070183,1.3084435,2.8446255672103413e-10,2.5498686715149772e-09,6.3070183
ARHGAP11B,6.2980375,2.9055033,3.014375032616422e-10,2.6970869061837285e-09,6.2980375
MIOS,6.2942324,1.3411354,3.089250511769366e-10,2.7602947038494496e-09,6.2942324
FURIN,6.2939277,2.0138495,3.095318397931361e-10,2.7644541492798206e-09,6.2939277
ODR4,6.2889047,1.2270489,3.1971350074811296e-10,2.8514830367543638e-09,6.2889047
SYNJ1,6.2865453,1.1110798,3.246079650278217e-10,2.8924993896468196e-09,6.2865453
LDAH,6.2860126,1.3193085,3.257232505410039e-10,2.9011163252555145e-09,6.2860126
LINC02328,6.2741404,1.2717147,3.5157179031248864e-10,3.1242310594163387e-09,6.2741404
PCNX4,6.271248,1.1095443,3.581654345915791e-10,3.179937034522695e-09,6.271248
PPAN,6.270563,3.7426255,3.597446831294572e-10,3.191062538294297e-09,6.270563
GMNN,6.2634854,1.0263032,3.7646685889629877e-10,3.3363693364505317e-09,6.2634854
MAP4K3,6.2502427,1.9924805,4.0981536730477786e-10,3.6253467935894635e-09,6.2502427
PHTF1,6.2373805,1.0833418,4.4495819561314024e-10,3.9326747839918376e-09,6.2373805
EIF2B3,6.229618,1.281638,4.675743301356905e-10,4.125110230881511e-09,6.229618
KNL1,6.198338,1.3637161,5.706246376066574e-10,5.00492286359797e-09,6.198338
COG6,6.192858,1.356682,5.908279445507073e-10,5.179803413516237e-09,6.192858
MYBL2,6.187835,1.492874,6.099596862282017e-10,5.340353977679396e-09,6.187835
GFPT1,6.1729183,1.1050665,6.704076002973391e-10,5.851264907501486e-09,6.1729183
NUF2,6.1700263,1.2902299,6.827855284762525e-10,5.948685316662203e-09,6.1700263
STIMATE,6.16957,3.1876717,6.847602104549594e-10,5.963234445119112e-09,6.16957
FBXL14,6.1678953,2.3753605,6.920484909405943e-10,6.0213449847601375e-09,6.1678953
CRK,6.167287,1.4115056,6.947174927051267e-10,6.041880843223964e-09,6.167287
XRRA1,6.1644707,1.1364216,7.071928146508988e-10,6.147645045352638e-09,6.1644707
TXLNA,6.160361,1.0335164,7.257931172995725e-10,6.3009404256069364e-09,6.160361
CHUK,6.1491733,1.271353,7.788783037322035e-10,6.7408627365907826e-09,6.1491733
SPINDOC,6.1415625,4.0546165,8.171357150462219e-10,7.0594753518871835e-09,6.1415625
ACVR1,6.137605,1.5179795,8.377477409923429e-10,7.221606958474964e-09,6.137605
TNFSF8,6.1334195,1.0435728,8.601006660661682e-10,7.404509385650145e-09,6.1334195
SUSD1,6.129462,2.140302,8.817687089657657e-10,7.581041343164369e-09,6.129462
POLQ,6.1191874,2.14524,9.405375602288985e-10,8.075664317050938e-09,6.1191874
GAB2,6.116752,2.6233945,9.550183183605262e-10,8.196402830560866e-09,6.116752
ANKS1A,6.110359,2.207095,9.94072526056384e-10,8.512915181562941e-09,6.110359
NDC80,6.108,1.104807,1.0088752556126153e-09,8.628352710589011e-09,6.108
FANCA,6.0885925,1.5333437,1.1390757725781267e-09,9.695273909442707e-09,6.0885925
ZNF484,6.0878315,1.095818,1.1445021690755842e-09,9.737225410639578e-09,6.0878315
MXI1,6.083341,1.5339177,1.1770346578148257e-09,1.0000961434702783e-08,6.083341
LLGL2,6.083037,2.214977,1.179272590328071e-09,1.0015627624800214e-08,6.083037
RBM41,6.0823517,1.1521295,1.1843231164366725e-09,1.0054158239667163e-08,6.0823517
ETFDH,6.0659127,1.1175364,1.312062601448172e-09,1.1100060953366983e-08,6.0659127
FAM98B,6.0579977,1.1353543,1.3782629248022427e-09,1.1634965018347835e-08,6.0579977
GDAP2,6.054421,1.1821424,1.4092380191458368e-09,1.1886193775278335e-08,6.054421
BLZF1,6.0449076,1.2565092,1.4949576817556232e-09,1.2571264252941141e-08,6.0449076
ZNF280D,6.044375,1.0209377,1.4999053669812175e-09,1.2607451985003636e-08,6.044375
SNAPC3,6.043766,1.3024305,1.5055794074340284e-09,1.2649711397453443e-08,6.043766
SCO2,6.043233,1.5488086,1.5105613491976175e-09,1.2686122094892265e-08,6.043233
WDR11,6.034709,1.03196,1.5924919156423172e-09,1.3345559659652617e-08,6.034709
CCNE1,6.0255766,2.2854784,1.6850795598167638e-09,1.4103351936054078e-08,6.0255766
ZNF518A,6.0205536,1.2503005,1.7382173627773657e-09,1.4535656989242518e-08,6.0205536
ARL2,6.019564,1.0162896,1.7488747108180432e-09,1.4612288787910962e-08,6.019564
KMT5A,6.015074,1.338754,1.798048268686644e-09,1.5016734324225458e-08,6.015074
TOX2,6.0121818,1.7562481,1.8304299063145976e-09,1.526112160492716e-08,6.0121818
PRC1,6.0101266,1.4196775,1.8537824884754353e-09,1.5449240091348942e-08,6.0101266
FBH1,6.0063977,1.2823386,1.896906739208986e-09,1.578174790511966e-08,6.0063977
ADCY7,6.00518,1.0237147,1.911198652731792e-09,1.5893895128200468e-08,6.00518
DNAJC13,6.0028205,1.1308541,1.9391883950617447e-09,1.6106128401769194e-08,6.0028205
FBRSL1,6.0003853,1.4102796,1.9684998431172765e-09,1.6342641039507368e-08,6.0003853
SIAH1,5.9971128,1.7692763,2.0085676737236813e-09,1.6661149741172107e-08,5.9971128
CEP55,5.9875994,1.6754578,2.1296090751528545e-09,1.7627830111079126e-08,5.9875994
HSPA14,5.9716167,1.7637099,2.3491355797949884e-09,1.9395732078239802e-08,5.9716167
GCN1,5.9644628,1.0974898,2.4543994711802255e-09,2.0222184779812485e-08,5.9644628
TRIM13,5.961495,1.0372798,2.499408724305308e-09,2.0584356025760213e-08,5.961495
CRAMP1,5.961038,2.067593,2.5064041960226758e-09,2.063328452156993e-08,5.961038
SLC36A4,5.9590592,1.536234,2.536938896441357e-09,2.0867095555092254e-08,5.9590592
SENP1,5.9562435,1.0742551,2.5810175828331406e-09,2.1194021007502685e-08,5.9562435
SIPA1L3,5.9534273,1.6049423,2.625841809641716e-09,2.153498429634078e-08,5.9534273
LIN54,5.9513726,1.2647662,2.659028930537817e-09,2.179802183190784e-08,5.9513726
FAM3C,5.9491653,1.2648512,2.695129330512073e-09,2.2075467032005124e-08,5.9491653
RNF121,5.9470344,1.4718448,2.7304375622512484e-09,2.2355314735620263e-08,5.9470344
HMG20A,5.9439144,1.1487238,2.782952908377281e-09,2.276623014679207e-08,5.9439144
CSNK1E,5.9431534,1.6717886,2.795909982971004e-09,2.2862668845289013e-08,5.9431534
TADA2A,5.9422398,1.5354943,2.811536030954208e-09,2.298084254541017e-08,5.9422398
HACD2,5.9369125,1.0515293,2.9043972130622195e-09,2.3700268834529404e-08,5.9369125
MASTL,5.933107,1.3944843,2.972548195108153e-09,2.423617628411514e-08,5.933107
BRI3BP,5.932422,1.5294989,2.984979645324757e-09,2.4327397625870406e-08,5.932422
PDSS1,5.925877,1.2421597,3.1063508103247005e-09,2.5263953722541036e-08,5.925877
AP3S2,5.9241266,1.2375561,3.1396165482100094e-09,2.5523895561019303e-08,5.9241266
PGRMC2,5.918723,1.255965,3.2445092643739044e-09,2.6311047362316022e-08,5.918723
RAD18,5.9097424,1.237025,3.426431067480087e-09,2.7717405179185756e-08,5.9097424
GEN1,5.9062414,1.7157929,3.5000076278456054e-09,2.8289198373268404e-08,5.9062414
DISC1,5.90373,2.5458887,3.55373595502124e-09,2.8687914673207765e-08,5.90373
GPATCH2L,5.8998485,1.0207558,3.6383534282602304e-09,2.9358886550183996e-08,5.8998485
DTL,5.8996964,1.6821685,3.641711416135159e-09,2.9373870152898924e-08,5.8996964
CENPS,5.8974133,2.3251088,3.692444735799451e-09,2.9758549666443022e-08,5.8974133
APOLD1,5.8876715,1.0094972,3.91674558379759e-09,3.148844600811473e-08,5.8876715
LRP8,5.8864536,2.0837786,3.945699039540017e-09,3.1708188421239856e-08,5.8864536
YES1,5.8821917,2.1276147,4.048685931344133e-09,3.2495769608097616e-08,5.8821917
MELK,5.881507,1.6626092,4.065479590560753e-09,3.261718106932875e-08,5.881507
TATDN2,5.862785,1.4189667,4.551681755901683e-09,3.6413454047213467e-08,5.862785
ATMIN,5.8613386,1.1722759,4.5915033929259385e-09,3.670201731730995e-08,5.8613386
NDC1,5.8572288,1.2005482,4.706540679225414e-09,3.760620171951119e-08,5.8572288
POC5,5.85624,1.0693547,4.734650946673054e-09,3.779993868808581e-08,5.85624
DIAPH3,5.8546414,1.6568428,4.780405294736002e-09,3.8149661830095467e-08,5.8546414
CMSS1,5.8456607,1.04952,5.045613417369486e-09,4.018419346808551e-08,5.8456607
SYS1,5.8441386,1.041961,5.091960644583761e-09,4.053681281253663e-08,5.8441386
CDC7,5.8382783,1.2612455,5.2742957934799934e-09,4.192015438132271e-08,5.8382783
DNAJC24,5.828689,1.583773,5.58644911356005e-09,4.434711409904384e-08,5.828689
MTMR12,5.8260255,1.0261121,5.6763011522829266e-09,4.504211717269761e-08,5.8260255
CYSTM1,5.8241224,1.1721402,5.7413403200031165e-09,4.550285434662657e-08,5.8241224
AP4E1,5.8220677,1.2416909,5.812396870347928e-09,4.602872600524818e-08,5.8220677
CIT,5.8153706,1.750211,6.049976917112497e-09,4.7774797544010226e-08,5.8153706
SEPSECS,5.8089776,1.1822628,6.285554902049748e-09,4.9495266930909246e-08,5.8089776
VKORC1L1,5.80776,1.6133257,6.331427598239012e-09,4.98364341280535e-08,5.80776
SOCS1,5.8047915,1.4704338,6.444610747857945e-09,5.068655269858693e-08,5.8047915
DHX57,5.8038783,1.1898197,6.479830528408823e-09,5.094307905982477e-08,5.8038783
PLEKHM3,5.802965,1.9703525,6.5152374888412016e-09,5.120087035407415e-08,5.802965
MEF2D,5.8027368,1.0224669,6.524118588798022e-09,5.125008131095933e-08,5.8027368
HLCS,5.7926908,1.5693176,6.926761160102854e-09,5.436937921415669e-08,5.7926908
ACVR2A,5.792234,2.1978827,6.9456260392600215e-09,5.449559355903773e-08,5.792234
RPS10-NUDT3,5.7687173,3.4130816,7.987724098342098e-09,6.234694262319832e-08,5.7687173
IMPA1,5.765901,1.0760149,8.122262987498893e-09,6.3346529350091e-08,5.765901
MYB,5.7592797,2.513169,8.447350420178378e-09,6.572475269266421e-08,5.7592797
MANBA,5.7589755,1.001338,8.462597235633258e-09,6.581721093277885e-08,5.7589755
GTF2A1,5.755551,1.2641963,8.635978177802067e-09,6.708567724622106e-08,5.755551
TMEM127,5.7496142,1.1387247,8.944719902958284e-09,6.940137948496738e-08,5.7496142
ARHGAP12,5.7471027,1.2475919,9.078547794436697e-09,7.035604880852962e-08,5.7471027
TCF3,5.7310443,1.4059316,9.981410223765758e-09,7.695675148094892e-08,5.7310443
TMEM168,5.730131,1.2663815,1.0035300050484858e-08,7.734176895938862e-08,5.730131
PLK4,5.724956,1.7750232,1.0346059119224759e-08,7.970538773424806e-08,5.724956
CEP97,5.724195,1.3324304,1.0392540712420256e-08,8.000048649120361e-08,5.724195
ENOX2,5.7231293,1.1185688,1.0457956070891153e-08,8.047238867290527e-08,5.7231293
SLC1A4,5.721303,1.3216451,1.0571028884646319e-08,8.131049261586446e-08,5.721303
KNTC1,5.7202373,1.319864,1.0637535802934676e-08,8.178990200071738e-08,5.7202373
ZFY,5.718715,2.0817304,1.0733251588410755e-08,8.246103929407995e-08,5.718715
STK40,5.7123985,1.3193207,1.1139494327698366e-08,8.548142157035358e-08,5.7123985
PKP4,5.7101912,1.4272904,1.128492656453e-08,8.646180227671224e-08,5.7101912
MFSD4B,5.708441,1.5106639,1.1401579786969376e-08,8.721896531329819e-08,5.708441
TOM1L2,5.7032657,1.1598177,1.1753362878329813e-08,8.980468754516118e-08,5.7032657
ARHGAP5,5.700678,1.2102467,1.1933187220217795e-08,9.110753317410136e-08,5.700678
GIT1,5.69634,1.681367,1.2240672177812088e-08,9.338225075065377e-08,5.69634
DSTYK,5.6904798,1.1236349,1.2668296495042172e-08,9.653162999025904e-08,5.6904798
KCTD9,5.6896424,1.2145073,1.2730558457580654e-08,9.696830202333135e-08,5.6896424
SLC35A1,5.6804338,2.0187323,1.3435365747085102e-08,1.0201910630149837e-07,5.6804338
TBC1D31,5.679977,1.2451144,1.3471284003258297e-08,1.0225216655382404e-07,5.679977
TRAF3IP2-AS1,5.67777,1.4189749,1.3646208160850387e-08,1.0345951231752048e-07,5.67777
SLC16A1-AS1,5.672366,1.0743845,1.4083836877085878e-08,1.067360650700296e-07,5.672366
ZRANB1,5.672138,1.9045848,1.41026253223117e-08,1.0683707793534469e-07,5.672138
CEP295,5.6646795,1.1020483,1.4729948946875545e-08,1.1150314932010083e-07,5.6646795
ESRRA,5.66232,1.9709328,1.4933971541612676e-08,1.1296016819724655e-07,5.66232
LINC01473,5.649687,3.46492,1.6074056952324632e-08,1.2130240896378266e-07,5.649687
PISD,5.6442833,1.0350623,1.658709534893664e-08,1.250775652362205e-07,5.6442833
HPS5,5.643903,1.365188,1.6623818173585266e-08,1.253061918415703e-07,5.643903
PLPP1,5.6419997,1.2213073,1.6808619898336905e-08,1.2665039436682965e-07,5.6419997
PIGU,5.639488,1.5118792,1.705561554856889e-08,1.284620034851409e-07,5.639488
SIL1,5.637053,1.0039402,1.7298490734210188e-08,1.3019110257193266e-07,5.637053
LYSMD3,5.6349983,1.3372154,1.7506026279568412e-08,1.315506613819488e-07,5.6349983
SNTB1,5.633704,2.5673242,1.7637935118585266e-08,1.3249102280248618e-07,5.633704
CLYBL,5.623658,1.4603077,1.8695534443677814e-08,1.4016636704746648e-07,5.623658
GALC,5.6223645,1.1608346,1.8836137333132607e-08,1.4116642486968167e-07,5.6223645
SGPL1,5.617265,1.7932922,1.9400342799197114e-08,1.4528354684067706e-07,5.617265
STIL,5.6101875,1.7404445,2.0210763682229934e-08,1.5117898460775054e-07,5.6101875
MGA,5.6089697,1.0032842,2.0353465485708054e-08,1.5213010413458182e-07,5.6089697
DHRS7B,5.6039467,1.6487205,2.0952519851765464e-08,1.5642842749307386e-07,5.6039467
SLC25A33,5.6015115,1.4544355,2.1249097710246204e-08,1.5852167136641162e-07,5.6015115
SNX15,5.590552,3.5852108,2.263489717151208e-08,1.6860284273016686e-07,5.590552
MRGBP,5.5823326,1.7875893,2.3731421130210075e-08,1.7663615392771045e-07,5.5823326
MCTP2,5.5793643,1.7153195,2.41399206748555e-08,1.794718722513573e-07,5.5793643
TMED7,5.5765486,1.668649,2.4533775286036615e-08,1.822615469996828e-07,5.5765486
ZFAND4,5.574722,1.3430064,2.479257568511611e-08,1.8411427742176547e-07,5.574722
CLOCK,5.571221,1.2393385,2.5296035679674293e-08,1.8742628783788963e-07,5.571221
FBXO45,5.562849,1.8764797,2.654052517990171e-08,1.964239775795449e-07,5.562849
BUB1B,5.560566,2.1617062,2.6890115005901568e-08,1.988608353875593e-07,5.560566
IFT80,5.5559998,1.3034532,2.760274975256168e-08,2.038998139517278e-07,5.5559998
SAMD4B,5.5426807,1.1226645,2.978752811230855e-08,2.1954137480288273e-07,5.5426807
ADAT2,5.537886,1.4475667,3.0614395374696415e-08,2.2512682776853042e-07,5.537886
GPR137B,5.534994,1.210531,3.112386157306721e-08,2.2861551173490208e-07,5.534994
AHI1,5.534538,1.1314564,3.120505182857536e-08,2.2912587398932932e-07,5.534538
ARL17A,5.531798,1.3032874,3.1696525461229385e-08,2.3256003383027247e-07,5.531798
COPRS,5.531493,1.5730528,3.175159493801892e-08,2.3270232574799786e-07,5.531493
IPO11,5.531037,1.3995655,3.183437322153594e-08,2.332216455256515e-07,5.531037
PTRH2,5.524872,1.225185,3.297257906320443e-08,2.4110890400178784e-07,5.524872
SPATS2L,5.5244155,1.1295755,3.30584433322342e-08,2.415562431385955e-07,5.5244155
DNA2,5.518403,1.6436508,3.4209418327965704e-08,2.49593548785098e-07,5.518403
MCF2L2,5.5160437,1.4196401,3.4671605300182624e-08,2.5258896966268563e-07,5.5160437
PRDM4,5.5139127,1.4990981,3.509426610411751e-08,2.5547790146033167e-07,5.5139127
MTA3,5.5024204,1.278076,3.746118279186955e-08,2.722021629674353e-07,5.5024204
PEX13,5.49755,1.3985587,3.851044802026111e-08,2.7920431525026657e-07,5.49755
LINC00667,5.4967127,1.0690776,3.869363774920241e-08,2.8042855684310846e-07,5.4967127
GDAP1,5.496028,1.6888396,3.88441485413768e-08,2.8141514204282164e-07,5.496028
ASPM,5.4922986,1.3555096,3.967360895470038e-08,2.8721168332429785e-07,5.4922986
SPAG1,5.4922223,2.233842,3.9690714281160744e-08,2.872292518689917e-07,5.4922223
PELI2,5.486362,2.4086585,4.1029521634492396e-08,2.9647920212102924e-07,5.486362
TRMT11,5.4859056,1.2722487,4.113566381999456e-08,2.971364598116107e-07,5.4859056
ZHX2,5.485373,1.0513898,4.1259832897233764e-08,2.979233985730887e-07,5.485373
SLC35A3,5.4779143,1.2270635,4.303682761212755e-08,3.1018218884497676e-07,5.4779143
NDUFAF5,5.477838,1.3243284,4.305533718011131e-08,3.1020133944787116e-07,5.477838
WDR53,5.4731197,1.4330157,4.421812835854107e-08,3.1834449437819415e-07,5.4731197
SLC35E1,5.4639106,1.084703,4.6575766377399465e-08,3.3470238577780126e-07,5.4639106
VGLL4,5.4587355,1.1578364,4.795373651607428e-08,3.4409927251431663e-07,5.4587355
MBD3,5.458203,1.5701613,4.8097809484684416e-08,3.45006574778704e-07,5.458203
TBC1D10B,5.456909,1.4922618,4.844945001733539e-08,3.474015529275262e-07,5.456909
KIF15,5.456376,1.6574532,4.859496636322197e-08,3.4831732666502836e-07,5.456376
UBFD1,5.451125,1.7886744,5.0052198532392534e-08,3.5849978802410583e-07,5.451125
MTA1,5.4492984,1.1533229,5.056892141478695e-08,3.620682964670878e-07,5.4492984
TIAM2,5.4451885,2.0280323,5.175052264745087e-08,3.7012215905165157e-07,5.4451885
LRRC8C-DT,5.4342294,1.5281947,5.503378231296698e-08,3.9317307495441327e-07,5.4342294
NDUFAF7,5.4292064,1.126213,5.6605238684554385e-08,4.035159601382004e-07,5.4292064
PTER,5.4258575,1.1817399,5.767694135091468e-08,4.108563481451396e-07,5.4258575
PCAT1,5.4232697,1.9035919,5.851851606613423e-08,4.166995350735497e-07,5.4232697
FYCO1,5.413985,1.0466484,6.163734697006848e-08,4.3795192647432826e-07,5.413985
STRBP,5.4077444,1.0601703,6.382348021794224e-08,4.5249922496546875e-07,5.4077444
PARPBP,5.404167,1.1622306,6.511018049926211e-08,4.611205255192041e-07,5.404167
ZDHHC2,5.3980026,1.730487,6.738689107560307e-08,4.7638247274833847e-07,5.3980026
ZDHHC13,5.3978505,1.1254834,6.744407050978221e-08,4.766145076689845e-07,5.3978505
TOGARAM1,5.3966327,1.0780029,6.79032010921675e-08,4.795127531474319e-07,5.3966327
RFC3,5.389707,1.1668115,7.057265038903118e-08,4.97466002454093e-07,5.389707
ATG10,5.3885655,1.0002294,7.10223183935535e-08,5.00455428997139e-07,5.3885655
DUSP5,5.387576,1.4240544,7.141427448613666e-08,5.03036185437265e-07,5.387576
E2F1,5.3821726,1.6135156,7.359220623347698e-08,5.17818155906752e-07,5.3821726
ZNF254,5.375551,1.2878398,7.634875345047229e-08,5.360575556221176e-07,5.375551
FAM168A,5.373344,1.3003043,7.728962818085869e-08,5.420800875423093e-07,5.373344
SHQ1,5.3672557,1.1098609,7.994373030782107e-08,5.598922386053839e-07,5.3672557
KCNQ5,5.36033,2.4460878,8.30701100508481e-08,5.81164073462637e-07,5.36033
GPD2,5.358884,1.9536135,8.373765095608518e-08,5.856248584376965e-07,5.358884
ADCY3,5.348838,2.0170825,8.852081489088027e-08,6.175313033100696e-07,5.348838
SAP30,5.348229,1.6064633,8.881905219189261e-08,6.193910239810957e-07,5.348229
MIR497HG,5.3450327,6.1214294,9.040082814251108e-08,6.295243434493442e-07,5.3450327
SLC2A13,5.335443,2.1493318,9.531151823644522e-08,6.623067431998438e-07,5.335443
CIP2A,5.3233423,1.2848918,1.0187785104607503e-07,7.061798757596869e-07,5.3233423
IL2RA,5.3184714,1.2186421,1.0464269093424591e-07,7.245747261858897e-07,5.3184714
TSTD3,5.305762,1.4574149,1.1220353898361413e-07,7.761042244013297e-07,5.305762
SLC35D2,5.3034024,3.1378012,1.1366406377462298e-07,7.856511479836887e-07,5.3034024
SLC15A4,5.300358,2.3559723,1.1557581634994762e-07,7.980196098573659e-07,5.300358
DHX35,5.2957153,1.1481878,1.18551275561302e-07,8.176987522677327e-07,5.2957153
CEP83,5.292519,1.1573131,1.2064289625418426e-07,8.315393426917498e-07,5.292519
CHEK1,5.2906165,1.0201894,1.2190481382076385e-07,8.39645687027352e-07,5.2906165
MXD1,5.2870393,1.0206044,1.243118803083944e-07,8.553216856099373e-07,5.2870393
POLR1B,5.282473,1.1780702,1.2745162335855604e-07,8.763082803514493e-07,5.282473
RINT1,5.2820163,1.0095071,1.277697843665715e-07,8.778789116871739e-07,5.2820163
CDK9,5.2727313,1.0883536,1.3440822469263233e-07,9.221950002753959e-07,5.2727313
ADARB1,5.268241,1.3459762,1.377371329293188e-07,9.443728861811178e-07,5.268241
ZMIZ1,5.2642074,1.1456442,1.4079539871059283e-07,9.64327743076262e-07,5.2642074
TARBP1,5.261011,1.339525,1.4326547769691173e-07,9.798737740556338e-07,5.261011
UNK,5.2569013,1.0300149,1.4650294124800351e-07,1.0009670231637335e-06,5.2569013
ZGRF1,5.254466,1.6226505,1.484547076927576e-07,1.0132409208691599e-06,5.254466
SH2B3,5.254085,1.3333023,1.4876193397510458e-07,1.014983794987743e-06,5.254085
ZNF789,5.253172,1.3762366,1.4950178796859285e-07,1.019676189253895e-06,5.253172
ULK1,5.2529435,1.8581021,1.4968730677011993e-07,1.0205857905497235e-06,5.2529435
OPRM1,5.2485294,2.7726808,1.5331807456520388e-07,1.0435228115102295e-06,5.2485294
POLE2,5.2483773,1.2803301,1.5344478036789508e-07,1.0436591804793086e-06,5.2483773
GALNT7,5.242441,1.0522271,1.584660668459977e-07,1.077062867677139e-06,5.242441
RHOC,5.2371135,1.382607,1.6310734867664766e-07,1.1070706205010898e-06,5.2371135
POLR3B,5.2358956,1.597243,1.64186523433605e-07,1.1128513649285704e-06,5.2358956
YIPF6,5.2326994,1.0293503,1.6705230790307888e-07,1.1318835045178141e-06,5.2326994
TTC4,5.2074323,1.3201882,1.914719337944355e-07,1.289749673146132e-06,5.2074323
DNAJC16,5.2053013,1.0855514,1.9368234855970303e-07,1.3032930524815229e-06,5.2053013
SLC35F5,5.200278,1.2335706,1.9899063811650633e-07,1.3362555959724764e-06,5.200278
NPHP3,5.1979947,1.2608153,2.0144972536358739e-07,1.351377520025601e-06,5.1979947
ZNF718,5.1797295,1.1112214,2.2220813726200978e-07,1.485537693865052e-06,5.1797295
DUS2,5.1768374,1.285353,2.2567893133241896e-07,1.5066821318023795e-06,5.1768374
PINX1,5.1683135,1.8339447,2.3621607345740012e-07,1.5738086909820926e-06,5.1683135
TTC5,5.166715,1.114204,2.3824401386165408e-07,1.5867797356177152e-06,5.166715
ECT2,5.1628337,1.6115993,2.4323928476020645e-07,1.6189477293155512e-06,5.1628337
GCLC,5.1603985,1.6579655,2.464250727438324e-07,1.6373670028697154e-06,5.1603985
WASL,5.154386,1.0333605,2.5446352937986067e-07,1.6873406787208112e-06,5.154386
BBS9,5.153244,1.0258782,2.560181692058123e-07,1.6959253673051237e-06,5.153244
ADPRM,5.15294,1.3544155,2.564342868632055e-07,1.6981069798102219e-06,5.15294
ZNF212,5.150048,1.3388615,2.6042012633974643e-07,1.7233348096774293e-06,5.150048
PPP2CB,5.141524,1.4975488,2.725190591244393e-07,1.7991406710347598e-06,5.141524
SLC25A42,5.135283,1.4129142,2.817196005683889e-07,1.8554995435618425e-06,5.135283
MEX3C,5.126607,1.3015999,2.950104577601182e-07,1.9417304532290595e-06,5.126607
TRMT13,5.1186156,1.0830166,3.0778623286529023e-07,2.0230974150849843e-06,5.1186156
KLHL8,5.116561,1.4231298,3.111568066437775e-07,2.0438792858024296e-06,5.116561
TAF5L,5.1145062,1.2784735,3.1456300519966533e-07,2.0648671203445324e-06,5.1145062
NHEJ1,5.111386,1.2426804,3.1980431566259346e-07,2.0978648504477467e-06,5.111386
CENPB,5.1105485,1.0967623,3.212248039405889e-07,2.1064768644468645e-06,5.1105485
GOLGA1,5.1078086,1.2791928,3.259163905815708e-07,2.1358110954119816e-06,5.1078086
TRIM66,5.107428,1.2352176,3.265732088774545e-07,2.139398912391707e-06,5.107428
BLOC1S5,5.105449,1.3016703,3.3000931609127276e-07,2.1597398987538546e-06,5.105449
ERMP1,5.102101,1.3036524,3.35903926957209e-07,2.1968476078538324e-06,5.102101
TMEM250,5.0974584,1.1553874,3.442443847825041e-07,2.2483892261094926e-06,5.0974584
CEP44,5.081552,1.1462828,3.7436358349607416e-07,2.436164483488919e-06,5.081552
ZNF124,5.0719624,1.3605896,3.937338988886831e-07,2.5528777115486252e-06,5.0719624
FOXM1,5.070212,1.2067621,3.9737261570021935e-07,2.574764021199302e-06,5.070212
AOAH,5.069375,1.9127814,3.9912432123252674e-07,2.5844026200787833e-06,5.069375
CENPA,5.0624495,1.5536921,4.1390429614551654e-07,2.6765628773877952e-06,5.0624495
TOP3A,5.059557,1.0803603,4.2023122531922787e-07,2.7147852812963524e-06,5.059557
TIMM10B,5.056665,1.514909,4.2665141366317874e-07,2.7544423828970905e-06,5.056665
SPC25,5.055219,1.3515214,4.298968918774879e-07,2.7735649127130508e-06,5.055219
SKAP1-AS1,5.054306,1.8855271,4.319589253931385e-07,2.785949984209932e-06,5.054306
ZNF529,5.0425096,1.6625764,4.594663096938772e-07,2.9536257385314682e-06,5.0425096
ZNF251,5.024472,1.6382877,5.048191393102547e-07,3.2366647831006107e-06,5.024472
QSER1,5.016557,2.0424845,5.260566244280327e-07,3.3618145090815622e-06,5.016557
KCTD2,5.0148826,2.1743355,5.306582948773119e-07,3.3867976236657665e-06,5.0148826
KIF18B,5.0118384,2.3196812,5.391245957654473e-07,3.437468259999437e-06,5.0118384
BMPR2,5.0071197,1.3911012,5.525052924004267e-07,3.5159101013631054e-06,5.0071197
FASTKD1,5.002021,1.0908026,5.673249403711112e-07,3.599680425804768e-06,5.002021
IRF4,5.0013356,1.0924975,5.693446010265724e-07,3.6113241986670884e-06,5.0013356
C11orf68,4.9979873,1.7311277,5.793186913247013e-07,3.6686434148355197e-06,4.9979873
VIM-AS1,4.9940295,1.1275986,5.913234953957633e-07,3.7422439061786208e-06,4.9940295
CPEB3,4.9826136,2.1153197,6.273115140934581e-07,3.9584752363046725e-06,4.9826136
ESR1,4.9753075,3.8159325,6.514419640159418e-07,4.104126320625868e-06,4.9753075
MTMR4,4.9734807,1.091695,6.576129337073121e-07,4.141670385189791e-06,4.9734807
BTBD2,4.971502,1.3423771,6.643617156996127e-07,4.1828282023198265e-06,4.971502
SPIN1,4.9682293,1.5111846,6.756698805010023e-07,4.252656230827794e-06,4.9682293
PRH1,4.9676204,1.1497146,6.77794089373184e-07,4.263283426825607e-06,4.9676204
TMEM164,4.9667835,2.608458,6.807253867008666e-07,4.280345233599794e-06,4.9667835
FANCL,4.9589443,1.6158469,7.087722633079602e-07,4.446699470474564e-06,4.9589443
TADA2B,4.9583354,1.7409922,7.109966549368305e-07,4.457796393400801e-06,4.9583354
BCL2L11,4.956585,1.0465198,7.174293110682885e-07,4.4938081814930435e-06,4.956585
NARS2,4.954987,1.3812671,7.23351548600701e-07,4.528004831419871e-06,4.954987
PLXNC1,4.952171,1.0995542,7.339007535804977e-07,4.588169311841271e-06,4.952171
NUBPL,4.9473,1.2761308,7.524989052785341e-07,4.7014363277427706e-06,4.9473
ZNF398,4.9433427,1.1668795,7.679434240851387e-07,4.793338731259329e-06,4.9433427
ZFYVE26,4.9425817,1.1587697,7.709483277755228e-07,4.810560228925839e-06,4.9425817
MARK4,4.9411354,1.3048433,7.766888778887772e-07,4.841748315555142e-06,4.9411354
INKA2,4.9404507,3.7051523,7.794224357173432e-07,4.857241472011774e-06,4.9404507
RAB11FIP3,4.937254,1.9967531,7.923020441982942e-07,4.9343623172731445e-06,4.937254
GRAMD2B,4.9326878,1.1841952,8.11057653524852e-07,5.04956289028772e-06,4.9326878
FANCC,4.930861,1.7076468,8.186790108079759e-07,5.095391502382466e-06,4.930861
TTI2,4.929948,1.3684012,8.225155090782996e-07,5.117641806564123e-06,4.929948
TUBGCP5,4.9110737,1.2001868,9.057912700368494e-07,5.617915553749943e-06,4.9110737
PDE8A,4.907116,1.8678086,9.242539296505471e-07,5.726979384231128e-06,4.907116
ZNF700,4.903463,1.465434,9.416175769421707e-07,5.827189356611131e-06,4.903463
ACSL1,4.896309,1.9343362,9.765354987590452e-07,6.039458482843551e-06,4.896309
SMARCAL1,4.8946347,1.3788983,9.848859928773905e-07,6.089178233372757e-06,4.8946347
GNE,4.89433,1.5284104,9.864116314191288e-07,6.0966843978551836e-06,4.89433
KIF4A,4.893417,1.4970355,9.910022090615772e-07,6.123123216582552e-06,4.893417
FAM193B,4.888394,1.1910492,1.016620295647633e-06,6.271508809972536e-06,4.888394
GAREM1,4.886567,5.0430107,1.026093064486047e-06,6.32197389353368e-06,4.886567
ENTR1,4.88124,2.1019692,1.0542097344075018e-06,6.484997196757622e-06,4.88124
SH3D19,4.8657904,2.463961,1.1400042624533908e-06,6.9995617846526365e-06,4.8657904
ZNF710,4.865105,3.1341536,1.1439594637770991e-06,7.021643283309371e-06,4.865105
LRRC42,4.864801,1.2258017,1.1457215662925476e-06,7.030253875576222e-06,4.864801
SLC1A5,4.8639636,1.1897545,1.150580825197655e-06,7.057857550930318e-06,4.8639636
CENPE,4.856886,1.1077697,1.1924638184125299e-06,7.298758836001371e-06,4.856886
ITPR3,4.851406,1.0756136,1.2258928697944295e-06,7.491652615907994e-06,4.851406
TBC1D32,4.8466873,1.2625569,1.255399800645991e-06,7.662402775745711e-06,4.8466873
ATRN,4.846535,1.7600234,1.2563629214265203e-06,7.665890129864095e-06,4.846535
CARM1,4.843415,1.2777351,1.2762642530471713e-06,7.780043272157958e-06,4.843415
BUB1,4.8346624,1.2896922,1.3337164220208407e-06,8.107537417242563e-06,4.8346624
STX2,4.829183,1.0715238,1.3709440889151138e-06,8.323497962113231e-06,4.829183
EPHA4,4.8240075,1.2228314,1.4070197479320717e-06,8.534582277599126e-06,4.8240075
LNX2,4.8202786,1.3974987,1.4335795313169592e-06,8.687607392013086e-06,4.8202786
RAD51,4.8168535,1.0379308,1.458395336335056e-06,8.827058441510788e-06,4.8168535
AFF3,4.8151793,1.5421492,1.470677332335568e-06,8.895893056921915e-06,4.8151793
DEPDC1B,4.8145704,1.3016901,1.4751681221270423e-06,8.920299695235465e-06,4.8145704
ERP27,4.812744,1.4590437,1.4887197402949808e-06,8.996685570751138e-06,4.812744
GRK3,4.812135,3.235727,1.4932634863704268e-06,9.021358413490742e-06,4.812135
OGFRL1,4.8118305,1.2534554,1.4955403566221361e-06,9.032325215549988e-06,4.8118305
LINC02320,4.806579,2.6587176,1.5353457560506245e-06,9.269869100400685e-06,4.806579
DTHD1,4.798436,2.2159774,1.5990943434013276e-06,9.639888512531479e-06,4.798436
MICAL2,4.787553,1.140789,1.6882739841284956e-06,1.015559339730292e-05,4.787553
AURKB,4.7867155,1.1582576,1.6953284885425056e-06,1.0194894856730102e-05,4.7867155
TTK,4.7809315,1.7772669,1.7448485180924547e-06,1.0470161239507255e-05,4.7809315
INTS2,4.772027,1.4195797,1.823810470204926e-06,1.0927226969066133e-05,4.772027
LMBRD2,4.7600784,1.0685775,1.9351788120792297e-06,1.1562619540386677e-05,4.7600784
VEGFB,4.758176,1.4682984,1.953505006409573e-06,1.166855493450016e-05,4.758176
MPND,4.7576427,2.2638955,1.9586661449280415e-06,1.1695812976488227e-05,4.7576427
TMEM140,4.7545986,1.0691327,1.9884105939076357e-06,1.1862566616336774e-05,4.7545986
CARD8-AS1,4.746151,1.0308559,2.0732416234728585e-06,1.2353590769828529e-05,4.746151
ZMYND19,4.7436395,2.8406157,2.0991248653065156e-06,1.2488803698485223e-05,4.7436395
SNTB2,4.7366376,1.1514055,2.17293333202303e-06,1.288093288125618e-05,4.7366376
CNNM3,4.7322235,1.5668124,2.2207388828995087e-06,1.3156348307774018e-05,4.7322235
CAMSAP1,4.732071,1.6022006,2.222405232856007e-06,1.3162235350038239e-05,4.732071
PSAT1,4.728951,1.070592,2.256831193123428e-06,1.3353998423658676e-05,4.728951
POLH,4.717078,1.042443,2.3925581847312708e-06,1.411443429569536e-05,4.717078
METRN,4.714871,3.044556,2.418638712420147e-06,1.426399105624998e-05,4.714871
PVRIG,4.7102284,1.8933959,2.4743914826503292e-06,1.4570837355552705e-05,4.7102284
INO80B,4.706804,2.258822,2.516309159930509e-06,1.4808763200457203e-05,4.706804
SLC25A53,4.7052054,1.0110275,2.5361032186590075e-06,1.491628126922737e-05,4.7052054
LIN9,4.6944747,1.6724906,2.6729292063406658e-06,1.5673922298374033e-05,4.6944747
GATC,4.692039,1.091234,2.7049539338598566e-06,1.5852212811551266e-05,4.692039
ABHD14A,4.687929,1.418014,2.7598323298222675e-06,1.6154471740939912e-05,4.687929
TRIM62,4.673165,1.464309,2.965937130216326e-06,1.7309113559222508e-05,4.673165
MIR29B2CHG,4.6712623,1.4933859,2.993547379067571e-06,1.745462905649411e-05,4.6712623
ANKMY1,4.669664,1.8885496,3.0169303884050164e-06,1.7580492507537033e-05,4.669664
ZNF738,4.662358,1.1951127,3.126073880035434e-06,1.8200242095963514e-05,4.662358
PBK,4.653073,1.8409851,3.2702502597518094e-06,1.901701547780785e-05,4.653073
GOLGA8A,4.642418,1.1314048,3.443558088047044e-06,2.000105214215036e-05,4.642418
SHCBP1,4.6386123,1.1651666,3.507561889416453e-06,2.0336584015437376e-05,4.6386123
PRKCE,4.6364813,1.9678104,3.5439006451011927e-06,2.053510447833584e-05,4.6364813
SIK2,4.627044,1.2306113,3.709213729670396e-06,2.1442213962242335e-05,4.627044
EFCAB2,4.622554,1.1860697,3.79044241203857e-06,2.1860117040604402e-05,4.622554
IPMK,4.616846,1.2971144,3.89616293476557e-06,2.2449975355563213e-05,4.616846
LHFPL5,4.6166935,3.2927122,3.899020478408449e-06,2.2459827118485878e-05,4.6166935
ZNF75D,4.6166177,1.537592,3.900450003430761e-06,2.2461449578320522e-05,4.6166177
ZNF678,4.6159325,2.0793,3.913338354950141e-06,2.2522413214607163e-05,4.6159325
BCL6,4.602538,2.620629,4.173735351073657e-06,2.393659242374247e-05,4.602538
SYNJ2BP,4.6010156,1.1362467,4.204355434542113e-06,2.40910181971069e-05,4.6010156
PCGF3,4.599113,1.379205,4.242933326124305e-06,2.4276526118596608e-05,4.599113
SRF,4.594699,1.3096659,4.3337446311503334e-06,2.4767148055592795e-05,4.594699
CAPN15,4.5927963,1.0868487,4.3734591663872635e-06,2.497952392523817e-05,4.5927963
AP4S1,4.591807,1.2929441,4.394248294953468e-06,2.5090939782798208e-05,4.591807
LRIG2,4.582598,1.4080867,4.592342980443097e-06,2.616098033225925e-05,4.582598
FRAT2,4.579478,2.359869,4.661385553094719e-06,2.652340578742584e-05,4.579478
FAM20B,4.5777273,1.3509357,4.700550949933585e-06,2.6707427696951335e-05,4.5777273
ZNF14,4.5684423,1.5290968,4.9136245501814905e-06,2.7869508753029393e-05,4.5684423
ABL2,4.5672245,1.7050343,4.942245417614801e-06,2.8015602066015765e-05,4.5672245
KLRK1,4.5632668,2.1631727,5.0363700016102225e-06,2.850786467790247e-05,4.5632668
STXBP4,4.5558085,1.3978657,5.2184448771397595e-06,2.951286975603203e-05,4.5558085
AGFG2,4.5366297,1.0490942,5.716033293560511e-06,3.2122728170129833e-05,4.5366297
XYLB,4.536173,1.3540814,5.7284170762953966e-06,3.2183079342218864e-05,4.536173
DCUN1D2,4.5320635,1.7544729,5.841032740587602e-06,3.277812694804078e-05,4.5320635
SPON2,4.5305414,1.2173824,5.883277529381148e-06,3.2986812233504385e-05,4.5305414
COG7,4.5297804,1.0361818,5.904509427471109e-06,3.308689589826881e-05,4.5297804
PXN-AS1,4.5249095,1.865131,6.042140148099638e-06,3.381939314016411e-05,4.5249095
UST,4.5198865,1.7638985,6.187284847332169e-06,3.4612003971582584e-05,4.5198865
INPP5A,4.5180597,2.0782373,6.240887304500818e-06,3.4901881330229205e-05,4.5180597
CHPT1,4.5130367,1.3396556,6.390594922336713e-06,3.569830472174844e-05,4.5130367
TGFBRAP1,4.510525,1.0790678,6.4667312783661245e-06,3.608240594669755e-05,4.510525
METTL6,4.507557,1.1216927,6.557829634097745e-06,3.654902030191532e-05,4.507557
C9orf72,4.49812,1.265481,6.855704352889271e-06,3.81223139463874e-05,4.49812
NCAPG,4.49675,1.0770168,6.900005470756e-06,3.833597588067956e-05,4.49675
RETREG1,4.49127,1.0619239,7.079963507162347e-06,3.9302333590965335e-05,4.49127
IL15RA,4.4850297,1.0129539,7.2903828655204845e-06,4.039020722324599e-05,4.4850297
FAM135A,4.4848013,1.8257697,7.298193422681967e-06,4.0410596744493705e-05,4.4848013
LRRC37A3,4.4786367,1.7198105,7.512128831229597e-06,4.150122444085284e-05,4.4786367
LINC01801,4.474375,3.6240027,7.663526779043291e-06,4.230180310643699e-05,4.474375
FBXL6,4.474375,1.4054085,7.663526779043291e-06,4.230180310643699e-05,4.474375
TAB3,4.4730806,1.1782233,7.710061174131049e-06,4.254666583626519e-05,4.4730806
ZNF286A,4.46509,1.3665779,8.003522645346851e-06,4.409147835702342e-05,4.46509
HMMR,4.464633,1.0763205,8.020610419475738e-06,4.4173178915930545e-05,4.464633
JMJD8,4.4605994,1.305396,8.173074658110826e-06,4.4987545684926195e-05,4.4605994
ZNF451-AS1,4.455652,2.298003,8.363843065620461e-06,4.597294413147786e-05,4.455652
CAMKK2,4.4517713,1.0326236,8.516494987570705e-06,4.6772600032776746e-05,4.4517713
ZNF41,4.442867,1.4311999,8.876821541280806e-06,4.858787242511407e-05,4.442867
PANK3,4.440888,1.0020354,8.958849496836261e-06,4.898205279521988e-05,4.440888
SLC11A2,4.440888,1.4027025,8.958849496836261e-06,4.898205279521988e-05,4.440888
NOD1,4.440279,1.0067035,8.984234243145741e-06,4.9107121695496056e-05,4.440279
CCNG2,4.438605,1.3107094,9.054397163181107e-06,4.946299377139249e-05,4.438605
AIM2,4.4363213,1.0193192,9.150918050767486e-06,4.990667904610317e-05,4.4363213
SLC35F2,4.4341145,1.6620688,9.24515551595509e-06,5.0378502683433356e-05,4.4341145
GTF2H4,4.430994,1.7122412,9.379971193188954e-06,5.1042067938910306e-05,4.430994
CDC45,4.4255905,1.0894172,9.617886241598035e-06,5.2235025805048674e-05,4.4255905
ARMC9,4.424449,2.1690466,9.668882330314942e-06,5.2497416603663373e-05,4.424449
DHRS4-AS1,4.4214044,1.0194106,9.806137727720571e-06,5.3154155971201144e-05,4.4214044
WEE1,4.4056506,1.1114215,1.0546688526616988e-05,5.699464266468965e-05,4.4056506
KIF14,4.381753,1.3732028,1.1772818019095309e-05,6.327121752201511e-05,4.381753
ARSB,4.3793936,1.5846943,1.1900990465562365e-05,6.39249468652551e-05,4.3793936
HGSNAT,4.378176,1.1715003,1.1967663999452007e-05,6.42478049770307e-05,4.378176
ZNF565,4.3547354,2.0852659,1.3322780484444193e-05,7.12490211860082e-05,4.3547354
FOXO3,4.3495603,1.006733,1.3641091844034568e-05,7.291146823383458e-05,4.3495603
BRCA2,4.348875,1.0061901,1.3683760950297734e-05,7.311956151704699e-05,4.348875
PHF2,4.3472767,1.085524,1.3783817844775925e-05,7.359392840015696e-05,4.3472767
SGPP2,4.3465157,1.7244506,1.3831708895896223e-05,7.380934815241269e-05,4.3465157
PLEK,4.339742,1.0205218,1.4264988167450448e-05,7.593506214925746e-05,4.339742
MAST2,4.339514,1.4354373,1.427981625246523e-05,7.599332184613533e-05,4.339514
TRIM23,4.3387527,1.011393,1.4329349438572416e-05,7.619475810162637e-05,4.3387527
INCENP,4.330229,1.0830996,1.4895434126955425e-05,7.907592376458594e-05,4.330229
KIF3A,4.327337,1.106016,1.5092297161146347e-05,8.005586089707556e-05,4.327337
ACER3,4.326804,1.0690345,1.5128830943173166e-05,8.02061674061264e-05,4.326804
ZNF777,4.3265758,2.368583,1.514451407695791e-05,8.026756540030131e-05,4.3265758
DGAT1,4.325967,1.0216225,1.5186411584697297e-05,8.04678315432864e-05,4.325967
CHSY1,4.3207917,2.3412647,1.5547029707977142e-05,8.22227776555937e-05,4.3207917
IGLC2,4.3200307,3.194941,1.5600745427150846e-05,8.248456809470082e-05,4.3200307
SLC16A4,4.3148556,4.097516,1.597073202534491e-05,8.432684411007804e-05,4.3148556
TGFBR1,4.3104415,1.4093832,1.629290418839238e-05,8.588888716553398e-05,4.3104415
LYN,4.2961335,2.9423022,1.7380307066833294e-05,9.139958309158665e-05,4.2961335
RNF185,4.2847176,1.2395256,1.829716452025537e-05,9.591184445013583e-05,4.2847176
RFNG,4.2820535,1.7366198,1.851763295721405e-05,9.688584002854666e-05,4.2820535
PPARD,4.278629,1.0056585,1.8804812442419125e-05,9.825702800354004e-05,4.278629
NPIPB13,4.2775636,6.4995313,1.889501899273177e-05,9.870201058456361e-05,4.2775636
ST3GAL3,4.2754326,1.1332309,1.9076670091196644e-05,9.95711604013166e-05,4.2754326
ZNF100,4.273758,1.1744276,1.9220561572398476e-05,0.00010029545302631823,4.273758
SNED1,4.2671366,1.3228111,1.979977795091049e-05,0.00010312538060777654,4.2671366
CCDC71L,4.242554,1.8062204,2.2098996302550444e-05,0.00011437005015824044,4.242554
PAXIP1,4.2392817,1.3010287,2.242360211529035e-05,0.00011583554545723379,4.2392817
ERCC6,4.232813,1.0969498,2.307866387836248e-05,0.00011903091585972509,4.232813
SLC25A28,4.232356,1.0595987,2.3125585149491005e-05,0.0001192414888551357,4.232356
RNF157,4.22505,1.1371878,2.3888783670957994e-05,0.0001230470436623601,4.22505
CENPO,4.2182,1.1174775,2.4625999198446848e-05,0.00012661102267871988,4.2182
GPD1L,4.216983,1.0490922,2.4759305284471284e-05,0.00012719613699305174,4.216983
ORC1,4.216983,1.1891267,2.4759305284471284e-05,0.00012719613699305174,4.216983
KIF18A,4.209524,1.0692819,2.5590905003407965e-05,0.00013136485548444047,4.209524
PPM1L,4.205567,1.588108,2.604288251463807e-05,0.00013347488869733834,4.205567
CCDC134,4.1990213,1.6468933,2.680708770283991e-05,0.00013706848501938106,4.1990213
ESCO2,4.1925526,1.0426486,2.758332873964526e-05,0.0001408534908082929,4.1925526
PUS7,4.190726,1.5937501,2.780634255044226e-05,0.0001419182344880162,4.190726
SPDYE2,4.178016,2.4826205,2.94062828792909e-05,0.00014981050335380482,4.178016
FLCN,4.1777115,1.3936088,2.9445657366285257e-05,0.00014997205188533834,4.1777115
TAF4B,4.1754284,1.3871524,2.974256738366784e-05,0.00015132671829527102,4.1754284
GAN,4.173526,1.2464485,2.9992163864888923e-05,0.00015255696971877995,4.173526
DPYD-AS1,4.169949,2.6994667,3.046680413800169e-05,0.0001548504995772512,4.169949
SNX24,4.1547275,1.3903099,3.256753881460058e-05,0.00016492795018739753,4.1547275
ZDHHC18,4.1539664,1.0878658,3.267610749730802e-05,0.00016543494734988962,4.1539664
HOOK2,4.15214,1.1063653,3.2938076895033644e-05,0.00016671812950905802,4.15214
LINC00299,4.1516833,1.39764,3.300388030607031e-05,0.00016700799840423683,4.1516833
MSH5,4.1382885,1.4096227,3.499061533601114e-05,0.00017655914411940843,4.1382885
NPM3,4.136234,1.0622503,3.530526882553448e-05,0.00017805502587063367,4.136234
VCAN,4.1350923,2.3351557,3.548123546256977e-05,0.00017885028736001166,4.1350923
TRIT1,4.134864,1.1056546,3.551652858750914e-05,0.0001789820838012822,4.134864
ALKBH1,4.1293077,1.0221418,3.638567390587208e-05,0.0001831262517978665,4.1293077
IPO4,4.1279383,2.4693167,3.660306673873143e-05,0.00018412565808316112,4.1279383
ZFYVE16,4.1095963,1.3410106,3.96351219220319e-05,0.00019881570514491674,4.1095963
FUT7,4.1052585,1.5063905,4.0386328676189234e-05,0.0002023245467321226,4.1052585
GPR19,4.099246,2.2672942,4.14498412170661e-05,0.0002072809846500254,4.099246
ZNF169,4.0984087,1.3051103,4.1600016018294975e-05,0.00020787260302502453,4.0984087
LIPE-AS1,4.0930815,1.9513642,4.256783709523108e-05,0.0002125459138248231,4.0930815
MTFR2,4.0925484,1.1037825,4.266578544673884e-05,0.00021292631716954491,4.0925484
LSM14B,4.085623,1.3595136,4.395872928479646e-05,0.00021887644138546999,4.085623
NDST2,4.0844812,1.1133971,4.41753878851082e-05,0.00021984333421561474,4.0844812
ZNF227,4.075577,1.0535898,4.590042548313829e-05,0.00022784868743126586,4.075577
MTBP,4.073674,1.1959493,4.627721576579389e-05,0.00022966080601193376,4.073674
FOSL2,4.0718474,1.2551967,4.664169238833313e-05,0.0002314109119307563,4.0718474
B3GLCT,4.059138,1.7529048,4.925423663870719e-05,0.00024338558145106624,4.059138
GSTCD,4.0583005,1.8230665,4.943110253617815e-05,0.00024419788296590106,4.0583005
UBE3D,4.0516796,1.0381339,5.085131433874405e-05,0.00025077079611404826,4.0516796
WDR3,4.049092,1.0191454,5.141678032790617e-05,0.0002534954793289161,4.049092
DBF4B,4.0431557,1.560705,5.273662617972767e-05,0.00025967546579892077,4.0431557
DOT1L,4.039046,1.0423329,5.3669103507729545e-05,0.00026406764330883875,4.039046
PAQR3,4.0375237,1.6142043,5.4018413333568744e-05,0.0002655192946775366,4.0375237
ANKMY2,4.030065,1.005389,5.5761392959896295e-05,0.00027374283427979195,4.030065
HSPBAP1,4.028543,1.0778295,5.6123588783306294e-05,0.00027538274456161924,4.028543
NUP35,4.0216174,1.0898473,5.779990116168434e-05,0.0002832528088985322,4.0216174
B3GALT6,4.0203238,2.0961487,5.811826974702527e-05,0.00028459917477722483,4.0203238
ATP11C,4.0182686,1.0885546,5.8627329800766496e-05,0.0002868766165394846,4.0182686
IFNG-AS1,4.0088315,1.7747823,6.101994580560778e-05,0.0002971722995331342,4.0088315
CEBPD,4.007994,2.2048674,6.123660072360826e-05,0.00029815322293096953,4.007994
IL7,4.004798,2.0547316,6.207054649598294e-05,0.00030198817847672656,4.004798
CTU1,4.0038843,1.6340702,6.231078448538391e-05,0.00030308163828237446,4.0038843
S100A12,3.9996986,3.504106,6.342318224886744e-05,0.0003080329685395478,3.9996986
AKAP7,3.9915552,1.1072446,6.564137858730187e-05,0.00031825334395349926,3.9915552
FILIP1L,3.983488,2.8570585,6.791109927232098e-05,0.0003286877048134496,3.983488
ACAD11,3.9749641,2.7672067,7.038987690637157e-05,0.00033976051092843583,3.9749641
IPPK,3.9684188,1.2535512,7.235106152299109e-05,0.00034888259533807036,3.9684188
ANLN,3.9679623,1.1000361,7.248979966003959e-05,0.0003494654840472172,3.9679623
WDR62,3.9598188,1.6962141,7.500662140495403e-05,0.000360976283239582,3.9598188
DPY19L1,3.9573073,1.613736,7.579936302990092e-05,0.0003646120786059738,3.9573073
PRKCA-AS1,3.9480224,2.1724994,7.879943244884038e-05,0.0003782063512776327,3.9480224
FGFR1,3.942086,1.4146261,8.077596769367763e-05,0.00038702843678498625,3.942086
ZNF569,3.9361498,1.1672589,8.279930197831934e-05,0.00039623789217699994,3.9361498
EXO1,3.9315073,1.0263482,8.441493215763299e-05,0.0004037720343340412,3.9315073
PHLPP1,3.9101214,2.142919,9.224975079118893e-05,0.0004397425392160743,3.9101214
MIS12,3.9087515,1.0422218,9.277434409446693e-05,0.00044192024470314723,3.9087515
BCLAF3,3.906316,1.0746857,9.371391790554847e-05,0.00044617857556588134,3.906316
ARHGAP21,3.9044135,1.0817138,9.445420505201768e-05,0.00044948440769890127,3.9044135
ZNF736,3.9035761,1.0891191,9.478167783456165e-05,0.0004509331076748607,3.9035761
FLVCR1,3.889801,1.3167766,0.0001003264742602815,0.00047661773448050217,3.889801
USP45,3.888355,1.0647755,0.00010092596083173405,0.0004792330020760427,3.888355
MYOM2,3.882647,1.3381112,0.00010332553234305311,0.0004896764390624517,3.882647
CHIC1,3.8818097,1.1604074,0.00010368196458059739,0.0004912466544583849,3.8818097
FKTN,3.8793743,2.0298302,0.00010472546794053744,0.0004958306210163167,3.8793743
ITGB1-DT,3.8752646,2.4493563,0.00010650888709793883,0.0005039085838328015,3.8752646
DLGAP5,3.874808,1.0533748,0.00010670880432354288,0.0005047323865127114,3.874808
RTKN2,3.8732858,1.2698361,0.00010737775534974057,0.0005075284822907545,3.8732858
GGPS1,3.8685672,1.4706434,0.00010947673821449899,0.0005169500032290821,3.8685672
ADAM9,3.868415,2.3652701,0.00010954508758180938,0.0005171479550786118,3.868415
PDIK1L,3.8668928,1.3927428,0.00011023079907252616,0.0005201341394384354,3.8668928
UEVLD,3.8626308,1.1166915,0.00011217239748695982,0.0005286583511620495,3.8626308
CDCA2,3.8605762,1.096571,0.00011312000979286494,0.0005323550629213038,3.8605762
STRN4,3.8600433,1.3248246,0.00011336691680625019,0.000533388754042968,3.8600433
VPS33B,3.8503778,2.189989,0.00011793575289315716,0.0005536868552335171,3.8503778
ST3GAL5,3.8481708,1.0540696,0.00011900310845769432,0.0005580284750299934,3.8481708
SEC61A2,3.8438327,1.8789825,0.00012112761443929532,0.0005674467702533231,3.8438327
RNF19B,3.8389618,1.3805335,0.00012355562441485204,0.0005782675098181834,3.8389618
TMTC2,3.8380485,1.6482029,0.00012401595413650618,0.000580283163687985,3.8380485
DNLZ,3.831275,1.3690599,0.00012748087091351537,0.0005957835400132956,3.831275
L2HGDH,3.8311229,1.2878894,0.00012755977250178706,0.0005960099399032878,3.8311229
ZNF598,3.828307,1.0774752,0.00012902777994718546,0.0006027251367883803,3.828307
DSCC1,3.8274698,1.0036569,0.00012946727569452038,0.0006044895372919052,3.8274698
PGAM5,3.815445,1.0075377,0.00013593775725063374,0.0006325874040143641,3.815445
TMEM268,3.8117158,1.7360953,0.00013800553060885898,0.00064190449796866,3.8117158
GPR180,3.809052,1.0254041,0.00013950061276481624,0.0006485502472278271,3.809052
GTSE1,3.8080626,1.0360346,0.00014005980454718782,0.000650995310066359,3.8080626
MED26,3.8031156,1.5720997,0.00014288757421292936,0.0006635083180347893,3.8031156
DLG3,3.802659,1.1738282,0.00014315129221451279,0.0006645752042831759,3.802659
IFFO2,3.801289,1.5928407,0.00014394519915787138,0.000667943954735885,3.801289
PIK3R2,3.799767,5.5074134,0.0001448321802906034,0.000671741195526553,3.799767
ZNF420,3.7979405,1.2931641,0.0001459033513954943,0.0006762285125786433,3.7979405
AFG1L,3.7973316,1.588653,0.0001462620630971271,0.0006775700877567669,3.7973316
DENND5A,3.7894926,1.5132235,0.00015095527503185816,0.0006984849424978483,3.7894926
RTN4IP1,3.7844696,1.0534273,0.00015403671629188076,0.0007120695639970525,3.7844696
BMP2K,3.7816536,1.768626,0.00015578999274702384,0.000718815981625504,3.7816536
ZNF280C,3.7764785,1.8976707,0.00015906131443878276,0.0007327005181116058,3.7764785
RGPD8,3.776098,2.7113233,0.00015930438670481683,0.0007334748797740837,3.776098
SLC27A2,3.7539508,1.3539346,0.00017406894769244043,0.0007975137364658569,3.7539508
SP2-AS1,3.7451227,2.4557073,0.0001803057111283105,0.0008247363617014446,3.7451227
RMI1,3.7384253,1.1217265,0.00018517655339744842,0.0008450407641980576,3.7384253
NOMO1,3.7331738,1.3862472,0.00018908196818734338,0.0008612560413151618,3.7331738
SLC35A5,3.7300534,1.2372749,0.00019143910736630143,0.0008711815006846015,3.7300534
UTP25,3.721834,1.0433004,0.00019778102234910657,0.000898996293920399,3.721834
KIAA0825,3.7205403,1.3197489,0.00019879708928603678,0.0009029854789111345,3.7205403
SVIL,3.7191703,1.0208744,0.00019987826921955777,0.0009070542606883827,3.7191703
IKZF2,3.7173438,1.3732412,0.00020132843771748172,0.0009127884312455242,3.7173438
MCM10,3.7128534,1.0396636,0.0002049355631014155,0.0009278526373828085,3.7128534
ZNF567,3.712549,1.0058392,0.000205182298421532,0.0009287548497600135,3.712549
KIF2C,3.7020464,1.0246471,0.00021386754638392112,0.0009656114784588299,3.7020464
ASPHD2,3.7014375,2.627917,0.00021438147900751142,0.0009677086000505152,3.7014375
CPLANE1,3.6957295,1.3162508,0.00021925631832866275,0.000988345458893175,3.6957295
PDXP,3.689565,2.4628234,0.0002246379374161881,0.0010112066159098157,3.689565
SLFN11,3.6891844,1.2994599,0.00022497416642421685,0.0010124872328861718,3.6891844
OTUD3,3.681041,2.0744407,0.00023228368721698813,0.001042745398362474,3.681041
CATSPERB,3.6743436,2.279367,0.0002384616696385634,0.0010692525095067388,3.6743436
RNF103,3.6730497,1.8382764,0.00023967277359615902,0.0010739447752987495,3.6730497
FARP2,3.6723647,1.253503,0.00024031628026936188,0.0010758428213934737,3.6723647
SPSB1,3.6687877,1.1145765,0.0002437032334354005,0.001090257172351147,3.6687877
ELMO1-AS1,3.6652107,3.1564314,0.0002471349273735178,0.0011043471703231324,3.6652107
FNTB,3.6576002,1.5603423,0.00025458777948459397,0.001135317609150988,3.6576002
SEC31B,3.6571436,1.2560645,0.00025504158657045975,0.0011370821977695958,3.6571436
TSC22D1,3.6431398,1.8585204,0.0002693323134214347,0.0011977942520524168,3.6431398
ZNF438,3.6426833,1.2669079,0.0002698107167032103,0.0011996491943759187,3.6426833
CTNNA1,3.6394868,1.0233516,0.00027318190857966864,0.0012135354340719537,3.6394868
DNAAF5,3.6373558,1.4675202,0.00027545125903748126,0.0012227836290484195,3.6373558
FCN1,3.6358337,2.1121483,0.0002770830275193397,0.0012297483970284506,3.6358337
IL1RAP,3.6335506,1.4080441,0.0002795476739555211,0.0012404056426216865,3.6335506
MCM8,3.6292887,1.1779615,0.0002842034038730905,0.0012604923406592554,3.6292887
PARD6A,3.6288319,1.0715654,0.00028470651821603114,0.0012624376044530472,3.6288319
E2F7,3.6286798,1.6993561,0.0002848744083526647,0.0012628958818860314,3.6286798
ZNF852,3.6254072,1.5867064,0.0002885065602565772,0.0012775506610320667,3.6254072
ST7,3.6218302,2.0967147,0.0002925261900686141,0.0012944713901543738,3.6218302
SERPINB9P1,3.619547,1.7973946,0.0002951192769753846,0.0013050607936393958,3.619547
SLC9A7,3.613915,1.3181934,0.0003016079058563944,0.0013319484319110643,3.613915
AMN1,3.6133063,1.0614315,0.0003023173259320447,0.0013341780410099798,3.6133063
SETBP1,3.6070654,2.4289055,0.0003096795318438692,0.001364207356848454,3.6070654
FNIP2,3.6012814,1.855801,0.00031665262373688013,0.001392730622900263,3.6012814
ALKBH8,3.593899,1.4318228,0.00032576608085567893,0.0014302424658254264,3.593899
ZCCHC4,3.5878866,1.2066181,0.00033336914813110317,0.001462310578486758,3.5878866
C9orf40,3.5855274,1.106803,0.00033639774108291953,0.0014732835715108707,3.5855274
COQ3,3.585299,1.312719,0.00033669219292225595,0.001473913385034162,3.585299
NFIL3,3.584614,3.1953652,0.0003375769959785201,0.0014774561971164575,3.584614
ZCCHC3,3.578069,1.3628371,0.00034614218918122035,0.0015098774761253054,3.578069
KIF23,3.577536,1.1114451,0.00034684822910022764,0.0015122830095885148,3.577536
SBF2,3.574416,1.0305226,0.00035101073155253786,0.0015297501102494568,3.574416
LRRC37A2,3.566577,1.153903,0.00036167478719496387,0.0015723733027840597,3.566577
CNBD2,3.5642936,1.2541997,0.0003648373332462319,0.0015850659273894908,3.5642936
CABLES2,3.5633805,2.5069492,0.00036610957648827404,0.0015891819415977254,3.5633805
DMGDH,3.5627716,2.1047482,0.0003669600418125098,0.0015921672058064726,3.5627716
MTMR8,3.5604882,1.489188,0.000370165765298358,0.001605008574198597,3.5604882
CELF2-AS1,3.5579007,6.818119,0.00037383056144803516,0.001620180825341119,3.5579007
ANKRD33B,3.5547802,3.456175,0.000378294982603877,0.0016380783845082241,3.5547802
FAN1,3.5498335,2.8787236,0.0003854749781356046,0.0016669556623552509,3.5498335
ZNF235,3.5455716,1.3927736,0.0003917627444375846,0.0016926503385194646,3.5455716
TIMM23B,3.5428317,1.3438288,0.00039585535070474294,0.0017092006845962951,3.5428317
USP13,3.5377326,1.225572,0.0004035787015020831,0.001739094479408228,3.5377326
LINC01876,3.5289042,2.844468,0.0004172842402844505,0.0017953865465888583,3.5289042
ZNF814,3.518097,1.3617028,0.0004346533989696548,0.0018664247774935715,3.518097
TJP2,3.5160422,2.7086704,0.0004380314243819956,0.0018792806209837513,3.5160422
AP5B1,3.5104103,1.2325073,0.00044741576673788217,0.00191618116076316,3.5104103
CNNM4,3.5075183,2.0564353,0.00045230735361268535,0.0019362831536847576,3.5075183
MNDA,3.5063004,2.8818088,0.00045438186251576997,0.0019447384701899797,3.5063004
TNIP3,3.5013535,1.9872055,0.00046290119880333663,0.0019790366305841582,3.5013535
LINC02100,3.5008209,2.8162546,0.00046382750178546647,0.0019816979377593903,3.5008209
ZFYVE1,3.5005164,1.2333748,0.00046435759396486756,0.0019835296657289953,3.5005164
IFT74,3.4948084,1.2055641,0.0004744020797307308,0.002021580987842104,3.4948084
CEP162,3.4919164,1.20715,0.00047956829962530687,0.002041373175346531,3.4919164
ZNF682,3.485904,1.0169891,0.0004904769840652422,0.0020855396836568143,3.485904
PLCXD2,3.480957,1.3508048,0.0004996255413897755,0.0021225950051921684,3.480957
DMWD,3.4805005,1.6807501,0.0005004779962257247,0.002125755031505314,3.4805005
FGGY,3.480196,1.4722241,0.000501047052611153,0.0021277102268869447,3.480196
BRMS1L,3.4749446,2.1515744,0.0005109587265102118,0.00216603993941764,3.4749446
LACTB,3.4739554,1.1069962,0.0005128464851516685,0.0021735715879245936,3.4739554
TRGC2,3.466725,1.7388089,0.0005268402523183398,0.0022299827076282227,3.466725
ARL17B,3.464518,1.2984321,0.0005311824177185179,0.0022459329191693946,3.464518
DAB1,3.455766,1.8220108,0.0005487317811973403,0.002316131038496453,3.455766
POP1,3.455157,1.3034005,0.0005499724823242834,0.002320366868072785,3.455157
SPICE1,3.453635,1.2051394,0.0005530856770949351,0.00233249580374864,3.453635
CPEB2,3.4520366,1.2899354,0.0005563721929665053,0.002345344909945837,3.4520366
COG8,3.4520366,1.5707296,0.0005563721929665053,0.002345344909945837,3.4520366
FBXW8,3.4496012,1.9349068,0.00056141521097748,0.0023650748866323634,3.4496012
CCNE2,3.446557,1.1480336,0.0005677788519096037,0.002389825032085852,3.446557
NEK2,3.4462526,1.1282403,0.0005684188969646282,0.002392004510925558,3.4462526
NIPA1,3.445796,1.3412126,0.0005693802244521696,0.002395534773614288,3.445796
TENM1,3.444426,2.4229622,0.0005722732985924019,0.002405637788798307,3.444426
SLC16A6,3.4383376,3.1366997,0.0005852977834753337,0.0024572209884242287,3.4383376
B3GALNT2,3.4335427,1.3713145,0.0005957482287752009,0.002499485707691495,3.4335427
HAUS7,3.4298136,2.4062786,0.0006039961468837439,0.0025319187236977504,3.4298136
RP2,3.4154294,1.1860908,0.0006368152978049529,0.002662649946035752,3.4154294
FDX2,3.4124613,2.0612159,0.0006437907411205047,0.0026872221037214238,3.4124613
FAM13A,3.4116242,1.0996358,0.000645770984352571,0.0026943382988936265,3.4116242
AP4B1-AS1,3.407286,4.4298954,0.0006561232915962432,0.0027346156698520316,3.407286
QPRT,3.4021869,2.905838,0.0006684890426095002,0.0027843749650452746,3.4021869
RASGRF2,3.4002082,1.4334143,0.0006733457840826854,0.0028022182694449147,3.4002082
HABP4,3.3935869,1.0216146,0.0006898367514158392,0.0028671889447122218,3.3935869
MOSPD2,3.3925974,1.2333049,0.00069233291319573,0.002876952738461254,3.3925974
DNHD1,3.3902383,2.162722,0.000698319215518251,0.0028981358238093606,3.3902383
NFE2L3,3.3775284,1.5543866,0.0007314039774104404,0.003026456551061006,3.3775284
STK35,3.372353,1.0009965,0.0007452881340524857,0.003081952283841724,3.372353
MTCP1,3.3709834,3.5854766,0.0007490041088890845,0.0030966643572240874,3.3709834
MFSD12,3.3696895,1.1795404,0.0007525294325839722,0.003110582158175574,3.3696895
ZSCAN32,3.367939,1.901165,0.000757323516592923,0.0031284159959236476,3.367939
ZNF765,3.365808,1.006528,0.000763198067478709,0.0031480311518599026,3.365808
SKIL,3.363753,1.2552917,0.0007689028579782922,0.0031702256900377626,3.363753
EGLN3,3.3620026,1.6692617,0.0007737936944111772,0.003188375450039569,3.3620026
LINC00630,3.3595674,2.372837,0.0007806463915871523,0.003213228563436558,3.3595674
CD302,3.3524132,2.868499,0.0008011033487264154,0.003291892131011864,3.3524132
CCDC77,3.3416822,1.0136263,0.0008327232336014888,0.00341322334208503,3.3416822
ST8SIA1,3.3330822,1.1006713,0.0008588955088573213,0.003515345600778093,3.3330822
MAGI3,3.3318646,1.3441496,0.0008626623684496969,0.003528548751217322,3.3318646
STK3,3.3303423,1.4018232,0.0008673924849275786,0.0035456728943101855,3.3303423
LINC02580,3.3301902,4.15403,0.0008678668168815739,0.003546870900739064,3.3301902
ZNF337,3.3275266,1.1948522,0.0008762066557521162,0.003579459674270858,3.3275266
UBN2,3.3268416,1.3808297,0.0008783631629482503,0.0035875204284223257,3.3268416
MED18,3.3241777,1.0641686,0.000886796441215813,0.0036174343885159535,3.3241777
CEP85,3.3233407,1.1987547,0.0008894623625376639,0.0036267971473509077,3.3233407
CDC25C,3.3219707,1.5426241,0.0008938408090797806,0.0036431320458390226,3.3219707
CCNYL1,3.3167193,2.134193,0.0009108105883046318,0.003707664154762853,3.3167193
MLH3,3.3144362,1.4507593,0.0009182814726427633,0.003734968168088463,3.3144362
NOCT,3.3072062,1.4666382,0.0009423155365992035,0.003823979763619497,3.3072062
CCDC150,3.3038573,1.9304059,0.0009536434070728356,0.003867542837223057,3.3038573
GZMB,3.3020308,2.27904,0.0009598752814399385,0.0038912035440681,3.3020308
HJURP,3.3014982,1.1653373,0.0009617000037739789,0.00389779322159263,3.3014982
TMPO-AS1,3.285744,1.5290729,0.0010171339743956958,0.004108003634876156,3.285744
ACTR3C,3.2855918,1.053704,0.0010176837099684425,0.004109375740128453,3.2855918
TLR1,3.269381,1.0073607,0.0010778301218111132,0.004338815022341054,3.269381
NAGLU,3.2680113,3.1831024,0.0010830607266141597,0.004357181804766834,3.2680113
TBCEL,3.2653475,1.9933207,0.0010932986178011567,0.00439656131383745,3.2653475
YPEL1,3.2631404,1.1751332,0.0011018491647835503,0.004429125812753597,3.2631404
GPR18,3.2575846,1.0008882,0.0011236474583775646,0.004513040530692156,3.2575846
UBTD2,3.2553015,2.0485992,0.0011327207089335777,0.004547615681660289,3.2553015
CD70,3.250811,1.1187599,0.0011507626587862847,0.004617208059694488,3.250811
IMPA2,3.228588,1.6493658,0.0012440294519183504,0.004975100820588245,3.228588
MLLT1,3.2273703,1.00654,0.0012493363426705165,0.00499428264624651,3.2273703
TMTC3,3.227142,1.1477426,0.001250333708872157,0.0049972487776164965,3.227142
KCNMB4,3.2260766,3.657734,0.0012549978127044284,0.00501486567265678,3.2260766
ZDHHC8,3.2247827,1.8940285,0.0012606829626956154,0.005035526477654175,3.2247827
CCDC9,3.2222712,1.7231361,0.0012717867764490132,0.00507469894811466,3.2222712
FAM66A,3.2151933,3.8099759,0.0013035669303635496,0.0051909234215209476,3.2151933
IRAK1BP1,3.2137473,1.1440089,0.0013101491485327877,0.005213951299265728,3.2137473
SLC45A4,3.2101703,1.7098712,0.0013265634763856662,0.005276055712584292,3.2101703
ANGPT2,3.2092571,2.8075745,0.001330784669369752,0.005290693703825133,3.2092571
ANKRD23,3.1930463,2.7084293,0.001407803432325222,0.005564107768883043,3.1930463
DPY19L4,3.182848,1.6638044,0.0014583410261621607,0.005749912794668781,3.182848
PPARA,3.174172,1.3979654,0.0015026463900314692,0.005911496694840328,3.174172
PACRGL,3.169301,1.583098,0.0015280598107021343,0.006005437713560829,3.169301
GFI1,3.1658003,1.4678535,0.0015465695871004674,0.006073303969572937,3.1658003
FAM184A,3.1579614,1.6657586,0.0015887665724677563,0.006227761276051493,3.1579614
SLFN13,3.1550694,1.0323437,0.0016046002115596592,0.006288567382295095,3.1550694
PCBP3,3.145708,2.4046125,0.0016568525286108932,0.006468733096539897,3.145708
CDKN2B-AS1,3.1444905,1.8625307,0.001663763472580212,0.006493123979148302,3.1444905
OPN3,3.1439576,1.7686924,0.0016667953423177308,0.006503659273873053,3.1439576
MYO1D,3.143349,2.124905,0.001670266560120713,0.006513307303396195,3.143349
LINC00910,3.1425116,1.0506119,0.001675050344636743,0.00652805918021346,3.1425116
ZBTB21,3.1403806,1.1844065,0.0016872841845453266,0.006571810693308707,3.1403806
ADAP1,3.1374125,2.755315,0.0017044611738600073,0.006636071677296582,3.1374125
IGHA1,3.13551,1.6380237,0.0017155565054636428,0.006676612907500509,3.13551
PACS2,3.1289647,1.064149,0.0017542336758264428,0.0068162916140928976,3.1289647
STX18-AS1,3.1273665,1.1421896,0.0017637991013471452,0.006848020003008123,3.1273665
XRCC3,3.1224196,1.4416772,0.0017937111012202183,0.006948988087245543,3.1224196
NKRF,3.1214302,1.1229603,0.001799749168610615,0.006968241339804612,3.1214302
TIPARP-AS1,3.1180053,1.5592623,0.0018207947149096997,0.007045543006002176,3.1180053
C11orf65,3.1064372,2.2473557,0.0018935651656992595,0.007308339874241244,3.1064372
MAK16,3.1059046,1.0010848,0.0018969799125192297,0.0073186322807918544,3.1059046
ZFAT,3.1055238,1.9323123,0.0018994224790895874,0.007326611289340636,3.1055238
CCDC146,3.0931947,1.2441707,0.0019801418445194174,0.007618445854022014,3.0931947
CPNE8,3.0861168,1.3843532,0.002027891544489407,0.007789906113578468,3.0861168
AKAP1,3.0814743,1.1327221,0.0020597826063752113,0.007906203617408814,3.0814743
PECAM1,3.0737114,1.046186,0.002114138166235871,0.008103713151205392,3.0737114
GRAMD4,3.0735593,1.5926229,0.002115216990563286,0.008106260491841438,3.0735593
MIRLET7BHG,3.061154,2.1648414,0.002204857539092517,0.00842339951678297,3.061154
OTUD1,3.057577,1.0492547,0.0022313440497352516,0.008514613955776015,3.057577
UFL1-AS1,3.056131,5.037336,0.002242133876251368,0.008554118871219879,3.056131
CRTC3-AS1,3.051336,1.3799483,0.0022782536450030914,0.008685148514595849,3.051336
KLF7,3.0466936,1.0862782,0.0023137339287582297,0.008804968012046098,3.0466936
ICA1L,3.0409856,1.0730565,0.0023580506102320567,0.008964898842242256,3.0409856
CAPN10,3.0388546,1.0254062,0.0023747937815745902,0.009021542364172313,3.0388546
FGFBP2,3.0350494,1.2883797,0.002404963265001943,0.009130834530376023,3.0350494
LINC02384,3.0335271,1.0655993,0.0024171289841439067,0.009169906933254745,3.0335271
SMAD7,3.0301785,1.2331971,0.0024440920836425917,0.009266807574640233,3.0301785
URGCP,3.0192952,1.0605006,0.0025336342670545502,0.00958958517170666,3.0192952
MAFG,3.0138156,1.3057282,0.0025798451111363964,0.009745638829095947,3.0138156
PCNX3,3.0122936,1.0539362,0.002592817534357906,0.009790863279103725,3.0122936
CDRT4,3.0008776,2.2073138,0.0026920278882415012,0.01014201034214665,3.0008776
RCAN1,3.0007253,2.4396048,0.002693373816939779,0.010145127786309452,3.0007253
TRIM34,2.9957783,1.3808297,0.002737452662596323,0.010307191399208169,2.9957783
C11orf71,2.9893854,1.2640151,0.0027953921250109524,0.010513210282954894,2.9893854
MVB12B,2.9842103,1.7017341,0.0028431134112033973,0.010682419975120597,2.9842103
ZNF827,2.9793394,1.0948062,0.002888705856850889,0.010832923765208547,2.9793394
RHEBL1,2.9784262,1.1300678,0.0028973283763114002,0.010861096104915993,2.9784262
FCER1G,2.9771323,1.3198837,0.0029095838296727787,0.010902860279401941,2.9771323
NPEPL1,2.967619,1.0044751,0.0030011604868407458,0.011233111783951744,2.967619
DEPDC1,2.9641943,1.2129787,0.0030347665647690453,0.011354552990325178,2.9641943
FBXO10,2.9579535,2.6509094,0.003096888200590598,0.011573702885629644,2.9579535
DEFA3,2.9577253,2.469329,0.0030991827746204357,0.01158006655218115,2.9577253
ZNF587B,2.9552898,2.5688796,0.003123754865419656,0.01166297180052124,2.9552898
GCNT2,2.954681,1.5453675,0.0031299255769454666,0.011683781703485099,2.954681
AGAP1,2.9472985,2.6477134,0.0032056347929790042,0.011952717536016226,2.9472985
FMN1,2.945548,1.0731385,0.003223829514904395,0.012015980180504609,2.945548
EEF1AKMT4,2.9388509,1.3417134,0.003294316210489355,0.012269352799173143,2.9388509
SLAMF7,2.9364154,1.739812,0.003320293831518758,0.012361398343827828,2.9364154
FEM1C,2.9356544,1.0549239,0.0033284500176907154,0.01238940649537225,2.9356544
ATP8B1,2.928957,1.6504877,0.003401015152740989,0.012640278159323016,2.928957
PM20D2,2.9265215,1.0558141,0.003427757569540857,0.012737250307781143,2.9265215
ZNF589,2.9245427,1.8101494,0.003449626573424905,0.012811215181016996,2.9245427
ZNF782,2.91678,1.3340385,0.00353665215308639,0.013104565296647316,2.91678
SDCBP2-AS1,2.91541,1.1595457,0.003552215353244595,0.013149782450300839,2.91541
HMGA1P4,2.9151056,2.440364,0.003555682292440154,0.013160126933699438,2.9151056
WIZ,2.9059727,1.0906849,0.003661132644913003,0.013519728929167323,2.9059727
TET2-AS1,2.903994,6.0542393,0.003684351743395511,0.0135977734656287,2.903994
TRIO,2.9009497,2.3791432,0.003720334954437264,0.01371763979431475,2.9009497
CCR5,2.8937957,1.3976891,0.003806156302598106,0.014012957013967965,2.8937957
ANKRD46,2.8928826,1.0294058,0.0038172407498019653,0.014048479780350735,2.8928826
HEATR5A,2.8883162,1.3986076,0.003873104211577799,0.01424335711560879,2.8883162
PALB2,2.8859568,1.4458485,0.0039022570471102477,0.014337094610937538,2.8859568
TESK1,2.8797922,1.6099079,0.003979373741761162,0.014603973251834662,2.8797922
DDIAS,2.8787267,1.3575906,0.00399284194986969,0.014650652779870637,2.8787267
ZHX3,2.8762913,1.1324834,0.004023781968399328,0.014755878103005634,2.8762913
KANSL1L,2.8695939,1.8907768,0.004109992513936386,0.015052280275633016,2.8695939
MSANTD4,2.8622878,1.7044188,0.004205949268081755,0.015383554257537155,2.8622878
OVOL2,2.8586347,2.8170128,0.0042546857450138234,0.015541476695618908,2.8586347
SAP30L-AS1,2.8534594,2.3211088,0.004324605993292194,0.01576744737781659,2.8534594
RHOQ,2.8512523,1.9914705,0.004354740538390955,0.015865492991106726,2.8512523
ST6GALNAC3,2.84113,3.8676138,0.0044953967997975785,0.01633232910851077,2.84113
PITPNM2,2.839532,1.3569721,0.004517978161669361,0.016408277035550492,2.839532
ZCCHC14,2.8394558,2.610109,0.004519056023372702,0.01640914608746651,2.8394558
CCL4,2.8270504,2.315382,0.004697893147815371,0.01700487848990958,2.8270504
MREG,2.825985,1.2356455,0.004713548272860477,0.0170552353186638,2.825985
TYROBP,2.8226361,1.3058567,0.004763058017479089,0.017212099591141422,2.8226361
LINC00115,2.818907,2.0854707,0.0048187474150034465,0.017394069252312752,2.818907
WIPI1,2.8155584,1.0417216,0.004869255561153748,0.01756019034660091,2.8155584
C8orf82,2.8080237,1.3184948,0.004984654299874894,0.01793009473160881,2.8080237
PINK1,2.805208,1.6930361,0.005028414105779933,0.018074211466183272,2.805208
CACTIN,2.7940962,1.0652325,0.005204497486169089,0.018676252853357184,2.7940962
PSKH1,2.7896821,1.1385058,0.005275981049150611,0.01890503518948529,2.7896821
SMIM13,2.7813866,1.1576172,0.005412724729256702,0.019359568178047,2.7813866
CFLAR-AS1,2.7705033,2.7744684,0.005596973037402191,0.019978396277979947,2.7705033
MICALL1,2.763121,1.3503886,0.005725154007071024,0.02041731613092141,2.763121
AKNAD1,2.7610662,2.5501804,0.0057613012030825125,0.02053499853222561,2.7610662
CHKA,2.7577174,2.082839,0.005820648880657548,0.02072011229701781,2.7577174
ERLIN1,2.7570324,1.4212896,0.005832855863316354,0.02075601446324321,2.7570324
TMEM273,2.7558908,1.0422561,0.0058532521288384536,0.020824806846747427,2.7558908
NRIP1,2.7503352,1.0901448,0.00595343468444287,0.021158156539262275,2.7503352
CAB39L,2.745312,1.3855091,0.006045337909911428,0.021445825275769912,2.745312
ERMN,2.7441704,2.2462633,0.0060664024266050024,0.021512751483111037,2.7441704
DHCR24,2.7412784,1.3597896,0.006120062083279284,0.02168731887823416,2.7412784
FRAT1,2.7348855,1.8300328,0.006240197932785346,0.02207306456051042,2.7348855
TSPAN18,2.7327545,1.4143475,0.006280712499114437,0.02219631247655252,2.7327545
AFDN,2.7319934,1.3024744,0.006295239269867856,0.022243633447593752,2.7319934
MLYCD,2.7304714,1.0298383,0.006324383573325982,0.0223385447225348,2.7304714
LINC02422,2.7240784,2.7973,0.006448120215756504,0.022734561510256445,2.7240784
CLIC5,2.7219474,1.3009876,0.006489847193828839,0.022869319266854444,2.7219474
MED12L,2.7205775,3.9703615,0.006516799783174782,0.022943637667715747,2.7205775
CDKL1,2.7204254,1.1587883,0.0065198007216569695,0.022950073848063243,2.7204254
FECH,2.714565,1.106679,0.006636286163737102,0.02330979135738783,2.714565
KIF9-AS1,2.710912,1.0758334,0.006709843939589453,0.02353858483504597,2.710912
CDC25A,2.6990395,1.2860969,0.006953995259959027,0.0242992462940854,2.6990395
NADK2,2.69531,1.0149609,0.007032314232094776,0.024559758146284236,2.69531
SPATA1,2.6934836,1.3472699,0.007070962780827296,0.0246859232284083,2.6934836
MORC4,2.690135,1.4364169,0.007142314097894746,0.024917240554038936,2.690135
RPS6KA2,2.6896021,1.6218952,0.00715372484481891,0.02494815322819755,2.6896021
TRIB1,2.6875472,1.0660539,0.007197891173496944,0.025084298216026393,2.6875472
DIAPH2-AS1,2.6848836,4.0011315,0.00725550802080986,0.0252625944753038,2.6848836
CCDC85C,2.680241,1.2387202,0.007356915911931856,0.025570183048789084,2.680241
GTF2H2C,2.676664,1.0886102,0.007435915179911332,0.0258218257747125,2.676664
CALML4,2.6751418,25.255465,0.007469762038917337,0.025930158520052232,2.6751418
CNNM3-DT,2.6505594,4.229224,0.008035856185509335,0.027767196510338456,2.6505594
KIF20A,2.6478198,1.2731798,0.008101271718002966,0.02797347537989801,2.6478198
BEST1,2.6454604,1.9534976,0.008157983304705647,0.02816432909429783,2.6454604
TFEB,2.62377,1.2546265,0.00869624704066455,0.02982789870144153,2.62377
PRPF40B,2.623009,1.7022729,0.008715696915774522,0.029889372107934777,2.623009
EVA1B,2.621563,1.6877935,0.008752758809594476,0.030011211562317276,2.621563
RAI1,2.6213346,1.4968104,0.008758623543332934,0.03002605912682881,2.6213346
CASTOR2,2.6198125,3.4888208,0.008797811583160047,0.03014455910685971,2.6198125
DISP1,2.6196604,2.3754854,0.008801738990341439,0.030152736092962408,2.6196604
FRMD5,2.6176815,3.2016246,0.008852938015993253,0.03031221191547786,2.6176815
DOCK5,2.6120496,3.3229544,0.009000117594531771,0.030773073753240905,2.6120496
IGSF9B,2.611441,1.6338204,0.009016159056662199,0.030822536761140096,2.611441
SAMD12,2.610984,1.2606504,0.009028206902731789,0.030858332344568674,2.610984
G2E3-AS1,2.606722,4.537947,0.009141348522996275,0.031201449136227303,2.606722
ARHGAP31,2.605809,1.319341,0.009165757194246338,0.031258998174078755,2.605809
IFNLR1,2.59797,2.150534,0.009377669199133236,0.03190233499454784,2.59797
DGKQ,2.5927947,1.0985723,0.00951995689728835,0.0323414091260657,2.5927947
RBAK,2.5813026,1.0756907,0.009842824522195768,0.03335140956715615,2.5813026
TEX2,2.5762796,1.1076845,0.009986984050211412,0.033769708639111266,2.5762796
ERCC6L,2.5759752,2.3117144,0.009995781130367597,0.03379361526590068,2.5759752
XRCC2,2.5731592,1.0938028,0.010077481887316431,0.03403454704366723,2.5731592
MIR222HG,2.5687451,1.8491554,0.010206750399605431,0.034435464106806736,2.5687451
IRAK3,2.5647116,1.8529195,0.010326163679201023,0.03478436406861863,2.5647116
ZC4H2,2.5593078,1.5734187,0.010488080312015403,0.035287268835199004,2.5593078
TSNARE1,2.5590796,1.2033226,0.01049497132256336,0.03530438350351037,2.5590796
CLUH,2.5461414,1.0619562,0.010892103190589763,0.03652727938876787,2.5461414
CFAP44,2.5371609,1.3571728,0.011175557033406414,0.03738176068883704,2.5371609
EVI5,2.5341167,1.6072282,0.011273119343425814,0.03766946709565511,2.5341167
NSMF,2.526506,1.1041471,0.011520341469293814,0.03841029849567922,2.526506
MXRA7,2.5223203,1.465721,0.011658354502719265,0.03884397767907553,2.5223203
MAN2A2,2.5217874,1.267866,0.011676024608904687,0.03889622906827493,2.5217874
TMEM241,2.517221,1.8208135,0.011828459899951056,0.03935044259133666,2.517221
FUT10,2.5155468,1.030797,0.011884793488475319,0.03952441179172077,2.5155468
C1orf21,2.5125024,1.5789702,0.011987827950003619,0.039819693995191106,2.5125024
DIRC3,2.5120459,2.7039611,0.012003351227254077,0.039857725575243134,2.5120459
ZNF337-AS1,2.50375,1.0421612,0.01228847649801236,0.040721576310432835,2.50375
PDE5A,2.5032935,1.6178445,0.012304344274016131,0.04076725512257834,2.5032935
FANCE,2.4991076,1.9485139,0.012450646788059454,0.04121709632020765,2.4991076
MSC-AS1,2.497738,1.0214684,0.012498861096296773,0.04136970803997552,2.497738
CCDC102A,2.490888,1.582633,0.012742421014469457,0.042083323951246976,2.490888
SSX2IP,2.4855607,1.1475835,0.01293475100871562,0.04266091483879104,2.4855607
GFOD1,2.482973,1.6361852,0.013029091700363078,0.04294311375993005,2.482973
RAP2C-AS1,2.4727747,1.6687089,0.013406857360095963,0.04407684556827248,2.4727747
ITFG2-AS1,2.4612827,1.1911744,0.013844119974544435,0.04543044435047552,2.4612827
SGCE,2.457858,1.5782436,0.013976842868381825,0.0458275571797077,2.457858
MYH10,2.4497907,1.3627346,0.014293927107602626,0.04679664809127793,2.4497907
EIF5AL1,2.4490297,1.273951,0.014324165786017931,0.04688780128818985,2.4490297
ZDHHC14,2.448573,2.0026276,0.014342336065943598,0.046923730502990195,2.448573
NT5DC2,2.4324384,1.4521772,0.014997540751221387,0.048879393307778164,2.4324384
TWSG1,2.4301553,1.0560318,0.015092356737459662,0.049155665219475814,2.4301553
USP30,2.4239907,1.0952544,0.015351001909636867,0.04991498926018183,2.4239907
RAB24,-2.4376898,-1.1377777,0.01478145284463607,0.0482394044802933,-2.4376898
RGPD4-AS1,-2.4724705,-25.775948,0.013418281226909303,0.04410699261685894,-2.4724705
FRK,-2.4946935,-5.120017,0.01260659635785627,0.04166287409737063,-2.4946935
LINC02503,-2.502761,-7.237654,0.012322879618693211,0.040821755269779714,-2.502761
CELF4,-2.5358672,-25.897501,0.011216929011244027,0.03751373558229758,-2.5358672
PDCD4-AS1,-2.6018515,-1.4117767,0.009272201664002486,0.03157647792572235,-2.6018515
DCUN1D3,-2.6153984,-2.7310894,0.008912344283023206,0.030510278679180915,-2.6153984
EYA1,-2.6246834,-5.568212,0.00867295840056598,0.029758451688983882,-2.6246834
MIPOL1,-2.6297064,-7.825379,0.008545864488712742,0.029379036597879646,-2.6297064
PMS2,-2.7212625,-1.0196666,0.006503310928931093,0.022909663739439222,-2.7212625
TRPT1,-2.726057,-1.0098139,0.006409590022368528,0.02261501218133923,-2.726057
SIX3,-2.7455404,-4.8669043,0.006041132921947041,0.021438681359568317,-2.7455404
PRMT5-AS1,-2.7927265,-3.652868,0.00522658782870114,0.018748647228602,-2.7927265
FOSB,-2.8333673,-2.2932222,0.004606043498403566,0.01669712100347554,-2.8333673
TRAV8-3,-2.8566558,-2.0052106,0.004281297988311252,0.01562118945278288,-2.8566558
NCF1,-3.0187626,-1.0455363,0.0025380935326851095,0.009602748307730514,-3.0187626
UBXN11,-3.0734832,-1.1909598,0.0021157565920251527,0.008106740746572976,-3.0734832
NEUROD1,-3.1064372,-26.251394,0.0018935651656992595,0.007308339874241244,-3.1064372
STAG3,-3.1254637,-1.2116668,0.0017752490245809844,0.006885643788503608,-3.1254637
SPTLC3,-3.1974607,-6.6893983,0.0013864338197817168,0.005491849592204177,-3.1974607
TRBV20-1,-3.2076588,-1.6857969,0.0013382015908038208,0.00531586048088696,-3.2076588
LRRK1,-3.3155777,-4.2823963,0.0009145389610594583,0.0037205194158028026,-3.3155777
TBC1D17,-3.3184698,-1.1728177,0.000905121099757929,0.0036852704286440188,-3.3184698
FBXO15,-3.3792028,-3.744319,0.0007269637374513278,0.0030093561274481878,-3.3792028
TACC2,-3.3906188,-7.2160296,0.0006973504404545437,0.0028953433946137305,-3.3906188
PSPH,-3.4518082,-1.3971795,0.0005568431773650122,0.0023468247457847425,-3.4518082
MSR1,-3.5412333,-4.457837,0.0003982611164486416,0.0017184506122749767,-3.5412333
COL8A1,-3.550214,-26.360363,0.0003849181810342834,0.0016652838749676893,-3.550214
ADD2,-3.6417701,-5.847332,0.0002707699137932631,0.0012036405436407478,-3.6417701
OR2M3,-3.6770072,-26.380552,0.0002359862783023168,0.0010588808745287171,-3.6770072
DPP6,-3.8506823,-4.502027,0.0001177892418692999,0.0005531317218378835,-3.8506823
RIN2,-3.8935301,-4.1474485,9.879590492825671e-05,0.00046968859757923404,-3.8935301
GPR25,-4.0124846,-2.0668497,6.008300738134719e-05,0.0002933393933229046,-4.0124846
PHF1,-4.0203996,-1.1382976,5.809949630194181e-05,0.0002845784589828279,-4.0203996
CHST5,-4.0573874,-26.53747,4.9624733707952444e-05,0.000245092576778701,-4.0573874
NBPF9,-4.165078,-2.0727813,3.1124611568500535e-05,0.0001579477176277019,-4.165078
LDLRAP1,-4.2519155,-1.0612607,2.1194985508663615e-05,0.00010989493281227599,-4.2519155
FOS,-4.4392896,-1.5882713,9.025631100736612e-06,4.931961725194472e-05,-4.4392896
ARHGEF26,-4.47818,-3.4837067,7.528212207939309e-06,4.1578339397391024e-05,-4.47818
GPR85,-4.564561,-26.82169,5.005411219154747e-06,2.8357234144881323e-05,-4.564561
NBPF19,-4.657487,-1.8002967,3.2009296481976167e-06,1.8619438571917646e-05,-4.657487
TRBJ2-3,-4.8546023,-4.147223,1.206284607530957e-06,7.374125960689087e-06,-4.8546023
TTC7B,-5.102101,-3.7317388,3.35903926957209e-07,2.1968476078538324e-06,-5.102101
PRRT2,-5.1543097,-5.714469,2.5456688769918914e-07,1.6874542203583107e-06,-5.1543097
INTU,-5.1686177,-9.088707,2.358316945525524e-07,1.5717829015682376e-06,-5.1686177
MRPL23,-5.251726,-1.3492247,1.506805067270565e-07,1.0266421154718112e-06,-5.251726
OLMALINC,-5.2614675,-3.1102269,1.4291006042228264e-07,9.777846371829465e-07,-5.2614675
GET4,-5.2992163,-1.4108014,1.1630071488205786e-07,8.02741583355241e-07,-5.2992163
LINC01873,-5.3929033,-7.879381,6.9328201795959e-08,4.890462338656545e-07,-5.3929033
MCMDC2,-5.5129995,-4.895712,3.527693239143771e-08,2.5671216550228825e-07,-5.5129995
JUN,-5.527536,-1.2479529,3.247599926978615e-08,2.3756648736866367e-07,-5.527536
PRRG3,-5.5789075,-27.080935,2.4203369455135605e-08,1.7987525009422468e-07,-5.5789075
SSH1,-5.6351504,-1.5608615,1.7490570719229284e-08,1.314850126138604e-07,-5.6351504
IFITM3,-5.682184,-1.4027966,1.3298539041864475e-08,1.010585677558074e-07,-5.682184
SDC3,-5.709963,-6.4422503,1.1300076166859382e-08,8.65439884278295e-08,-5.709963
ERVMER34-1,-5.993764,-9.791007,2.0503894923598387e-09,1.6993655902794293e-08,-5.993764
MYO10,-6.1118813,-6.336848,9.846350017515987e-10,8.435787090313171e-09,-6.1118813
PTP4A1,-6.492109,-5.310152,8.46429734152251e-11,8.063747340745496e-10,-6.492109
KCNQ1OT1,-6.6918125,-3.1123471,2.2042340844693153e-11,2.2267657493492805e-10,-6.6918125
HLA-DRB5,-6.913891,-1.5447986,4.71537577301117e-12,5.0559163356867164e-11,-6.913891
CHTF8,-7.3810325,-1.6124797,1.570667552947312e-13,1.9019073438163984e-12,-7.3810325
DAAM1,-8.176345,-1.512471,2.9258376761481996e-16,4.3340493298158945e-15,-8.176345
WASHC1,-8.925994,-2.1528275,4.417165563064889e-19,7.808048395488143e-18,-8.925994
CD82,-8.978127,-1.1202232,2.754165813385926e-19,4.95800521033448e-18,-8.978127
PTPRCAP,-9.47845,-1.2667395,2.5808750862836982e-21,5.2937697786582186e-20,-9.47845
AMFR,-9.616812,-2.021759,6.79032341550638e-22,1.4411393556901176e-20,-9.616812
OVCA2,-9.808372,-2.0808294,1.0362714620511903e-22,2.3148127818969967e-21,-9.808372
ZYX,-9.98395,-1.0079881,1.791893488962833e-23,4.179233825032743e-22,-9.98395
SCYL3,-10.333354,-2.2288494,4.978858207720634e-25,1.2636355046521059e-23,-10.333354
PYURF,-10.440816,-1.1605232,1.614165276371277e-25,4.200264112770365e-24,-10.440816
AXL,-10.495004,-7.2600365,9.10736960590481e-26,2.40179256668929e-24,-10.495004
USHBP1,-10.712212,-4.028162,8.920451373648865e-27,2.5079797770051866e-25,-10.712212
CD99,-11.520538,-1.1820263,1.0395905245509744e-30,3.544025676727085e-29,-11.520538
MT-ND6,-11.881588,-1.2411557,1.47538118667579e-32,5.705584794638707e-31,-11.881588
ZNF688,-11.89795,-2.2927506,1.2128925286299102e-32,4.709103373061524e-31,-11.89795
SLC25A6,-12.117137,-1.163605,8.570069905947354e-34,3.560491038632225e-32,-12.117137
IFITM1,-12.324451,-1.7744553,6.689739565662672e-35,2.97510963229289e-33,-12.324451
MT-ATP8,-12.499116,-1.426232,7.548650086172219e-36,3.5507688674571633e-34,-12.499116
ALDOA,-13.301506,-1.7355546,2.2685301678973337e-40,1.3743219295794124e-38,-13.301506
PDGFA,-13.372285,-7.871747,8.780172763342753e-41,5.385906602918213e-39,-13.372285
PPDPF,-13.720016,-1.1262885,7.704920985013808e-43,5.025663127825007e-41,-13.720016
CNN2,-13.949248,-1.0291872,3.1794049826281916e-44,2.214042587191048e-42,-13.949248
CLDN11,-14.517839,-29.52707,9.340853391617001e-48,7.981738828260326e-46,-14.517839
TNFSF13B,-15.505397,-3.724455,3.189412766858115e-54,3.737151438435904e-52,-15.505397
MT-ND1,-16.41114,-1.022135,1.5918941149406553e-60,2.7566534549698003e-58,-16.41114
FGF23,-16.974403,-11.347853,1.2703870563088941e-64,2.762103768650271e-62,-16.974403
PCBP2,-20.817703,-1.4484651,2.991855551156302e-96,3.252479412501473e-93,-20.817703
MT-ND5,-21.55213,-1.4845095,5.056578234773865e-103,7.61131714600423e-100,-21.55213
RPL41,-25.16087,-1.7295872,1.0746257519950707e-139,5.257069178759885e-136,-25.16087
MT-ND4L,-25.34071,-3.7418964,1.137635249065483e-141,1.1130623276856685e-137,-25.34071
