names,scores,logfoldchanges,pvals,pvals_adj,rank_score
NDUFB8,25.64002,3.320566,5.4632613477854574e-145,3.563503268448861e-141,25.64002
JUND,25.384638,3.1728938,3.727255636702285e-142,1.8233734574747578e-138,25.384638
KLF2,24.898304,2.3210912,7.761615449515325e-137,3.037585822322318e-133,24.898304
GNAS,24.605453,2.063979,1.1043549583167261e-133,3.6016696373902826e-130,24.605453
ATP5PO,24.117283,2.8457172,1.646730313974367e-128,4.603316969121488e-125,24.117283
EIF4A1,23.595316,2.836939,4.305467592936558e-123,1.053117373232282e-119,23.595316
ARPC4,23.516264,2.4841833,2.780872043761926e-122,6.046233794703708e-119,23.516264
EEF1G,23.299173,2.0138657,4.519667827246944e-120,8.84408600435682e-117,23.299173
PTPRJ,22.569164,3.42233,8.70744486875792e-113,1.3106713937834998e-109,22.569164
ARHGAP15,22.53005,2.3104048,2.1071455435267534e-112,2.9451874282665367e-109,22.53005
CUL3,21.9684,2.6921406,5.776886482836743e-107,7.065132168509337e-104,21.9684
BCL11B,21.713396,2.3990734,1.5329978375246948e-104,1.7645706873343075e-101,21.713396
PHACTR2,21.690739,2.7633145,2.509291668253402e-104,2.7278788535768094e-101,21.690739
RPS17,21.5858,1.9679785,2.442244688848431e-103,2.515254951125584e-100,21.5858
FAF1,21.581877,3.0185554,2.658589141324656e-103,2.6011636158720433e-100,21.581877
SIK3,21.51909,2.9374743,1.0316597919023077e-102,9.176144912701979e-100,21.51909
NDUFC2,21.485546,2.5074663,2.125506928087215e-102,1.8083443290787227e-99,21.485546
CSNK2B,21.430355,2.3845956,6.964637369296615e-102,5.678501001766507e-99,21.430355
CASK,21.327253,3.426157,6.342465406423565e-101,4.964374522915853e-98,21.327253
CD81,21.242886,2.9985375,3.835912614903385e-100,2.8869668480165165e-97,21.242886
KLF12,21.079212,2.6042378,1.234199139356682e-98,8.944743984789464e-96,21.079212
FOXO1,21.030857,2.9739518,3.424048913970327e-98,2.3929210410204057e-95,21.030857
FAM107B,20.8713,1.7281651,9.764430597546011e-97,6.588633721820012e-94,20.8713
URI1,20.861616,2.550021,1.1956459087025364e-96,7.79879971383041e-94,20.861616
U2AF1,20.848831,3.7961493,1.5619416684570217e-96,9.859378893021613e-94,20.848831
DLEU2,20.805096,3.1178653,3.8918314618414825e-96,2.3798549389160665e-93,20.805096
BRI3,20.637182,3.2474425,1.2726843804903008e-94,7.546632714374001e-92,20.637182
NCK2,20.575726,2.7665436,4.52896927009871e-94,2.60655501992034e-91,20.575726
UBE2R2,20.552498,2.657714,7.310296390484037e-94,4.0870822791140464e-91,20.552498
MAP2K2,20.542372,2.8613813,9.005647373273371e-94,4.895069661117037e-91,20.542372
NDUFA7,20.517056,3.147968,1.516248642240668e-93,8.018906332801457e-91,20.517056
GNB1,20.512117,2.0441918,1.6782547654829848e-93,8.642128750255539e-91,20.512117
GNAI2,20.504967,1.5985006,1.944059081731813e-93,9.754191823417466e-91,20.504967
UBALD2,20.34661,2.613237,4.975160421448517e-92,2.4338484781726147e-89,20.34661
PIP4K2A,20.333889,2.4012585,6.448462288451563e-92,3.0776465868395164e-89,20.333889
TAF10,20.328129,2.2538357,7.251593203026026e-92,3.3785518046860306e-89,20.328129
MZT2B,20.125849,1.7032036,4.382114990875733e-90,1.9613284653714475e-87,20.125849
SMAP2,20.125532,1.9258105,4.410182567270222e-90,1.9613284653714475e-87,20.125532
MBD2,20.116228,2.4648316,5.320561367409589e-90,2.313616551943796e-87,20.116228
STAG1,19.948124,2.4285407,1.5561722760169713e-88,6.619821542847846e-86,19.948124
IL2RG,19.937302,1.7917857,1.932099312034573e-88,8.044110497423941e-86,19.937302
ATXN1,19.927872,2.4061294,2.3327591960207552e-88,9.509881655777944e-86,19.927872
CDC42SE2,19.796162,1.7940477,3.212650204176421e-87,1.2829620243943716e-84,19.796162
STK24,19.738249,2.2523112,1.0122591271158776e-86,3.9615773198806987e-84,19.738249
PLCL2,19.57926,2.7876275,2.3237264806268673e-85,8.915819563315008e-83,19.57926
NDUFA13,19.534386,1.8294989,5.601563129232691e-85,2.1079112944774095e-82,19.534386
MAP3K5,19.530842,2.546232,6.004183427091961e-85,2.2167898358742544e-82,19.530842
ESYT2,19.527424,2.3301685,6.419732282559082e-85,2.3263207649095578e-82,19.527424
PACS1,19.515778,2.3366613,8.063215895448251e-85,2.868745611675116e-82,19.515778
ARL15,19.505526,3.0070224,9.854057750320611e-85,3.4432893224691736e-82,19.505526
PRKCB,19.484322,2.116705,1.491416490021695e-84,5.1200066450428996e-82,19.484322
DDX39B,19.439196,2.059496,3.597665033204765e-84,1.213777747754325e-81,19.439196
COP1,19.311155,2.3169432,4.327795740531231e-83,1.4353611364527987e-80,19.311155
HNRNPD,19.27508,1.642918,8.696697037035699e-83,2.8362827936785758e-80,19.27508
CHST11,19.24242,2.3294702,1.6339629643563255e-82,5.2415388994302586e-80,19.24242
RABGAP1L,19.169636,1.9941918,6.637263908636981e-82,2.0948061316807814e-79,19.169636
UBE2M,19.127989,3.311407,1.476610989394401e-81,4.586400609598356e-79,19.127989
SKAP1,19.109571,1.6035392,2.1018877343144709e-81,6.426521747666494e-79,19.109571
ARIH1,19.032862,2.4523647,9.113740608166126e-81,2.7053519052236103e-78,19.032862
FYN,19.032799,1.8118774,9.124756017209642e-81,2.7053519052236103e-78,19.032799
RASA2,18.977354,2.0748947,2.6248345677075802e-80,7.666084003119691e-78,18.977354
FBXO11,18.967924,2.83422,3.140661072299497e-80,8.982104506165347e-78,18.967924
PICALM,18.967482,2.2297683,3.1672384041568323e-80,8.982104506165347e-78,18.967482
GLS,18.918556,2.2112992,8.022159738416498e-80,2.210952419173719e-77,18.918556
CDV3,18.85729,1.9000305,2.5600962661727452e-79,6.8624607858175725e-77,18.85729
GLRX5,18.854506,2.5083702,2.6985170696045733e-79,7.135754326759769e-77,18.854506
LRBA,18.826405,2.028584,4.588861384618393e-79,1.1972645276561695e-76,18.826405
ARID1B,18.790201,2.0469875,9.08351709919361e-79,2.3387666131186915e-76,18.790201
BRD7,18.781466,2.1918824,1.0708141677817234e-78,2.7212586539159434e-76,18.781466
ABHD17A,18.762035,2.1001248,1.5437194278134577e-78,3.872756636340223e-76,18.762035
PTEN,18.751719,2.2257762,1.8743242845625058e-78,4.6426300759897606e-76,18.751719
UTRN,18.717289,1.9720578,3.5791261815797024e-78,8.754542640143953e-76,18.717289
ZFAND3,18.702795,2.3753521,4.697681367144371e-78,1.1348670245960625e-75,18.702795
ARHGEF18,18.608173,3.093861,2.758626082184447e-77,6.583023801973813e-75,18.608173
RPS10,18.552856,2.812672,7.733117832644538e-77,1.8231524066167264e-74,18.552856
RANBP9,18.54925,2.4643395,8.26996997069867e-77,1.9265091950789475e-74,18.54925
TRAPPC10,18.535387,2.6208258,1.0701538112242475e-76,2.463619973886597e-74,18.535387
VPS13B,18.4914,2.3161209,2.4218420000195544e-76,5.510535378649144e-74,18.4914
RPS2,18.468742,1.0558784,3.68576300642693e-76,8.29000120801864e-74,18.468742
ANKRD44,18.446083,1.6889936,5.606433561387191e-76,1.246666953741188e-73,18.446083
RAPGEF1,18.41045,2.4566095,1.0831916288683397e-75,2.3550993104106303e-73,18.41045
ALYREF,18.377665,3.3285708,1.983248200562245e-75,4.264637449296924e-73,18.377665
ZEB1,18.319246,2.5457404,5.811203032847685e-75,1.2360176189865596e-72,18.319246
ELMO1,18.246714,1.7780427,2.197356712130121e-74,4.623427542254001e-72,18.246714
IQGAP2,18.220322,1.7854977,3.560587530059195e-74,7.412082637042375e-72,18.220322
EXOC4,18.219309,2.1157956,3.627092855055192e-74,7.471047682917895e-72,18.219309
ZNRF2,18.151775,3.0304508,1.2431524928662794e-73,2.5078358742687992e-71,18.151775
MED13L,18.046143,2.3716028,8.459736628614412e-73,1.6891849627421107e-70,18.046143
DLG1,18.038736,2.3390064,9.672945077494197e-73,1.8928018927640647e-70,18.038736
NCOA1,18.025509,2.542656,1.2287600790605354e-72,2.380631408619461e-70,18.025509
PSMA1,17.994623,1.4187051,2.146795650753678e-72,4.118480126857644e-70,17.994623
TBL1XR1,17.993103,2.1046526,2.2064678563981747e-72,4.1918604867960665e-70,17.993103
SRSF9,17.983864,1.680713,2.6068120027577296e-72,4.9048170451887744e-70,17.983864
DOCK2,17.856077,1.7856624,2.592323478908951e-71,4.831103412884795e-69,17.856077
LRRC8C,17.854431,2.246804,2.6698666849657113e-71,4.928674650132928e-69,17.854431
ATXN7,17.82481,3.3039343,4.5362395738722066e-71,8.295807101077696e-69,17.82481
KCMF1,17.7481,2.431221,1.782813263994953e-70,3.2301935138753003e-68,17.7481
BIRC6,17.734999,1.7543558,2.2509800313466164e-70,4.041025436090879e-68,17.734999
SSH2,17.730759,1.8288246,2.4273509500211337e-70,4.318036671819413e-68,17.730759
PCNX1,17.697973,2.166985,4.346661233433248e-70,7.662654686110071e-68,17.697973
AKAP13,17.662086,1.4632957,8.214482110493341e-70,1.4351873744476224e-67,17.662086
DOCK8,17.640947,1.4959403,1.1944039945390968e-69,2.0593901062405202e-67,17.640947
CELF2,17.598352,1.3827261,2.5359425468100696e-69,4.315071630954734e-67,17.598352
FBXW7,17.591833,2.3213909,2.845210185297437e-69,4.799575250508642e-67,17.591833
ACTR2,17.569492,1.2341051,4.2193750744306124e-69,6.997011140377815e-67,17.569492
SPIDR,17.47854,2.461194,2.0877228817915535e-68,3.432988348814884e-66,17.47854
ADK,17.47025,1.9369155,2.4143486884440436e-68,3.9369979279560866e-66,17.47025
PDE3B,17.465439,2.4052906,2.626695509605639e-68,4.2478659282614176e-66,17.465439
HECA,17.44835,2.0973852,3.543150874558596e-68,5.682981665029722e-66,17.44835
DOCK10,17.416262,1.619096,6.210427169299831e-68,9.800454745875733e-66,17.416262
FTX,17.401896,2.3333154,7.981848601967295e-68,1.2495105075463684e-65,17.401896
TMBIM4,17.394806,1.8268033,9.033195862748009e-68,1.402869655890897e-65,17.394806
STK39,17.385122,2.5201404,1.0695870563623553e-67,1.6480062613305959e-65,17.385122
PDS5A,17.340376,1.81471,2.332100558863237e-67,3.5651987293621734e-65,17.340376
ARL4C,17.337147,1.4229709,2.4668001410616195e-67,3.741887221728199e-65,17.337147
FNBP1,17.310122,1.4140955,3.945806384589431e-67,5.9393491795112296e-65,17.310122
CDKAL1,17.266956,2.3190382,8.342757124085757e-67,1.246191384764199e-64,17.266956
RNF38,17.240501,2.331338,1.3188974912073472e-66,1.9551656142382854e-64,17.240501
NFKB1,17.235058,2.2830765,1.4490913677486728e-66,2.132016532639551e-64,17.235058
CAMK2D,17.229868,2.2205226,1.5851374905247544e-66,2.2976274381176587e-64,17.229868
CSGALNACT2,17.212526,2.2759802,2.1389621602816347e-66,3.077589084734634e-64,17.212526
ATP11B,17.209297,1.9765427,2.2615758404125706e-66,3.230256645634539e-64,17.209297
SMCHD1,17.165564,1.5268466,4.807973245313223e-66,6.76851945786253e-64,17.165564
ABCC1,17.16493,2.5252151,4.860670808084567e-66,6.793829026614201e-64,17.16493
ETV6,17.15436,2.7921255,5.830840610761767e-66,8.092048870311082e-64,17.15436
PPP3R1,17.107841,2.0871842,1.2971938527589427e-65,1.7875696697737317e-63,17.107841
TCF12,17.104929,2.0802321,1.3636655617666237e-65,1.8660285113740766e-63,17.104929
CCNY,17.09512,2.6994884,1.6136543261740732e-65,2.192776934345435e-63,17.09512
RUNX1,17.080688,2.0730722,2.066647551534974e-65,2.769873923865505e-63,17.080688
RPS6KA3,17.055498,1.8869741,3.1814636753109683e-65,4.206410891789529e-63,17.055498
DYRK1A,17.020878,2.2239873,5.750186220311633e-65,7.501309597270535e-63,17.020878
MKLN1,16.991764,2.1058786,9.450414390637919e-65,1.2166165052368606e-62,16.991764
PRKCA,16.982714,2.8114831,1.1026865996475113e-64,1.4102857112354576e-62,16.982714
USP25,16.981638,2.4456472,1.1230909348361865e-64,1.4270547670697725e-62,16.981638
ASXL1,16.95037,1.8504806,1.9124338016736275e-64,2.3988785019967653e-62,16.95037
CBLB,16.946764,1.9941528,2.0334468149042105e-64,2.5210972642306146e-62,16.946764
LDLRAD4,16.9467,2.425579,2.0356365890660116e-64,2.5210972642306146e-62,16.9467
COG5,16.893408,2.1540804,5.031082534136909e-64,6.191712140125223e-62,16.893408
RORA-AS1,16.842396,3.2563941,1.1930811525466899e-63,1.4500752790704117e-61,16.842396
SMYD3,16.819862,2.445322,1.745612797372373e-63,2.108527853023617e-61,16.819862
SPPL3,16.808914,2.9089055,2.09984013541038e-63,2.5208387588779335e-61,16.808914
RASGRP1,16.798471,1.7361118,2.504181260907407e-63,2.9879157874046424e-61,16.798471
PAN3,16.750685,2.0658705,5.597775029923603e-63,6.63862192639667e-61,16.750685
SIPA1L1,16.708406,2.5693855,1.1383739759222059e-62,1.3419097566774532e-60,16.708406
AMBRA1,16.696127,2.2396677,1.398515804333155e-62,1.6386920514485734e-60,16.696127
CNOT6L,16.68676,2.1052756,1.6361087017893114e-62,1.9056770878936458e-60,16.68676
RICTOR,16.654102,1.9163615,2.825537064729337e-62,3.2716040995635305e-60,16.654102
PIK3R5,16.6379,1.8029222,3.703858661164625e-62,4.238427267933882e-60,16.6379
NDUFA11,16.55733,1.4417765,1.417489767407375e-61,1.6126418470132275e-59,16.55733
PDE7A,16.548595,2.1370773,1.638841280059769e-61,1.85369052995431e-59,16.548595
RASSF3,16.542772,2.1466424,1.8052188607292825e-61,2.0301449808477354e-59,16.542772
PUM2,16.527075,1.7257689,2.3423684657358002e-61,2.619169493572465e-59,16.527075
DIAPH2,16.503025,2.55558,3.489679994191708e-61,3.8798896662695073e-59,16.503025
USP47,16.487139,2.017859,4.5394737449240195e-61,5.018554928851594e-59,16.487139
WAC,16.486568,1.6505361,4.5824635048709553e-61,5.037620554118812e-59,16.486568
MBNL1,16.47543,1.1228352,5.509619206204071e-61,6.023029532234708e-59,16.47543
R3HDM2,16.46872,2.3046486,6.155893343169011e-61,6.6921400521739565e-59,16.46872
PMF1,16.436378,3.1187677,1.0501012589237558e-60,1.1228623734765057e-58,16.436378
ARFGEF1,16.428972,2.0383763,1.1865147835344531e-60,1.2618326784892488e-58,16.428972
PTPRA,16.397644,1.8096849,1.9880117573108543e-60,2.1027791387599346e-58,16.397644
CAB39,16.35277,1.9290282,4.156505286530727e-60,4.372822335851251e-58,16.35277
DUSP16,16.324099,2.5595396,6.651610155469604e-60,6.9603586910283e-58,16.324099
KANSL1,16.295301,1.8423057,1.0657828359091736e-59,1.109321198567591e-57,16.295301
ATP8A1,16.293276,2.497449,1.101677928044299e-59,1.1406155394693568e-57,16.293276
FBXL17,16.27682,2.4732025,1.4416986993323022e-59,1.484797902554447e-57,16.27682
PRKCH,16.27087,1.3883214,1.5888413714452728e-59,1.6192941643979738e-57,16.27087
RFX7,16.252642,2.7512696,2.1394261335218677e-59,2.1691342269821713e-57,16.252642
PPP6R3,16.250933,1.8097249,2.199905353859757e-59,2.21895608063545e-57,16.250933
ANKRD11,16.219034,1.5570222,3.699676922066216e-59,3.712578359538037e-57,16.219034
ZDHHC20,16.216438,2.010816,3.8593113486451223e-59,3.8530104321575385e-57,16.216438
NSMCE2,16.212072,1.9775606,4.143603978864254e-59,4.115839728853591e-57,16.212072
CCDC91,16.19454,1.8323649,5.5108203138803675e-59,5.446249085960154e-57,16.19454
MGAT5,16.192326,2.4009628,5.7128679940449485e-59,5.61755783454631e-57,16.192326
DENND4A,16.12169,2.0961905,1.7962544389019424e-58,1.7574553430216604e-56,16.12169
SRPK2,16.085804,1.4999528,3.208558325318811e-58,3.123635289046691e-56,16.085804
NCOA2,16.015676,1.966708,9.931913772194282e-58,9.621172707638499e-56,16.015676
ARAP2,16.010107,1.9227399,1.0862158290816933e-57,1.0470478494320478e-55,16.010107
USP34,16.008463,1.659456,1.1153258634302823e-57,1.0698380635099886e-55,16.008463
FBXO33,15.954158,2.3118563,2.66545186718867e-57,2.544271323763312e-55,15.954158
CHMP4A,15.9059925,2.0024724,5.758326943858495e-57,5.469851535797235e-55,15.9059925
SCLT1,15.86365,2.4161677,1.131229865327643e-56,1.0693674398420928e-54,15.86365
DPYD,15.847954,1.7986413,1.4523256696664116e-56,1.366303303078478e-54,15.847954
PTBP2,15.819409,2.7263808,2.2862687187324027e-56,2.13036696610265e-54,15.819409
TNRC6A,15.81289,1.9341192,2.535615572137605e-56,2.3515130576108366e-54,15.81289
CERS6,15.787827,3.309756,3.7735773888197034e-56,3.48308312945396e-54,15.787827
R3HCC1L,15.77846,2.6651583,4.377404475003769e-56,4.0214577824823366e-54,15.77846
FNDC3A,15.774916,2.1461773,4.630184985032278e-56,4.2338065321080193e-54,15.774916
TBC1D5,15.7555485,1.958818,6.29116023616619e-56,5.725833651223256e-54,15.7555485
ITFG1,15.744978,1.907587,7.435660172357553e-56,6.736157326513546e-54,15.744978
CEP85L,15.7427635,1.8726846,7.700636549247577e-56,6.944057879985095e-54,15.7427635
RNGTT,15.725738,2.2125037,1.0077043773711668e-55,9.003999660456161e-54,15.725738
UBR5,15.687066,1.9403716,1.8542946625397687e-55,1.6493108162080996e-53,15.687066
STAG2,15.668964,1.5486414,2.465623493687654e-55,2.1733027263279286e-53,15.668964
TRAC,15.657888,1.5210003,2.9347884390811832e-55,2.575243954078054e-53,15.657888
HERC1,15.654914,1.7028543,3.075283789189939e-55,2.6864800529852114e-53,15.654914
ARPC1B,15.643521,1.0653297,3.678126372743803e-55,3.1988256383044774e-53,15.643521
OOEP,15.6246605,2.7495892,4.94548080209535e-55,4.281998598911584e-53,15.6246605
XRN1,15.614091,1.6254913,5.837123318301754e-55,5.031754585573952e-53,15.614091
WDR7,15.55985,2.368985,1.364187509957681e-54,1.165695248683489e-52,15.55985
HNRNPUL2,15.555039,2.7288547,1.4706430919484057e-54,1.2511975662281044e-52,15.555039
IRF9,15.538963,2.2723446,1.890158921686294e-54,1.601152804309844e-52,15.538963
TMEM131L,15.512255,1.7721972,2.8663602197695075e-54,2.4072505055987006e-52,15.512255
FCHSD2,15.510292,2.7807028,2.9553063172406623e-54,2.4713433340070634e-52,15.510292
RBM38,15.496748,1.9585153,3.649008361674111e-54,3.03845938813783e-52,15.496748
TXNL4A,15.481304,1.6059622,4.639675934378839e-54,3.846999096776488e-52,15.481304
MALT1,15.458393,1.8273555,6.62303026624656e-54,5.468331487338088e-52,15.458393
ATP9B,15.441241,2.1975718,8.642143160393799e-54,7.1054393849826e-52,15.441241
RORA,15.434912,1.5533097,9.533077492513045e-54,7.805157337803149e-52,15.434912
MDFIC,15.397253,2.0297334,1.7077107346832755e-53,1.3923534856784304e-51,15.397253
RAD51B,15.373961,2.6387346,2.4473533821687356e-53,1.9871290864015694e-51,15.373961
TNIK,15.33105,1.5554367,4.74259048171602e-53,3.8348351465379783e-51,15.33105
PTP4A2,15.32491,1.1486286,5.212626491770773e-53,4.197558649834176e-51,15.32491
KDM6A,15.306303,1.8510513,6.939837187466241e-53,5.565521888702434e-51,15.306303
UBE2K,15.296745,1.5085441,8.03763849050663e-53,6.393516665944461e-51,15.296745
AP3B1,15.287885,1.6311717,9.209291076453776e-53,7.266427733227721e-51,15.287885
BCAS3,15.263454,2.2760653,1.3396495756687672e-52,1.0485705158674576e-50,15.263454
ITCH,15.22358,1.9171333,2.4665475997558738e-52,1.9152937869850372e-50,15.22358
TBL1X,15.207125,2.9540431,3.1717190072554e-52,2.453130337311212e-50,15.207125
PPM1B,15.206491,1.6983191,3.202525276906278e-52,2.4672052999410256e-50,15.206491
ETS1,15.176365,1.1609102,5.071195920649867e-52,3.8914965402069253e-50,15.176365
MXD4,15.139023,2.3908432,8.95346353108439e-52,6.790750944816253e-50,15.139023
PPP2R5C,15.134339,1.2214776,9.614201154593556e-52,7.263733134868212e-50,15.134339
ZNF831,15.127566,1.8920959,1.0656342390838302e-51,7.9589048818291565e-50,15.127566
BACH2,15.121238,2.4261024,1.1731707562263918e-51,8.728747284349063e-50,15.121238
PBRM1,15.118579,1.6997148,1.2214968443088584e-51,9.05388267024081e-50,15.118579
BPTF,15.115667,1.3914478,1.2767021633230907e-51,9.427361483738204e-50,15.115667
TNKS,15.114781,2.461297,1.2939917471263114e-51,9.519109213446489e-50,15.114781
SCFD1,15.110225,1.7670392,1.386660878803018e-51,1.0162614260830506e-49,15.110225
PITPNC1,15.077313,1.9645066,2.2837586542607645e-51,1.6674846771109942e-49,15.077313
COMMD3,15.070034,2.3912833,2.5498025983885023e-51,1.8479458238987487e-49,15.070034
MED13,14.994591,2.0472412,7.965237013169303e-51,5.751430179841215e-49,14.994591
FUT8,14.978957,1.9759985,1.0078557521713373e-50,7.250632852385562e-49,14.978957
DIP2B,14.965666,1.9910301,1.2308515397233995e-50,8.822455285460616e-49,14.965666
GLCCI1,14.948831,2.2439127,1.5850826798716216e-50,1.1320035722528427e-48,14.948831
MAPK14,14.947818,2.4059315,1.6093677928062974e-50,1.1451675988957682e-48,14.947818
ANKRD17,14.930793,1.6710398,2.0778219278908356e-50,1.4731456335133287e-48,14.930793
ANKIB1,14.925033,2.1224482,2.2652401249700786e-50,1.6002245041665884e-48,14.925033
GSPT1,14.923767,1.5072354,2.308635569738321e-50,1.6226169074485335e-48,14.923767
RFX3,14.92345,2.2769413,2.3196131312609843e-50,1.6226169074485335e-48,14.92345
OSBPL8,14.923388,1.35417,2.3218148716557105e-50,1.6226169074485335e-48,14.923388
PPP3CB,14.91845,1.9928147,2.5001184870585886e-50,1.7410077777495537e-48,14.91845
BRAF,14.913957,2.2142515,2.6742419759331112e-50,1.8491013068925485e-48,14.913957
TBC1D15,14.913957,2.0137978,2.6742419759331112e-50,1.8491013068925485e-48,14.913957
UBE2H,14.905729,1.9139507,3.0249367684610516e-50,2.084224038212882e-48,14.905729
NEK7,14.886742,1.9592801,4.0188529741606107e-50,2.7593303508201694e-48,14.886742
ZNF644,14.831425,1.5810827,9.176509507401658e-50,6.27852930212712e-48,14.831425
ZNF148,14.753765,1.7178292,2.9096817876926944e-49,1.9769671257489807e-47,14.753765
KLF13,14.701106,1.6203063,6.341504253423579e-49,4.29379083844265e-47,14.701106
APBB1IP,14.691993,1.111839,7.254886220228176e-49,4.89529701922155e-47,14.691993
TM9SF3,14.688511,1.8734597,7.637325821636103e-49,5.135642325696744e-47,14.688511
AGFG1,14.676739,2.244969,9.085592984124466e-49,6.067811724005035e-47,14.676739
SOS1,14.657561,2.1467583,1.2052398663336146e-48,8.021814185175567e-47,14.657561
KAT6A,14.646422,1.5376086,1.4199842093777878e-48,9.41906813867951e-47,14.646422
PRKCQ,14.640599,1.428871,1.5469831658705787e-48,1.0226813037079556e-46,14.640599
TMEM238,14.633321,3.1710436,1.721739986358882e-48,1.1343773755242628e-46,14.633321
VTI1A,14.621042,1.7092608,2.0621902736039175e-48,1.3541254789893106e-46,14.621042
CCDC88C,14.6149025,1.3923721,2.2567574068260714e-48,1.4769307336713233e-46,14.6149025
NAP1L4,14.580662,1.1607747,3.7288277882774487e-48,2.4321900720337706e-46,14.580662
EPB41,14.566611,1.26394,4.5805550297141906e-48,2.9778173030381157e-46,14.566611
EIF4G3,14.561484,2.277536,4.9373735859286094e-48,3.1991565009751997e-46,14.561484
VPS54,14.55446,2.9805105,5.471687718775521e-48,3.5285641986406314e-46,14.55446
MAP4K4,14.554333,1.6338048,5.481825001976451e-48,3.5285641986406314e-46,14.554333
MAN2A1,14.540472,1.7571256,6.712841162546151e-48,4.292708361722323e-46,14.540472
ADNP,14.518383,2.188428,9.267065227174747e-48,5.903924231027602e-46,14.518383
SLMAP,14.518193,1.7122098,9.2927670848145e-48,5.903924231027602e-46,14.518193
KHDRBS1,14.513889,1.1399305,9.894755530868363e-48,6.266038065632108e-46,14.513889
ASH1L,14.510725,1.5399361,1.0362011976170681e-47,6.540769366119609e-46,14.510725
CD247,14.510471,1.0817612,1.0400327725058648e-47,6.543846074725004e-46,14.510471
SEMA4D,14.498889,1.6167727,1.231265345994618e-47,7.722243682827783e-46,14.498889
LARP4B,14.488003,1.9489384,1.4427700918229318e-47,9.019848292904514e-46,14.488003
PKN2,14.450661,1.8965648,2.482926487514233e-47,1.5473218314547295e-45,14.450661
CARD11,14.436104,1.7465065,3.066970745604782e-47,1.899192517404885e-45,14.436104
ARPC1A,14.427116,3.6228445,3.493871596287202e-47,2.1567217475125544e-45,14.427116
CAMKMT,14.410217,2.0581808,4.463045065051367e-47,2.729152057278911e-45,14.410217
THADA,14.403002,2.105136,4.954394366627765e-47,3.020174111095704e-45,14.403002
UBE3C,14.395217,2.1399899,5.545052128703328e-47,3.3697385110082835e-45,14.395217
ZCCHC7,14.361546,1.6648297,9.019272790212713e-47,5.4471953691013077e-45,14.361546
SLC4A7,14.356293,1.6572237,9.729443156845016e-47,5.858022882865946e-45,14.356293
KMT2C,14.352875,1.5696269,1.0221087592599852e-46,6.135160797913923e-45,14.352875
MYCBP2,14.336862,1.27711,1.2874654448677084e-46,7.704319212590618e-45,14.336862
CEMIP2,14.315406,1.7728959,1.7533695677357494e-46,1.0460346250443031e-44,14.315406
COMMD7,14.307304,2.352447,1.970015514348644e-46,1.171710139354841e-44,14.307304
CTDNEP1,14.297241,1.5238098,2.276565159660058e-46,1.3499341528553942e-44,14.297241
ZFP91,14.295912,2.5512068,2.3204516893342532e-46,1.3718005636523466e-44,14.295912
WTAP,14.2952795,1.2213584,2.34164495135039e-46,1.3801598918079647e-44,14.2952795
SMARCC1,14.291735,1.3933103,2.4639366234459815e-46,1.4478772326603894e-44,14.291735
GOLGA4,14.279773,1.4787984,2.925536947896431e-46,1.71397925139034e-44,14.279773
GPATCH8,14.279266,1.3754756,2.9468693476251655e-46,1.721323564009828e-44,14.279266
SAMSN1,14.263063,1.7858008,3.717678089270181e-46,2.1651049062749678e-44,14.263063
UTY,14.259836,2.585082,3.8936917854489645e-46,2.2608831115034225e-44,14.259836
SLC9A9,14.2409115,1.8767226,5.105664668706066e-46,2.9471282075882095e-44,14.2409115
MON2,14.226101,1.7403363,6.310301283256164e-46,3.621113651341836e-44,14.226101
PELI1,14.224835,1.7372892,6.425527072788763e-46,3.676453618723115e-44,14.224835
TLK1,14.1881895,1.4031587,1.0842184910365522e-45,6.185419076560715e-44,14.1881895
ITK,14.185911,1.4055364,1.1200168833866409e-45,6.371072783171451e-44,14.185911
MARK3,14.182937,1.6338633,1.1685294341829018e-45,6.627763469011891e-44,14.182937
WNK1,14.177051,1.2663105,1.2707694015621475e-45,7.166114020106081e-44,14.177051
TBC1D22A,14.159076,1.6734594,1.6413975814065654e-45,9.22955973361025e-44,14.159076
SLC35F1,14.144455,4.413292,2.0207641023591643e-45,1.1297803415704036e-43,14.144455
SRRM2,14.143886,1.1367247,2.0371921855678824e-45,1.135720133538243e-43,14.143886
ARID2,14.128506,1.7451326,2.5346695222045918e-45,1.4090458298437343e-43,14.128506
PARL,14.111923,3.6077652,3.207122021429438e-45,1.772795585178849e-43,14.111923
STAT5B,14.108505,1.5495303,3.3663837944179336e-45,1.8555886785681724e-43,14.108505
PREX1,14.102936,1.509426,3.642952337769987e-45,2.0023958243113232e-43,14.102936
JMJD1C,14.099834,1.4854913,3.806632023777049e-45,2.0865035137610446e-43,14.099834
TENT2,14.099455,1.6757379,3.8271708026863306e-45,2.091901627568886e-43,14.099455
SYNE2,14.086606,1.2625464,4.591005975083986e-45,2.5024179643577556e-43,14.086606
HEBP2,14.060909,1.6062713,6.603191022319382e-45,3.5892011645762684e-43,14.060909
ARID4B,14.060277,1.2294993,6.66251335820596e-45,3.611414443029756e-43,14.060277
GPS2,14.058251,1.7163955,6.85593151876647e-45,3.705990827602825e-43,14.058251
TLK2,14.049011,2.346769,7.811752074509118e-45,4.211029327658249e-43,14.049011
MAP3K2,14.034453,1.6760617,9.593280142353899e-45,5.157178731472008e-43,14.034453
VOPP1,14.028441,1.3667179,1.0442190077165929e-44,5.598158230958436e-43,14.028441
BCL7C,14.001669,1.8745909,1.522536537090481e-44,8.117982277326031e-43,14.001669
MICU2,13.987365,1.5579895,1.861842367566354e-44,9.9001444153637e-43,13.987365
KDM2A,13.982681,1.529162,1.9885351292461222e-44,1.0545164067503556e-42,13.982681
GNAQ,13.927364,2.3077316,4.3200766104559763e-44,2.2785784127601764e-42,13.927364
TRPS1,13.920528,2.7768896,4.75376280292724e-44,2.500581465797856e-42,13.920528
SET,13.9123,1.0575566,5.333593037302017e-44,2.7980629639122213e-42,13.9123
USP15,13.907237,1.2287151,5.724844760886333e-44,2.9952877615247e-42,13.907237
MAPK1,13.905908,1.6996241,5.832196348305175e-44,3.0433178171636174e-42,13.905908
ERBIN,13.880971,1.4634341,8.261703170448534e-44,4.2768520539507126e-42,13.880971
TANK,13.873249,1.5212443,9.201210662665752e-44,4.750640903615922e-42,13.873249
RNF19A,13.865085,1.6198782,1.0310415589473471e-43,5.30932137512676e-42,13.865085
PIAS1,13.8243885,1.3893828,1.8165032038790336e-43,9.329484171523604e-42,13.8243885
TMEM245,13.820781,1.9626564,1.909876321656614e-43,9.783366456067179e-42,13.820781
SLCO3A1,13.810591,2.1358645,2.2002040599047274e-43,1.1241147008933605e-41,13.810591
CD28,13.777236,1.2075162,3.4939623957119287e-43,1.7758404197218447e-41,13.777236
PAM,13.753755,2.371868,4.835361662929937e-43,2.438617448974562e-41,13.753755
SMAD4,13.751919,1.8683391,4.959628459838796e-43,2.494858861237161e-41,13.751919
FKBP5,13.749007,1.649469,5.163289120745212e-43,2.590647218326726e-41,13.749007
MAP2K4,13.732362,2.3768642,6.498014614210412e-43,3.251998720482592e-41,13.732362
TAB2,13.731539,1.6093669,6.572238870006897e-43,3.280754342048341e-41,13.731539
STT3B,13.721665,1.5058134,7.531515859652268e-43,3.7500433165820754e-41,13.721665
HDGF,13.720716,1.8735799,7.630790098315526e-43,3.78982996557965e-41,13.720716
TRAF3,13.706539,1.7873149,9.277922187565975e-43,4.596212186488379e-41,13.706539
ARL6IP1,13.693817,1.4338652,1.1054587397022386e-42,5.462529449114496e-41,13.693817
CRTC3,13.678817,1.6658249,1.3588543330270815e-42,6.680919997154254e-41,13.678817
CCM2,13.671855,1.294891,1.4953417698384285e-42,7.333545802555983e-41,13.671855
SGMS1,13.652994,1.8859819,1.9375171464053388e-42,9.478333880214917e-41,13.652994
AGTPBP1,13.647867,1.8376005,2.0787354959072377e-42,1.0143814509703948e-40,13.647867
PPP1R16B,13.647677,1.8203712,2.0841579610805617e-42,1.0144975866274734e-40,13.647677
LINC00513,13.64483,2.9383924,2.167203816287781e-42,1.05230382821636e-40,13.64483
CLPTM1L,13.642488,1.9148527,2.2379455880453382e-42,1.0839633481898806e-40,13.642488
TAOK3,13.610969,1.1937963,3.4464762481974446e-42,1.6652011660426567e-40,13.610969
PPP1R14B,13.606791,2.873587,3.6491850902780664e-42,1.7587993558266305e-40,13.606791
CRIP1,13.593309,1.2134674,4.387805022334506e-42,2.104425702868667e-40,13.593309
SRM,13.56312,2.306962,6.625713124308494e-42,3.1699744356104795e-40,13.56312
CTSD,13.528373,2.051184,1.0635237600947406e-41,5.051221586780069e-40,13.528373
EPC2,13.498372,2.2590744,1.5986980301084382e-41,7.57465449229102e-40,13.498372
RBM26,13.482423,1.7069317,1.984813196434309e-41,9.381358605755207e-40,13.482423
WDR70,13.463562,1.705941,2.562602316531192e-41,1.2083133043345146e-39,13.463562
DYM,13.450523,1.693177,3.0570065283428356e-41,1.4379688400628031e-39,13.450523
WWP2,13.446283,1.7643178,3.2374201160470593e-41,1.5155463356652838e-39,13.446283
SNF8,13.442169,1.516704,3.42255919490422e-41,1.5983923228135032e-39,13.442169
NIPBL,13.441979,1.2753345,3.431353764691375e-41,1.5986840587495434e-39,13.441979
CTCF,13.436979,1.4644336,3.6712089130496566e-41,1.7023273936150634e-39,13.436979
CRYBG1,13.418624,1.6104071,4.703634227547552e-41,2.1707715699210022e-39,13.418624
PPP2R2D,13.41394,2.4777918,5.010407239712419e-41,2.3069093850986495e-39,13.41394
QKI,13.401852,2.1774585,5.897293857077519e-41,2.70253503970241e-39,13.401852
PIK3CA,13.398435,2.1813374,6.175218788565548e-41,2.8232869452021177e-39,13.398435
CDC27,13.376535,1.6599506,8.292358517510206e-41,3.782397936378548e-39,13.376535
STXBP5,13.372105,2.6397185,8.801446115131325e-41,4.0052720367648787e-39,13.372105
STIM2,13.371092,1.5761054,8.922105413418469e-41,4.050760063335791e-39,13.371092
CAMK1D,13.3611555,2.099693,1.0196902371307244e-40,4.618819111151392e-39,13.3611555
GPCPD1,13.3569145,1.772704,1.0794617508080316e-40,4.8782696396793446e-39,13.3569145
ITPR2,13.342041,1.7774694,1.3180047294879426e-40,5.942561416271903e-39,13.342041
DENND6A,13.341535,1.8705951,1.3269883398743392e-40,5.969312145899097e-39,13.341535
ZNF407,13.340713,2.2996516,1.3417167607254376e-40,6.021723296760404e-39,13.340713
FAM89B,13.330459,2.2397544,1.5394786562291992e-40,6.862077071775165e-39,13.330459
HIVEP2,13.329446,1.4964054,1.5605179602366748e-40,6.94004896497983e-39,13.329446
ASCC3,13.322357,1.7676059,1.716018889190266e-40,7.614298780878713e-39,13.322357
MIR181A1HG,13.320458,2.1946568,1.7602257413086928e-40,7.792782195911425e-39,13.320458
NT5C2,13.317863,1.9639168,1.8224787135177442e-40,8.050172339980862e-39,13.317863
SSBP4,13.312863,1.3504598,1.948668704711386e-40,8.588186759863153e-39,13.312863
PUM1,13.30318,1.3899308,2.2182892277202337e-40,9.754490698433603e-39,13.30318
ARHGEF3,13.294573,1.3563766,2.488920224919839e-40,1.0919997973370271e-38,13.294573
UBR1,13.293686,1.6643262,2.518578423120821e-40,1.1025401025420184e-38,13.293686
TAP2,13.262104,2.1046464,3.839712985646068e-40,1.6733965190004955e-38,13.262104
FRYL,13.253623,1.3905697,4.299383113016709e-40,1.869562861233577e-38,13.253623
BICDL1,13.240142,2.3226252,5.145184587811296e-40,2.227455133059545e-38,13.240142
PLEKHA7,13.237863,3.35557,5.303656978222308e-40,2.290992488959252e-38,13.237863
GPBP1L1,13.230521,1.5970637,5.848052156931378e-40,2.520587766670335e-38,13.230521
TRPC4AP,13.212609,1.6351064,7.420656023342376e-40,3.1913713640607387e-38,13.212609
CNPY2,13.209065,1.8022319,7.77844531844184e-40,3.3379082892822346e-38,13.209065
GMDS,13.2022295,1.7304448,8.517609702391148e-40,3.647102552656236e-38,13.2022295
EEF1E1,13.191787,2.0006192,9.783884259999824e-40,4.180153868988571e-38,13.191787
IFNAR2,13.188052,2.1268432,1.0280722482020409e-39,4.3828578982173284e-38,13.188052
TRIP12,13.182546,1.4192375,1.1059467557646108e-39,4.704601329739544e-38,13.182546
USP24,13.178748,1.9126737,1.1630434963877785e-39,4.936753825882007e-38,13.178748
MAZ,13.166596,1.4283639,1.3661917745229895e-39,5.786502303867069e-38,13.166596
ASAP1,13.1418495,2.1780002,1.8953739796312887e-39,7.993249576169194e-38,13.1418495
RRP36,13.1410265,2.0719903,1.916097884925972e-39,8.063269551017509e-38,13.1410265
RAP1GDS1,13.113621,1.4773414,2.7514109469515265e-39,1.1553564251061689e-37,13.113621
NRF1,13.101152,2.0715766,3.242950729598815e-39,1.3588449652417476e-37,13.101152
LYST,13.1002035,2.154567,3.283772016211541e-39,1.3730096327612701e-37,13.1002035
SNX9,13.0976715,2.0926983,3.3951436451407656e-39,1.4165494850344243e-37,13.0976715
TMEM131,13.092734,1.9677607,3.623232862638106e-39,1.5084983118319672e-37,13.092734
DIAPH1,13.05495,1.1595535,5.954944461077185e-39,2.468778669795728e-37,13.05495
CDK17,13.049253,1.6342474,6.41732606009047e-39,2.6548464343308734e-37,13.049253
XPO6,13.028747,1.7139877,8.39755961554877e-39,3.466739378840893e-37,13.028747
RAC1,13.027354,1.0964514,8.552189344094906e-39,3.523141917584192e-37,13.027354
LINC00342,13.019126,2.3317082,9.525441305476739e-39,3.907627577894525e-37,13.019126
STIM1,13.011215,1.422867,1.0564891333927581e-38,4.324974761972697e-37,13.011215
HERC4,13.009949,1.5388775,1.074136105257759e-38,4.388036598681384e-37,13.009949
SPATA13,13.005645,1.5730823,1.1363567419443278e-38,4.632547651326376e-37,13.005645
PRDM2,13.001532,1.410767,1.1991780769384121e-38,4.878485781607245e-37,13.001532
BICRAL,12.997101,1.8489176,1.27069730484958e-38,5.158714701513814e-37,12.997101
CAPNS1,12.996342,1.3380159,1.2833766435225807e-38,5.1994025176914824e-37,12.996342
MAML2,12.982797,1.83687,1.5318281110445264e-38,6.193143073743656e-37,12.982797
NFAT5,12.970265,1.68717,1.80405241016881e-38,7.278700528285211e-37,12.970265
ZNF292,12.966404,1.2142507,1.8972356391391208e-38,7.638910902607884e-37,12.966404
RAD23B,12.961847,1.2754179,2.0133963163528837e-38,8.08996696476247e-37,12.961847
TRIM33,12.955834,1.7228599,2.177548140597298e-38,8.731611068690149e-37,12.955834
TUT4,12.939885,1.3506126,2.680301976116799e-38,1.0703703891561945e-36,12.939885
STRN,12.929441,1.8834378,3.0703946154795436e-38,1.2236554345357172e-36,12.929441
FOXK2,12.929252,2.4473932,3.077986264894993e-38,1.2241877079566103e-36,12.929252
WWOX,12.922986,2.1075492,3.339256976520137e-38,1.3254073127088447e-36,12.922986
STEAP1B,12.922606,3.5530162,3.3557819315629383e-38,1.3292700574255785e-36,12.922606
CD96,12.914568,1.3819675,3.7252730892563706e-38,1.472649369910478e-36,12.914568
PDS5B,12.905518,1.644006,4.189906254189347e-38,1.6529855964108293e-36,12.905518
RABGAP1,12.898619,2.0007303,4.582367178360858e-38,1.8041803007276712e-36,12.898619
MSI2,12.884125,1.6427563,5.529913518988042e-38,2.172878468665823e-36,12.884125
BABAM2,12.878935,1.6629816,5.914604209463464e-38,2.31663833582302e-36,12.878935
RAB4B,12.878872,2.5459082,5.919456091125868e-38,2.31663833582302e-36,12.878872
RUNX2,12.875897,2.0282724,6.152013448724185e-38,2.4028462907112743e-36,12.875897
ACBD3,12.873049,2.0279832,6.383178965345447e-38,2.488168246890034e-36,12.873049
RNF169,12.86115,2.4982078,7.446052144213472e-38,2.896706726798593e-36,12.86115
SRSF4,12.852416,1.015455,8.336554219044216e-38,3.230290949668459e-36,12.852416
PPP1R12A,12.8222885,1.0391504,1.2301470563921309e-37,4.7478338460515217e-36,12.8222885
MYO9B,12.818745,1.5534323,1.28768650882601e-37,4.960127874942394e-36,12.818745
CLASP2,12.811656,1.7041273,1.410912568368132e-37,5.424113386606603e-36,12.811656
WDR33,12.806402,1.2667365,1.5097297011655113e-37,5.7926256455699457e-36,12.806402
KLHL5,12.797225,2.4407244,1.69914514487006e-37,6.506628609553295e-36,12.797225
MAPK8,12.793808,2.587755,1.7755694458962707e-37,6.78600447603481e-36,12.793808
ARHGAP25,12.7902,1.3529378,1.8599483589640864e-37,7.080830639729425e-36,12.7902
TXNRD1,12.760389,1.4793655,2.7283352728045573e-37,1.0366614488978559e-35,12.760389
TET2,12.738554,1.8681788,3.6102506046776316e-37,1.3690965858979049e-35,12.738554
PIBF1,12.727921,1.9677278,4.137100099753432e-37,1.565856378181338e-35,12.727921
KDM4C,12.724629,1.5080642,4.315162519909828e-37,1.6300984592586006e-35,12.724629
KLHL2,12.707288,2.893748,5.3870720896113325e-37,2.0311026329386233e-35,12.707288
SCAF8,12.704249,1.6980478,5.600402508359391e-37,2.107474543914934e-35,12.704249
MYO5A,12.70387,1.8058846,5.6276524427057864e-37,2.1136641650454285e-35,12.70387
HECTD4,12.702351,2.0240903,5.737976324711091e-37,2.1509716613399738e-35,12.702351
CEP192,12.664692,2.0230238,9.27835181054522e-37,3.46486237077765e-35,12.664692
RNF111,12.64735,1.7252752,1.157118274485344e-36,4.3128553133579445e-35,12.64735
CDK13,12.644882,1.4460453,1.19403809412268e-36,4.442003312888327e-35,12.644882
HDAC4,12.642223,2.0494497,1.2351080010393167e-36,4.5860708471228373e-35,12.642223
NUP153,12.622097,2.0076606,1.59516514831412e-36,5.911778716327784e-35,12.622097
HELZ,12.614755,1.253557,1.7510132434349113e-36,6.475268674032575e-35,12.614755
XPR1,12.614629,2.2320356,1.753828902921742e-36,6.475268674032575e-35,12.614629
CLASP1,12.60678,1.7434678,1.9374782103071847e-36,7.139844372747832e-35,12.60678
ZFR,12.604122,1.3329115,2.0039175948266003e-36,7.356971762770528e-35,12.604122
ELP4,12.602286,1.9940664,2.0511090127473794e-36,7.51612381300388e-35,12.602286
MTMR1,12.578869,2.2426462,2.7595389498751724e-36,1.009320713479577e-34,12.578869
SP3,12.57216,1.282694,3.0040423794687736e-36,1.096699650773227e-34,12.57216
RLF,12.56602,1.7205755,3.246595082577234e-36,1.1830423198486279e-34,12.56602
WWP1,12.545008,1.4715672,4.2337466300399404e-36,1.539887621870289e-34,12.545008
ATXN7L1,12.53507,1.6743476,4.799338098242706e-36,1.7423645251653667e-34,12.53507
MFSD14B,12.534247,1.8688158,4.8494062796811015e-36,1.7572811496444407e-34,12.534247
RASA1,12.507476,1.7935137,6.794966045449282e-36,2.4577429866423574e-34,12.507476
USP9Y,12.503172,2.7758915,7.17313572632928e-36,2.589740219424564e-34,12.503172
XKR6,12.500196,2.8764408,7.446669188350892e-36,2.683543695720999e-34,12.500196
SYTL3,12.496463,2.112605,7.804756761895068e-36,2.8074169175875494e-34,12.496463
FMNL1,12.4895,1.1465089,8.518677708448369e-36,3.0585960623654623e-34,12.4895
DDT,12.47007,1.1691232,1.0873061093817292e-35,3.889653738278186e-34,12.47007
CEP128,12.46507,2.20247,1.1577028458094265e-35,4.133928701970594e-34,12.46507
LPP,12.437032,1.5163301,1.645044499610221e-35,5.852769230613237e-34,12.437032
ERC1,12.435133,2.109415,1.6846052602132792e-35,5.9826416936213156e-34,12.435133
RIC1,12.426842,1.7363565,1.8687280855700338e-35,6.624505648267105e-34,12.426842
FBXL20,12.420386,1.8990837,2.025821050731077e-35,7.16840258963937e-34,12.420386
RERE,12.416272,1.5610431,2.1327043058520653e-35,7.519415830074453e-34,12.416272
RC3H1,12.416272,1.3495225,2.1327043058520653e-35,7.519415830074453e-34,12.416272
CSNK2A2,12.407981,2.384148,2.365435524334987e-35,8.32497164391853e-34,12.407981
POU2F1,12.405196,2.2121387,2.4491331830420646e-35,8.60406429546986e-34,12.405196
ATAD2B,12.398677,1.7656437,2.656746127554809e-35,9.316703982794356e-34,12.398677
PAFAH1B1,12.390259,1.032452,2.9508905273321924e-35,1.0329700507841921e-33,12.390259
WDR26,12.386271,1.6911339,3.1013006169849745e-35,1.0836830441636068e-33,12.386271
JARID2,12.385575,1.7045888,3.1283330178314555e-35,1.091180400943421e-33,12.385575
PYHIN1,12.368297,1.3482429,3.879613742727025e-35,1.3508235181082283e-33,12.368297
ATG7,12.36798,2.2683747,3.8949267385840203e-35,1.3537464728350286e-33,12.36798
ARHGAP26,12.352158,2.4419267,4.742249487824829e-35,1.645325141449579e-33,12.352158
HIVEP1,12.349689,2.5186968,4.890016587603603e-35,1.69359016966774e-33,12.349689
COMMD10,12.335069,1.6267571,5.863905381536718e-35,2.0272950619418815e-33,12.335069
TSNAX,12.324942,2.0223718,6.649148579779984e-35,2.2947185080976142e-33,12.324942
SPECC1L,12.316208,2.393427,7.409773825009488e-35,2.5527192642215787e-33,12.316208
CDC14A,12.311334,1.4117721,7.871128333022134e-35,2.7068934836656786e-33,12.311334
DOCK11,12.295321,1.2440277,9.59744923315122e-35,3.29478748411058e-33,12.295321
PPP1R35,12.292347,1.7402008,9.957309269036133e-35,3.412340241269686e-33,12.292347
MBTD1,12.277093,2.5901413,1.2024129851405428e-34,4.1134295967185565e-33,12.277093
INPP4A,12.265068,1.4297272,1.394956091841104e-34,4.755487945147513e-33,12.265068
PPP2R5A,12.2502575,1.3931544,1.6746347596488974e-34,5.6990005177060216e-33,12.2502575
MBD5,12.239624,1.5248262,1.909140224393256e-34,6.485773595647089e-33,12.239624
CNOT4,12.235384,1.5639817,2.0115162783236235e-34,6.821724529330445e-33,12.235384
REV3L,12.220067,1.6461906,2.428837177919875e-34,8.222748425179259e-33,12.220067
SLC27A4,12.187029,2.1086612,3.644683443503531e-34,1.2317645185229204e-32,12.187029
APOO,12.1865225,2.877586,3.667393187374307e-34,1.2373025843196628e-32,12.1865225
SHLD2,12.180447,1.9704736,3.951124958664143e-34,1.3307334456306361e-32,12.180447
GMDS-DT,12.173864,2.080908,4.283147406423555e-34,1.437609407356709e-32,12.173864
TNRC6B,12.172789,1.127963,4.339995752740392e-34,1.4541958371510958e-32,12.172789
TMEM87A,12.169244,1.3418304,4.532614907424646e-34,1.516140316384367e-32,12.169244
EPS15,12.164054,1.1960227,4.830084923213488e-34,1.6101380200586292e-32,12.164054
MEF2A,12.152788,1.8048283,5.5442125144877405e-34,1.8450535796512942e-32,12.152788
RAB22A,12.150573,1.8348036,5.69650636187272e-34,1.8925167485420268e-32,12.150573
GSK3B,12.141079,1.3991423,6.3976719603948195e-34,2.1218583884916243e-32,12.141079
CCSER2,12.121649,1.4718016,8.111106629399832e-34,2.676528406814433e-32,12.121649
TOP2B,12.110446,1.4079909,9.298737025641081e-34,3.0632607090529405e-32,12.110446
SEC24B,12.110129,1.7743195,9.334682683729143e-34,3.0699339622724686e-32,12.110129
ZBTB20,12.100319,1.607498,1.0520140331208726e-33,3.453995067132422e-32,12.100319
SMAD3,12.099306,1.7347852,1.0650717272314307e-33,3.491008971267108e-32,12.099306
RPTOR,12.065951,1.6317855,1.5980428076529506e-33,5.220451028406167e-32,12.065951
VMP1,12.065699,1.1963937,1.6029649537933448e-33,5.227803035971361e-32,12.065699
RPRD2,12.06361,1.5444179,1.6441514690908157e-33,5.353203984553924e-32,12.06361
FAM193A,12.054623,2.071944,1.8337083740943747e-33,5.950581337359656e-32,12.054623
MCM9,12.024242,1.9130158,2.6500774700095705e-33,8.571358005478888e-32,12.024242
PVT1,12.023863,1.5343697,2.6622887316962368e-33,8.596644538256099e-32,12.023863
RABEP1,12.019115,1.4673926,2.8197279278113496e-33,9.090022420331547e-32,12.019115
TBCK,12.017787,2.0508788,2.8654447451995396e-33,9.222207693102729e-32,12.017787
ZC3HAV1,12.004432,1.0160942,3.3676789060962134e-33,1.0820811302872038e-31,12.004432
TSPOAP1-AS1,12.002027,1.739778,3.4670020942826607e-33,1.1121688029659525e-31,12.002027
TRAPPC9,11.995761,1.6805812,3.739639470353942e-33,1.1976639141716194e-31,11.995761
GALNT1,11.990318,2.2059379,3.993692445051306e-33,1.2769374798164045e-31,11.990318
AGPS,11.985825,1.7777911,4.216296156529385e-33,1.3459132657580262e-31,11.985825
ACAP2,11.981014,1.0437795,4.46824373476722e-33,1.4240161791844455e-31,11.981014
ORMDL1,11.977596,1.1362027,4.6562912311915636e-33,1.4815334440968538e-31,11.977596
SLC20A2,11.97595,2.4724796,4.7496153191443024e-33,1.508773905276229e-31,11.97595
DAZAP1,11.966141,1.2135929,5.345797807827158e-33,1.695406345276529e-31,11.966141
PPP1R12B,11.964052,2.5153852,5.482020054550407e-33,1.735795605622045e-31,11.964052
DDHD1,11.946457,1.4918443,6.775273164387784e-33,2.1418181790103416e-31,11.946457
KIZ-AS1,11.925633,2.962491,8.701930674908582e-33,2.742018992699052e-31,11.925633
GRK2,11.919051,1.2173436,9.417470502454427e-33,2.962718051318782e-31,11.919051
ZFC3H1,11.917089,1.4354415,9.641847323434562e-33,3.0284376954248392e-31,11.917089
NFATC3,11.913798,1.2464446,1.0030204342791582e-32,3.1453692080087446e-31,11.913798
IMP3,11.902216,1.418375,1.152459790126285e-32,3.608213307710583e-31,11.902216
DNAJC21,11.8813925,1.5787736,1.47882645729595e-32,4.6152593487028955e-31,11.8813925
PARP4,11.873418,1.3772465,1.626825590140569e-32,5.069064195520805e-31,11.873418
AEBP2,11.871456,1.9451412,1.6654375651620454e-32,5.1811259578840865e-31,11.871456
LCOR,11.857785,1.7141341,1.960943885440667e-32,6.090753960365551e-31,11.857785
PLEKHM2,11.856835,2.4485457,1.9832996711500397e-32,6.15042915452678e-31,11.856835
NCOA6,11.84924,2.1909533,2.171499506839007e-32,6.7234022705420385e-31,11.84924
NBAS,11.8482275,1.564738,2.1978971938923e-32,6.79438424803863e-31,11.8482275
TAPT1,11.81443,2.7503748,3.287710840647344e-32,1.0131326886580667e-30,11.81443
BCL2,11.806835,1.7024786,3.5985380077027483e-32,1.1071728260177261e-30,11.806835
CSNK1G1,11.797975,1.6929358,3.998212533080773e-32,1.228210719738219e-30,11.797975
NUP98,11.796962,1.3431635,4.046607887071108e-32,1.2411288892509003e-30,11.796962
SCAPER,11.79443,1.8503467,4.170156053706212e-32,1.277020558042616e-30,11.79443
ATR,11.790189,1.6762965,4.385545253405145e-32,1.3408804612286232e-30,11.790189
FOXJ3,11.785442,1.4695008,4.639777808850988e-32,1.416398941709768e-30,11.785442
FAR1,11.776328,1.795536,5.169627220117891e-32,1.5756894928857772e-30,11.776328
ADD1,11.768923,1.1367023,5.644032539598833e-32,1.717611644399222e-30,11.768923
UHRF2,11.768227,1.3851429,5.690798271260868e-32,1.729154356708582e-30,11.768227
PHF21A,11.755885,1.606188,6.586692647025486e-32,1.9951764971671006e-30,11.755885
NUTM2B-AS1,11.745316,1.4385711,7.464354683061787e-32,2.257534659013185e-30,11.745316
ATP2C1,11.694428,1.7653085,1.3609996093326183e-31,4.103550131805959e-30,11.694428
VWA8,11.689555,1.9367725,1.4413943460236197e-31,4.339262240460029e-30,11.689555
S1PR4,11.688353,1.061545,1.461946626168363e-31,4.394373514725426e-30,11.688353
FAM222B,11.680125,2.4966018,1.6105894906052421e-31,4.833744655239782e-30,11.680125
ECI1,11.679049,2.452123,1.631105250789273e-31,4.887820451369754e-30,11.679049
RALGAPA1,11.670505,1.4716915,1.8035072829904031e-31,5.387943589855909e-30,11.670505
DENND4C,11.660061,1.413145,2.0389563569596483e-31,6.082057620882073e-30,11.660061
ATP13A3,11.641137,1.4974241,2.545986479993142e-31,7.582932030518388e-30,11.641137
IP6K1,11.639238,1.792932,2.6033025359677498e-31,7.741857754379473e-30,11.639238
TGFBR2,11.627339,1.4516921,2.992807703602536e-31,8.873221385468852e-30,11.627339
USP3-AS1,11.625567,3.9474735,3.055570411125671e-31,9.045597852482168e-30,11.625567
HIPK1,11.625251,1.6247042,3.0669147473226405e-31,9.065466431360942e-30,11.625251
ZNF451,11.61696,1.6657848,3.3795027604412854e-31,9.974375568071655e-30,11.61696
EFR3A,11.605884,1.3000853,3.846938814239037e-31,1.133688233690203e-29,11.605884
CHD2,11.5999975,1.1138455,4.1209110322416865e-31,1.2126013094572229e-29,11.5999975
ARMH3,11.593985,1.6634622,4.420773963523266e-31,1.2988844582315805e-29,11.593985
UBE2Q1,11.589174,1.9757907,4.6761791661310995e-31,1.371866175754923e-29,11.589174
RNPEPL1,11.58101,1.369003,5.143656137245983e-31,1.5045001987089594e-29,11.58101
YPEL3,11.578605,1.2892913,5.290005643554002e-31,1.5449974691502196e-29,11.578605
GPRIN3,11.576389,1.1226482,5.428454792636565e-31,1.5807143360463142e-29,11.576389
NDUFA9,11.574491,1.3462356,5.549984387291466e-31,1.6137012554311945e-29,11.574491
BOD1L1,11.570757,1.2635905,5.796926320767692e-31,1.683000804818727e-29,11.570757
RAB1A,11.563352,1.3641337,6.3193381275657605e-31,1.8292427289971423e-29,11.563352
GATAD2A,11.55658,1.5406101,6.837885391448843e-31,1.9735065094376246e-29,11.55658
SNRK,11.545819,1.3143775,7.7499230921555995e-31,2.2334388080603942e-29,11.545819
UVRAG,11.534237,1.4362882,8.866971485698163e-31,2.551601441649142e-29,11.534237
SESN3,11.529616,1.926478,9.355918505458227e-31,2.684407819865199e-29,11.529616
UBR3,11.522338,1.8958085,1.01810074217971e-30,2.91686607949818e-29,11.522338
EVI2B,11.521072,1.173132,1.033169990171636e-30,2.9557120420582713e-29,11.521072
CDK19,11.519553,2.093812,1.0515455886942808e-30,3.003889646652509e-29,11.519553
TSPAN5,11.506326,1.48179,1.2259136006822363e-30,3.491801650385735e-29,11.506326
UBR2,11.502401,1.1834958,1.2829558523693131e-30,3.6489651335992325e-29,11.502401
SH3GLB2,11.501958,2.4377787,1.2895593733375393e-30,3.662423485844553e-29,11.501958
RCOR1,11.50044,2.5803912,1.3124571917148328e-30,3.722052511228384e-29,11.50044
SDHAF2,11.475376,1.6956322,1.7541401678786638e-30,4.9459675511598987e-29,11.475376
GIGYF2,11.474174,1.3954052,1.7786968603597093e-30,5.007991390434358e-29,11.474174
NPC1,11.468984,1.7152785,1.888652209930726e-30,5.309934833897191e-29,11.468984
RUNX3,11.461768,1.3236063,2.0528093793406607e-30,5.754924632512615e-29,11.461768
SETD2,11.458477,1.1729808,2.132317709652061e-30,5.969269376605369e-29,11.458477
NDUFAF6,11.444236,1.8259183,2.513081447290639e-30,7.025139680083317e-29,11.444236
PTPN2,11.430502,1.0979658,2.944023943044365e-30,8.206361897078652e-29,11.430502
AKT3,11.4232235,1.8106136,3.201360868622426e-30,8.885706308823209e-29,11.4232235
CSNK1G2,11.421261,1.5570899,3.2744705611075545e-30,9.075756365404055e-29,11.421261
TRBC2,11.407464,1.0858084,3.8375651697669524e-30,1.0606423056779622e-28,11.407464
RAB8B,11.390501,1.1713736,4.6629857740652644e-30,1.285145149674776e-28,11.390501
SERINC5,11.383476,1.2727057,5.054413482022197e-30,1.3910655839129445e-28,11.383476
SMARCA2,11.379362,1.175177,5.298589742196708e-30,1.4541767752497219e-28,11.379362
TTC17,11.379362,1.2359183,5.298589742196708e-30,1.4541767752497219e-28,11.379362
ATG5,11.358539,1.2053552,6.726000611156924e-30,1.8433386548896175e-28,11.358539
INO80D,11.355374,1.5014988,6.974044368526372e-30,1.9086447580884482e-28,11.355374
BLOC1S1,11.34702,1.0207247,7.673356308721867e-30,2.0941734483831173e-28,11.34702
YAF2,11.330311,1.4574846,9.287448526259453e-30,2.527632722696036e-28,11.330311
KDM3B,11.325121,1.6764058,9.854273232618385e-30,2.6781724807760632e-28,11.325121
TMEM181,11.324994,1.7184851,9.868518769668561e-30,2.678324206447634e-28,11.324994
UBE3A,11.315627,1.1160642,1.0981414856391363e-29,2.9762372009676755e-28,11.315627
THEMIS,11.3034115,1.4509722,1.2621699527049919e-29,3.4113455296313924e-28,11.3034115
CCZ1B,11.299678,2.320965,1.3170050805889284e-29,3.5546421264778142e-28,11.299678
INVS,11.294171,2.592868,1.4022044384911212e-29,3.7793851862802016e-28,11.294171
UBA6,11.292716,1.4431698,1.4256281847675124e-29,3.831963230704764e-28,11.292716
NUFIP2,11.278602,1.4684904,1.6738575760564103e-29,4.490084347095419e-28,11.278602
USP7,11.278538,1.3849502,1.6750621286690802e-29,4.490084347095419e-28,11.278538
SLC25A26,11.255057,1.4327546,2.186848350957156e-29,5.84593559173902e-28,11.255057
ANKRD28,11.246133,1.4706951,2.4197022589572042e-29,6.459581692124771e-28,11.246133
EML4,11.2328415,1.00362,2.8128444029057823e-29,7.483857398993262e-28,11.2328415
NME1,11.232779,2.1942751,2.81486050984211e-29,7.483857398993262e-28,11.232779
IGF2R,11.213411,1.4456735,3.504237635721265e-29,9.30405998043334e-28,11.213411
CREBBP,11.206638,1.2525666,3.7828763517231796e-29,1.0030260765653006e-27,11.206638
KIAA0232,11.200689,2.0547569,4.0457338865604083e-29,1.0712709159974841e-27,11.200689
SLFN12L,11.2005,1.5459596,4.054414853275294e-29,1.0721187817417695e-27,11.2005
PSPC1,11.196259,1.17271,4.2531783188595603e-29,1.1231605039601063e-27,11.196259
TSR3,11.195056,1.7005084,4.311283182335175e-29,1.136970206360306e-27,11.195056
VPS13C,11.1911955,1.0463225,4.5032062277274066e-29,1.1859857263010754e-27,11.1911955
NSD1,11.188284,1.2269301,4.6535198826923007e-29,1.2239257669962762e-27,11.188284
MAP4K5,11.188031,1.9094918,4.6668235241760205e-29,1.2257772177325687e-27,11.188031
ERO1A,11.187018,1.3738618,4.720416505602904e-29,1.238191825491121e-27,11.187018
DNAJC1,11.186132,1.3096453,4.767811006619485e-29,1.2489494749334684e-27,11.186132
KDM5A,11.185943,1.0358076,4.7780282345452664e-29,1.2499526269195426e-27,11.185943
RALGAPA2,11.18512,1.9803326,4.822554508453996e-29,1.2599165102994365e-27,11.18512
DENND1B,11.181512,1.388227,5.022695287549965e-29,1.3104546851570363e-27,11.181512
VKORC1,11.169486,1.9580126,5.751245977871313e-29,1.4985403634485467e-27,11.169486
MED23,11.163537,1.593721,6.149528917647854e-29,1.6001859289964524e-27,11.163537
RAB21,11.162082,1.6464405,6.251076607533373e-29,1.6222953190479182e-27,11.162082
NLRP1,11.162082,1.2670406,6.251076607533373e-29,1.6222953190479182e-27,11.162082
GRK6,11.153537,1.2715607,6.881553162460463e-29,1.7835527454705476e-27,11.153537
INPP5D,11.146258,1.2088059,7.468112205280672e-29,1.9330161327107434e-27,11.146258
RHOH,11.1453085,1.0396305,7.548188966691051e-29,1.9511619775457132e-27,11.1453085
USP12,11.139929,2.0922987,8.018313428282657e-29,2.06995194148595e-27,11.139929
MRPL12,11.127334,2.8369832,9.235647212712486e-29,2.381069099583108e-27,11.127334
RB1,11.122018,1.2673005,9.802972399993504e-29,2.5240074200404326e-27,11.122018
EIF3B,11.119423,1.4547254,1.009230481762239e-28,2.5950883136824566e-27,11.119423
XYLT1,11.111321,2.0418077,1.1051213860436778e-28,2.837928514711639e-27,11.111321
CNOT11,11.108852,1.6869209,1.1360959941375232e-28,2.9136469742179624e-27,11.108852
ZNF609,11.107841,1.858029,1.1490512927982023e-28,2.9430151436485894e-27,11.107841
DHX9,11.104106,1.1639526,1.1981033267809683e-28,3.064638679535946e-27,11.104106
CDYL,11.0942955,2.3893185,1.3370899087819401e-28,3.415688686037207e-27,11.0942955
HBS1L,11.091827,1.2429644,1.3745088682455742e-28,3.5067000695996605e-27,11.091827
NCOA3,11.08303,1.2935777,1.5165224969477427e-28,3.863972945348103e-27,11.08303
PSEN1,11.078789,1.718256,1.5900822551930646e-28,4.046128682655122e-27,11.078789
CTDSPL2,11.066005,1.3696831,1.8339686998532424e-28,4.660662275159513e-27,11.066005
LMBRD1,11.059865,1.1481367,1.963929422826012e-28,4.9844579696315705e-27,11.059865
ZMYM2,11.048283,1.3732777,2.234486191623268e-28,5.663785725088615e-27,11.048283
PAG1,11.034548,1.1663429,2.603565784222669e-28,6.590760060241809e-27,11.034548
PRIM2,11.0317,1.6927781,2.6873613955712393e-28,6.794094029526875e-27,11.0317
ZFAND6,11.030624,1.1052016,2.7197090684051768e-28,6.867002200071291e-27,11.030624
PI4KA,11.026004,1.5534952,2.8630611612291264e-28,7.219636701408704e-27,11.026004
PHC3,11.005751,1.2180583,3.585183233515973e-28,9.02894022052002e-27,11.005751
HEXA,11.003029,1.3590981,3.695079052450155e-28,9.29374124657386e-27,11.003029
STRN3,10.992143,1.8862832,4.169090568168933e-28,1.0472498618476211e-26,10.992143
RNF13,10.982522,1.3216833,4.637899731566566e-28,1.1635182300935202e-26,10.982522
TNKS2,10.982206,1.2428552,4.654178622615177e-28,1.166107135561252e-26,10.982206
NOL10,10.973915,1.7445531,5.101477760655776e-28,1.2765436933569339e-26,10.973915
PSME4,10.96537,1.4040972,5.607055346948073e-28,1.4012625674211992e-26,10.96537
PPP2R2A,10.95594,1.20175,6.2229032860396e-28,1.553185860984986e-26,10.95594
EXOSC6,10.948725,1.6799034,6.738981496987623e-28,1.67985210105801e-26,10.948725
VPS13D,10.945307,1.4471115,6.998041012282084e-28,1.742209497815977e-26,10.945307
STK38,10.938218,1.0094861,7.5672551249302095e-28,1.8767559985378244e-26,10.938218
PRKDC,10.938218,1.1314969,7.5672551249302095e-28,1.8767559985378244e-26,10.938218
GATAD2B,10.929547,1.2299078,8.326291503573942e-28,2.0612205559358468e-26,10.929547
AGPAT3,10.928597,1.6680995,8.413852392474194e-28,2.0788164597971596e-26,10.928597
LINC01934,10.926382,1.9038221,8.62172882242742e-28,2.1274904110625443e-26,10.926382
CASD1,10.922901,2.619575,8.9587289665916e-28,2.2078640858723479e-26,10.922901
EXOC6,10.908598,1.7136298,1.0486156610408414e-27,2.5810454409115955e-26,10.908598
STAU2,10.905876,1.7819631,1.0804751891887183e-27,2.656122927392568e-26,10.905876
OSBP,10.900053,1.8296549,1.1518998937962222e-27,2.828152712898931e-26,10.900053
PHF10,10.897458,2.064119,1.185220450405066e-27,2.902677568651606e-26,10.897458
PPP4R3A,10.893598,1.0968531,1.2365717925755775e-27,3.0246546046398626e-26,10.893598
SCFD2,10.892331,1.9094625,1.2538839613933778e-27,3.05935179009297e-26,10.892331
FOXK1,10.890432,2.0016332,1.2803039062418733e-27,3.11992364101382e-26,10.890432
KAT2B,10.881129,1.6602367,1.417958967118648e-27,3.451072272211157e-26,10.881129
ATF6,10.873154,1.4862925,1.5475645635269931e-27,3.7618314756641245e-26,10.873154
RABL6,10.863597,1.2869925,1.7184406130084125e-27,4.172015622251689e-26,10.863597
KDM7A,10.8588505,1.6993589,1.810139992518804e-27,4.3891969484024735e-26,10.8588505
MECP2,10.853786,1.113458,1.9133053050677086e-27,4.633608689302589e-26,10.853786
BBX,10.850749,1.2256738,1.977981574577268e-27,4.784319338853891e-26,10.850749
EHMT1,10.843723,1.1717521,2.1359683352690678e-27,5.1600775783389036e-26,10.843723
SMARCA5,10.83366,1.120628,2.3843045031989522e-27,5.752906352478064e-26,10.83366
MTREX,10.831508,1.2737048,2.441014531713522e-27,5.882484280365788e-26,10.831508
SMG6,10.827774,1.4168787,2.5426151694298684e-27,6.112271945381286e-26,10.827774
CBFB,10.822964,1.4815536,2.6796927983409576e-27,6.430448748029402e-26,10.822964
TXK,10.822774,1.909198,2.6852515585346717e-27,6.431456854027718e-26,10.822774
RYBP,10.815938,2.426531,2.8931669184512733e-27,6.920964579493217e-26,10.815938
LRCH3,10.811634,1.6007679,3.0321866575225668e-27,7.24466770627614e-26,10.811634
ASB3,10.800495,1.6099594,3.4235244733277394e-27,8.159747490143386e-26,10.800495
PHTF2,10.797141,1.2072431,3.550897392399953e-27,8.453036517576919e-26,10.797141
TNRC6C,10.794862,1.5130727,3.640083717393532e-27,8.654818734138109e-26,10.794862
CUX1,10.7857485,1.6291423,4.0195922984734824e-27,9.545556079675862e-26,10.7857485
SMC5,10.779736,1.1315658,4.291183347620131e-27,1.0165844521335439e-25,10.779736
DUS1L,10.771951,1.7339174,4.670012841631594e-27,1.104991672128743e-25,10.771951
VPS8,10.770558,1.5459301,4.741184810546809e-27,1.120477105951449e-25,10.770558
RNF34,10.763343,1.2163135,5.127573396843392e-27,1.2103299907048432e-25,10.763343
PHKB,10.760748,1.271066,5.274040554223947e-27,1.2434027176512552e-25,10.760748
PSMA2,10.756761,2.1059277,5.5072232002369045e-27,1.2952565334403334e-25,10.756761
PPP2R5E,10.748216,1.1455907,6.0418817059046365e-27,1.4192982139392788e-25,10.748216
SLC9A8,10.7379,1.6571957,6.756407444914284e-27,1.5833458788273378e-25,10.7379
MDM4,10.724608,1.196637,7.801697554502607e-27,1.8217615482876732e-25,10.724608
COPB1,10.717647,1.1179669,8.411681930892776e-27,1.95719134392045e-25,10.717647
TBC1D2B,10.707203,1.7680696,9.416386973760556e-27,2.1883593860159926e-25,10.707203
GBF1,10.68619,1.3841999,1.1812418549711158e-26,2.74193838885822e-25,10.68619
SYNE1,10.684038,1.0261283,1.208956807800297e-26,2.802946305099077e-25,10.684038
CBFA2T2,10.670684,1.7864834,1.395955520438803e-26,3.2326695412954436e-25,10.670684
UBE2S,10.668406,1.9180669,1.430608260640812e-26,3.309000288914824e-25,10.668406
PITPNA,10.666253,2.1061814,1.4641184184351167e-26,3.382511123015155e-25,10.666253
PGP,10.66081,1.9171813,1.5523932311806957e-26,3.5822206070452654e-25,10.66081
ZSWIM6,10.653405,2.6397386,1.6810158509103037e-26,3.8744544370568695e-25,10.653405
GTDC1,10.651696,1.6843503,1.7121671601970472e-26,3.941610234204214e-25,10.651696
ATP10A,10.643151,2.84074,1.8767182194974913e-26,4.315349250191177e-25,10.643151
PPP4R3B,10.642202,1.0109943,1.8959427982281153e-26,4.354437637996216e-25,10.642202
SUZ12,10.635241,1.1780382,2.0430165139447588e-26,4.686722994709383e-25,10.635241
BRD1,10.62024,2.0790944,2.39943349765357e-26,5.491475401413457e-25,10.62024
SREBF2,10.612835,1.5979092,2.597463228520472e-26,5.92391147502198e-25,10.612835
SELENOI,10.587834,1.7109958,3.393509736360945e-26,7.703503308713569e-25,10.587834
RSF1,10.5792265,1.0161353,3.7201493737993734e-26,8.435212392410908e-25,10.5792265
GIMAP1,10.575999,1.1154325,3.8505155568388377e-26,8.710622938291604e-25,10.575999
SFMBT1,10.567454,1.7961012,4.217870736326101e-26,9.53063447672392e-25,10.567454
DENND1A,10.555619,1.9036169,4.784749256731353e-26,1.079907421634592e-24,10.555619
HTT,10.538974,1.4146922,5.71190318150043e-26,1.2861970248055283e-24,10.538974
SENP5,10.530239,1.3196154,6.267510134330638e-26,1.4096854977997924e-24,10.530239
RBM27,10.521441,2.0264003,6.881263349994481e-26,1.5441807480813304e-24,10.521441
LRRC8B,10.497707,1.9561236,8.8503785469133e-26,1.983782444513167e-24,10.497707
PAXBP1,10.494289,1.7238928,9.176565250427839e-26,2.0545426638486496e-24,10.494289
REPS1,10.479289,1.615958,1.0754905545156568e-25,2.4051656195156998e-24,10.479289
WRN,10.475808,2.0294955,1.1158050931056915e-25,2.4924742079785583e-24,10.475808
FOXN3,10.466948,1.0135491,1.2253088986540504e-25,2.7339617478748527e-24,10.466948
RAP1GAP2,10.464605,1.3701386,1.255986785163814e-25,2.7992197508070062e-24,10.464605
CNTRL,10.451757,1.0362831,1.4383516748490738e-25,3.1983710878916674e-24,10.451757
NSF,10.4499855,1.6405147,1.465483345053863e-25,3.25500318910488e-24,10.4499855
RAB10,10.44777,1.0478024,1.5001121908778974e-25,3.328140062482846e-24,10.44777
PTPN22,10.441757,1.2033935,1.5982462454544257e-25,3.541844001251665e-24,10.441757
TUT7,10.436378,1.2595558,1.6914283876336474e-25,3.739872394261606e-24,10.436378
MORC3,10.435302,1.1143664,1.710700981051372e-25,3.778216342800592e-24,10.435302
USP48,10.43163,1.0696673,1.7781070549840348e-25,3.922660524456324e-24,10.43163
OSBPL9,10.426567,1.2552962,1.8754196214614335e-25,4.132681436121322e-24,10.426567
SNX29,10.412896,1.2349138,2.1653236116555797e-25,4.755449206832366e-24,10.412896
ADAM17,10.408276,1.5685455,2.2730120656038087e-25,4.986356513423243e-24,10.408276
DNM2,10.404478,1.098461,2.365483961532609e-25,5.183403153333717e-24,10.404478
ZFX,10.397706,1.4263393,2.539737566138867e-25,5.55901394789769e-24,10.397706
WDR20,10.39587,1.5751536,2.5891175107291748e-25,5.66076552513391e-24,10.39587
ZNF638,10.393023,1.0643868,2.6676314827296764e-25,5.825916613175705e-24,10.393023
SUCLG2,10.390807,1.0943038,2.7303251219502823e-25,5.956187512410605e-24,10.390807
SRSF2,10.38549,1.0224489,2.8868101289988993e-25,6.283548454310396e-24,10.38549
INO80,10.374921,1.7514461,3.2247915620723972e-25,7.011413476292519e-24,10.374921
CUL5,10.37049,1.2361156,3.377863341611101e-25,7.336074347241513e-24,10.37049
TTC19,10.352959,1.3578223,4.0574927076023378e-25,8.802330077867244e-24,10.352959
TARDBP,10.34568,1.4853761,4.37796534401488e-25,9.487046052235125e-24,10.34568
PBX3,10.337072,2.5249774,4.789456223250921e-25,1.0367265417762613e-23,10.337072
PCLAF,10.33454,1.915868,4.9176182482309485e-25,1.0632923080815824e-23,10.33454
VPS41,10.328654,1.6620198,5.228879713621524e-25,1.129345675895651e-23,10.328654
NAA50,10.314731,1.1590683,6.045070622630381e-25,1.3041889960709073e-23,10.314731
SIAH2,10.306946,1.6554196,6.555165614807186e-25,1.4126815060632932e-23,10.306946
GPR155,10.306756,1.7315066,6.568125572962185e-25,1.413293681837561e-23,10.306756
MAN1A1,10.306692,2.4533901,6.572451198242951e-25,1.413293681837561e-23,10.306692
MAN1A2,10.299793,1.0996784,7.061266764362896e-25,1.5150753075115476e-23,10.299793
PI4K2B,10.296566,1.7008358,7.3021846480203355e-25,1.5650509221518282e-23,10.296566
OTULIN,10.279223,1.7110826,8.742891969324064e-25,1.8697367219205827e-23,10.279223
RPS6KA5,10.2570715,1.3876863,1.0999179491077292e-24,2.3471313443991325e-23,10.2570715
SHOC2,10.256186,1.199963,1.1100539928256575e-24,2.3636057161711065e-23,10.256186
MFSD6,10.245299,1.6783438,1.242397382078364e-24,2.6367930555867058e-23,10.245299
STAT4,10.231691,1.3426381,1.429994392074818e-24,3.03165008278657e-23,10.231691
HIBCH,10.227262,1.6880423,1.4969304843245481e-24,3.1701229131236747e-23,10.227262
TAF2,10.223021,1.3599068,1.5639021015421734e-24,3.3083714943759185e-23,10.223021
FAM13B,10.21378,1.2704374,1.7202953841037117e-24,3.631363546509324e-23,10.21378
DPP8,10.185995,1.4414123,2.2900531376954844e-24,4.8236555218972267e-23,10.185995
ZBTB1,10.1822605,1.230432,2.379676808916976e-24,5.0070447093427296e-23,10.1822605
LMBR1,10.1780205,1.4577101,2.4856718118488583e-24,5.224449625591671e-23,10.1780205
JAK2,10.1763115,1.6496389,2.529696491340474e-24,5.311276925166351e-23,10.1763115
CHIC2,10.170995,1.181267,2.6716616491894992e-24,5.603330670025736e-23,10.170995
PCNX2,10.167704,1.546905,2.7634706768585293e-24,5.78967818038198e-23,10.167704
HIVEP3,10.164792,1.4128344,2.847287322288702e-24,5.958900355352441e-23,10.164792
PDSS2,10.161248,1.5880536,2.952730219767576e-24,6.166384732167762e-23,10.161248
EFHD2,10.161248,1.0657241,2.952730219767576e-24,6.166384732167762e-23,10.161248
OPA1,10.147007,1.2830145,3.416812778388396e-24,7.120361283014284e-23,10.147007
PEX14,10.142513,1.7646599,3.577737521240204e-24,7.447783810173225e-23,10.142513
UBE2F,10.140868,1.3200365,3.6385269196683876e-24,7.566279996181829e-23,10.140868
ANKRD13D,10.1397915,1.4727073,3.678825863247682e-24,7.641960137158242e-23,10.1397915
SS18,10.1380825,1.3103691,3.743740613817429e-24,7.768559526105986e-23,10.1380825
SRP54,10.13783,1.1380594,3.753453624660625e-24,7.78046403891516e-23,10.13783
CRLF3,10.125108,1.0827016,4.275058299555403e-24,8.84295357354124e-23,10.125108
CHD4,10.109538,1.1197919,5.011987434813582e-24,1.0356343202157568e-22,10.109538
THAP12,10.10169,1.7200543,5.429816630453547e-24,1.1196064470465228e-22,10.10169
SPPL2A,10.100044,1.1242807,5.521707210414701e-24,1.1373554388778407e-22,10.100044
NEDD9,10.09783,1.3388907,5.647842637621482e-24,1.1621134041322518e-22,10.09783
ATAD2,10.097386,1.5501052,5.6734100940988224e-24,1.1661479907702286e-22,10.097386
MSH3,10.092449,1.4032758,5.966177538941928e-24,1.22503842688369e-22,10.092449
MOSMO,10.086563,2.3631518,6.334856338049713e-24,1.2993759834691488e-22,10.086563
ZXDC,10.078462,2.307606,6.879442024105354e-24,1.4090339821017833e-22,10.078462
EIF2AK2,10.077006,1.1717439,6.982098792073637e-24,1.4276458637753074e-22,10.077006
BORCS5,10.074159,1.2814606,7.187356976382999e-24,1.4680814333388574e-22,10.074159
JPX,10.069855,1.2164555,7.508916010867056e-24,1.5321633837397972e-22,10.069855
GABPB1,10.066879,1.8020252,7.739457018453736e-24,1.5759177412809853e-22,10.066879
PTS,10.063715,1.6434882,7.992411786137985e-24,1.6257329920077764e-22,10.063715
USPL1,10.053272,1.9437611,8.886680485296908e-24,1.8057587096187944e-22,10.053272
LFNG,10.049348,2.7103777,9.247737118048745e-24,1.8771755179043345e-22,10.049348
DHX36,10.046184,1.0638542,9.54946331411635e-24,1.934408883339842e-22,10.046184
AKT1,10.043589,1.6903011,9.804137884425533e-24,1.9839438482154998e-22,10.043589
PDZD8,10.0360565,2.2685685,1.0582034562588804e-23,2.1391451686026626e-22,10.0360565
ITPR1,10.029158,1.7002462,1.1348043476449862e-23,2.2892630386306276e-22,10.029158
SETX,10.027702,1.0011494,1.1516562965196969e-23,2.3208661596598795e-22,10.027702
NUP54,10.024474,1.2475604,1.1899128144078633e-23,2.395495262585707e-22,10.024474
DOCK9,10.0148535,1.6876875,1.3115566071461394e-23,2.6376710882462136e-22,10.0148535
TXNDC16,10.012069,2.8325753,1.3490132353701468e-23,2.7102146806697156e-22,10.012069
NAA10,10.01093,1.1539097,1.3646399831206756e-23,2.7387974553543978e-22,10.01093
ST6GAL1,10.010424,1.1481843,1.3716426186461974e-23,2.7500310206627857e-22,10.010424
USP32,10.008904,1.9545075,1.3928647450708788e-23,2.789721323597437e-22,10.008904
FARS2,10.008525,1.1944997,1.3982208848829666e-23,2.7975855087310723e-22,10.008525
KBTBD2,10.006816,1.6868614,1.4225770280015568e-23,2.8434103456521413e-22,10.006816
RBM33,10.00574,1.0473388,1.4381274411416486e-23,2.8686317806584893e-22,10.00574
SPAG9,10.004663,1.3237258,1.4538461710661173e-23,2.89703277753786e-22,10.004663
AGO2,9.983904,1.4505255,1.7927102437286018e-23,3.565015655414764e-22,9.983904
MED27,9.980992,1.3079385,1.8461045800716255e-23,3.6674694845524436e-22,9.980992
UBE2W,9.969664,2.027351,2.069288006404892e-23,4.102515472070002e-22,9.969664
DTNB,9.966942,1.5369182,2.126764024937368e-23,4.212198222669475e-22,9.966942
CREM,9.964853,1.5082648,2.1719431214650683e-23,4.297328918182857e-22,9.964853
TNPO3,9.961879,1.2696865,2.2379342357016164e-23,4.423423951940327e-22,9.961879
CCZ1,9.953271,1.816503,2.4402798578860902e-23,4.81850618154541e-22,9.953271
CCDC7,9.952195,1.778361,2.4668141656609254e-23,4.865989878392438e-22,9.952195
NAA15,9.952005,1.2248183,2.471526257589549e-23,4.870375207302346e-22,9.952005
ZNF652,9.945929,1.5841273,2.627111365500113e-23,5.1717620925660175e-22,9.945929
GRK5,9.944853,1.8484873,2.655656401427659e-23,5.222701956094115e-22,9.944853
TMCC1,9.928777,2.185499,3.1205956862163566e-23,6.118618876541249e-22,9.928777
MIR4435-2HG,9.920296,1.0435407,3.397476513347698e-23,6.654836878196972e-22,9.920296
MAP3K1,9.915675,1.168465,3.558410213621095e-23,6.956140965048709e-22,9.915675
RSRC1,9.912321,1.1759695,3.6799598652669496e-23,7.186572319714937e-22,9.912321
EIF4E3,9.911625,1.362023,3.7056976386065974e-23,7.229620278390219e-22,9.911625
ADAM10,9.903334,1.0920295,4.026257675393141e-23,7.847192250208465e-22,9.903334
ACSL4,9.903207,1.5752549,4.031358652001152e-23,7.849316030085426e-22,9.903207
SENP6,9.895422,1.0836409,4.3576794590832097e-23,8.476249667528852e-22,9.895422
UBXN7,9.892891,1.3798757,4.469333724755572e-23,8.676182770438198e-22,9.892891
NR2C2,9.8830805,1.7308062,4.929391610739318e-23,9.559795345782653e-22,9.8830805
C2CD5,9.882447,1.4405763,4.960632978469236e-23,9.610858031949109e-22,9.882447
PLCL1,9.881941,2.4045534,4.985767148933658e-23,9.649999166205125e-22,9.881941
WRNIP1,9.881751,1.8245795,4.9952249331924077e-23,9.658751135643186e-22,9.881751
TULP4,9.880865,1.5039958,5.0395966512539924e-23,9.73492865466319e-22,9.880865
PLEKHA2,9.877194,1.1786,5.2276171624907706e-23,1.0088166926589684e-21,9.877194
FRS2,9.87441,2.0468562,5.374870984331487e-23,1.0362115805063896e-21,9.87441
SNX14,9.860485,1.5785339,6.175034052452038e-23,1.1893018340391878e-21,9.860485
KIAA2013,9.84884,2.6631203,6.934003496938939e-23,1.33416499929303e-21,9.84884
FOCAD,9.844156,1.7170573,7.26465400882251e-23,1.3964120790239576e-21,9.844156
NUMB,9.829473,1.242236,8.405824573009364e-23,1.6141822889563024e-21,9.829473
ANKRD13C,9.827574,1.6783445,8.56578859576809e-23,1.6432877572744116e-21,9.827574
R3HDM1,9.824662,1.1726581,8.81693797860489e-23,1.6898123640092116e-21,9.824662
NLRC5,9.823839,1.0358572,8.889226800216462e-23,1.7019999024132656e-21,9.823839
CD55,9.813016,1.0719885,9.896532820290727e-23,1.8930142153220814e-21,9.813016
BABAM1,9.81213,1.0466658,9.983839836955477e-23,1.9078493938432106e-21,9.81213
CREB1,9.810295,1.0318664,1.0167122828001525e-22,1.9409781414471593e-21,9.810295
SIDT1,9.805421,1.6480346,1.0670091323697125e-22,2.0350131288704226e-21,9.805421
TANGO6,9.804789,2.0018709,1.0737193316082494e-22,2.045816930955231e-21,9.804789
GNA13,9.78118,1.1162558,1.356194700115113e-22,2.581519250180207e-21,9.78118
KIDINS220,9.779345,1.2514783,1.3810139931417e-22,2.6262081455584823e-21,9.779345
EXOC2,9.777446,1.3325524,1.4071622582051255e-22,2.6733350551997958e-21,9.777446
ULK4,9.77618,2.0961225,1.4248660863344025e-22,2.704343314974936e-21,9.77618
TFDP1,9.770738,1.3258507,1.5035388207638673e-22,2.8508960896034257e-21,9.770738
PPP6R2,9.760863,1.1752685,1.6573753935835412e-22,3.1395471153574765e-21,9.760863
KLHL20,9.759155,1.8969548,1.6855392311692562e-22,3.18980963979884e-21,9.759155
SENP7,9.759028,1.2836272,1.6876441867254435e-22,3.190707386071834e-21,9.759028
ABLIM1,9.756623,1.0977032,1.7281363553664398e-22,3.264109285889044e-21,9.756623
KAT6B,9.755358,1.0789869,1.7498327634953814e-22,3.2987213406625842e-21,9.755358
BTBD10,9.755358,1.5913876,1.7498327634953814e-22,3.2987213406625842e-21,9.755358
SLC2A4RG,9.753839,1.346305,1.7762245939455126e-22,3.3452514777984397e-21,9.753839
PRKACB,9.753522,1.005224,1.7817722838715662e-22,3.352473081807578e-21,9.753522
SLC12A6,9.728332,1.7213448,2.283063181208572e-22,4.2915447002775535e-21,9.728332
SMARCD2,9.72004,1.64768,2.4768286608185935e-22,4.646844030191585e-21,9.72004
GSK3A,9.718712,1.8881425,2.509368855293302e-22,4.703384076664687e-21,9.718712
CEP95,9.716559,1.5418572,2.562952324721404e-22,4.7992202000142044e-21,9.716559
TAF1B,9.71485,1.3789017,2.606309289578567e-22,4.875741890867437e-21,9.71485
TRIM59,9.713775,1.4103974,2.633979719905389e-22,4.92279991968564e-21,9.713775
RB1CC1,9.707192,1.0283209,2.809700470407479e-22,5.246204084440224e-21,9.707192
XPO4,9.697002,1.2061983,3.1048678521267315e-22,5.791806876112096e-21,9.697002
NSD2,9.696053,1.2953875,3.133882798533251e-22,5.840363676352252e-21,9.696053
PARP14,9.692636,1.0991821,3.2405759889682017e-22,6.033452992590844e-21,9.692636
ZBTB7A,9.682952,1.2649099,3.562788737941927e-22,6.6207644847148746e-21,9.682952
CCNH,9.679154,1.0277039,3.697628919467414e-22,6.85831305176667e-21,9.679154
ZBTB11,9.677129,1.6005747,3.7715962197399095e-22,6.98888208597259e-21,9.677129
BTRC,9.667952,2.1206934,4.125535238115517e-22,7.637509322558603e-21,9.667952
RBFOX2,9.663964,2.889638,4.289378201215e-22,7.93332255589557e-21,9.663964
KPNA3,9.663585,1.0266751,4.30531413238514e-22,7.955277331682003e-21,9.663585
MAPK9,9.662191,2.061662,4.364248759204406e-22,8.056567898123756e-21,9.662191
RBM6,9.657951,1.0075942,4.54869390424803e-22,8.389146307099477e-21,9.657951
PRKRIP1,9.657635,1.3200531,4.562763787042022e-22,8.407171542828465e-21,9.657635
ORC2,9.654027,1.7848169,4.726236591211891e-22,8.700187922562022e-21,9.654027
KPNA4,9.636812,1.1384442,5.58970833062584e-22,1.0270367381566802e-20,9.636812
RC3H2,9.632002,1.3007708,5.857713679616864e-22,1.07426186769206e-20,9.632002
DCAF1,9.630293,1.7452338,5.955955443530771e-22,1.0912559561705067e-20,9.630293
ZC3H18,9.62447,1.12672,6.303107879513954e-22,1.153781244025529e-20,9.62447
RAB12,9.6204195,3.7370014,6.556340237809981e-22,1.1990136988174366e-20,9.6204195
FAM117A,9.606938,1.6225332,7.473844542850957e-22,1.3655293185294822e-20,9.606938
SHPRH,9.602634,1.5279864,7.792688281288638e-22,1.422456383285971e-20,9.602634
S100A9,9.595988,1.8409301,8.311644651323281e-22,1.514359986378901e-20,9.595988
CPB2-AS1,9.591052,3.0102937,8.719155594432196e-22,1.5871296434590624e-20,9.591052
ANTXR2,9.588267,1.6664966,8.957690763864845e-22,1.6290343203281348e-20,9.588267
CDC73,9.584406,1.0551612,9.29910183745189e-22,1.689552690392373e-20,9.584406
BACH1,9.583077,1.5083802,9.41959088874522e-22,1.7098567208809504e-20,9.583077
CTBP1,9.579786,1.2314026,9.724633564729408e-22,1.7619595332835652e-20,9.579786
PITPNB,9.572698,1.0310041,1.0415239404821348e-21,1.885341393834821e-20,9.572698
SNHG7,9.570103,1.0896301,1.0680001775959906e-21,1.9314812823658356e-20,9.570103
TBK1,9.567001,1.4329581,1.1005171853401591e-21,1.9884506262914343e-20,9.567001
TRPM7,9.5635195,1.0780698,1.1381837156751534e-21,2.0546106040896127e-20,9.5635195
ZC3H7A,9.56333,1.0343193,1.14027454428856e-21,2.0564877679851193e-20,9.56333
PDE4D,9.558519,1.5711458,1.1945284086985502e-21,2.1523510038133727e-20,9.558519
ABHD3,9.54795,1.2206098,1.3228784454406033e-21,2.381424601691051e-20,9.54795
PDCD7,9.538203,1.4083558,1.4532840637415395e-21,2.6137741322880925e-20,9.538203
SLC39A11,9.53371,2.0122962,1.517613714958752e-21,2.726966499018628e-20,9.53371
NPLOC4,9.517444,1.5971037,1.7749177170499207e-21,3.1863843933241147e-20,9.517444
ATE1,9.508329,1.2993937,1.937488789465962e-21,3.471866358266478e-20,9.508329
KLHL24,9.504469,1.2603159,2.0107194783229858e-21,3.5997949452721123e-20,9.504469
PSMD12,9.504152,1.086412,2.0168420159967314e-21,3.6063533336657256e-20,9.504152
TMEM65,9.503456,2.187609,2.030376593223111e-21,3.6250373335939626e-20,9.503456
CDC34,9.494785,2.240231,2.2066633659070763e-21,3.9361885819571255e-20,9.494785
MCU,9.492887,2.3286912,2.2472423376670665e-21,4.0049214994052056e-20,9.492887
MAPKAP1,9.473455,1.3325808,2.7073577243126217e-21,4.811768932729281e-20,9.473455
APC,9.472253,1.6728035,2.738715299058485e-21,4.863083572774631e-20,9.472253
MLLT3,9.459468,1.2568489,3.0951349621650392e-21,5.490988299151904e-20,9.459468
CCNQ,9.45295,1.4399518,3.294162119452304e-21,5.838783003029228e-20,9.45295
AHCTF1,9.452189,1.4037561,3.318157747941303e-21,5.875991928662028e-20,9.452189
USP33,9.45162,1.0722914,3.336267856799731e-21,5.902720562554895e-20,9.45162
MACO1,9.449974,1.5020978,3.38913697515959e-21,5.990843028899987e-20,9.449974
TRRAP,9.442443,1.139273,3.641886974311492e-21,6.426009406070989e-20,9.442443
ATF2,9.441303,1.3466566,3.681707794246986e-21,6.490419650254507e-20,9.441303
TERF2,9.437949,2.2416868,3.801476044068723e-21,6.695525043234633e-20,9.437949
EXOC6B,9.428835,2.568077,4.146692874735043e-21,7.290430024511707e-20,9.428835
SLC30A7,9.422632,1.2597752,4.3991844041560615e-21,7.727400396815602e-20,9.422632
YTHDC2,9.421936,1.2992772,4.428457640709559e-21,7.771843866673063e-20,9.421936
ST8SIA4,9.421493,1.2765377,4.447186292089648e-21,7.797718760180128e-20,9.421493
ZNF131,9.420164,1.0585641,4.5038435780042676e-21,7.889992044260296e-20,9.420164
MTMR3,9.408075,1.853794,5.05305299324556e-21,8.83629499301422e-20,9.408075
TRIM28,9.395164,1.3435729,5.7128943640730886e-21,9.972338707955593e-20,9.395164
SOS2,9.391872,2.2944086,5.8942914772546865e-21,1.0279812444466996e-19,9.391872
DPM1,9.38048,1.2974232,6.5673095749716304e-21,1.1443376114251546e-19,9.38048
ZFPM1,9.365417,2.9180343,7.575093240782953e-21,1.3175948847612519e-19,9.365417
PTAR1,9.352062,1.3082612,8.595542230270119e-21,1.4911132124284192e-19,9.352062
IQCB1,9.350226,1.6974562,8.746026030815783e-21,1.5158745559876285e-19,9.350226
TLE4,9.349151,1.1127461,8.835448903862191e-21,1.530018266821021e-19,9.349151
DICER1,9.344403,1.2773457,9.240877531529384e-21,1.5973983351322172e-19,9.344403
ARFGEF2,9.3425045,1.4229381,9.408152359756018e-21,1.6248784234395919e-19,9.3425045
ERCC6L2,9.339024,1.6487095,9.722636574986712e-21,1.677712103168783e-19,9.339024
ABHD18,9.326049,1.4657294,1.0989111068234796e-20,1.8945808403807797e-19,9.326049
UBASH3B,9.323391,1.4007094,1.1268049484052273e-20,1.9409611998585815e-19,9.323391
ANKRD36,9.323011,1.2946086,1.1308465220115393e-20,1.9462097399051716e-19,9.323011
EYA3,9.321302,2.0550187,1.1492117164804803e-20,1.976078635157297e-19,9.321302
BTAF1,9.314087,1.3441689,1.2300605158312942e-20,2.1132418063026133e-19,9.314087
MAP3K4,9.31377,1.436684,1.2337324424113829e-20,2.1158349196411866e-19,9.31377
HDGFL2,9.306935,1.3747594,1.3157453249342604e-20,2.2525375781551714e-19,9.306935
MIB1,9.306555,2.0457845,1.3204564187926311e-20,2.25862685340334e-19,9.306555
SRCAP,9.299213,2.470447,1.414887142569055e-20,2.413819669205865e-19,9.299213
TRIM24,9.296681,1.8263286,1.4489736075507137e-20,2.46981842792268e-19,9.296681
TMEM41B,9.295099,1.3998688,1.470688676870255e-20,2.5046506552652e-19,9.295099
ATP11A,9.293454,2.0422401,1.493613713457151e-20,2.5414811430373504e-19,9.293454
VPS50,9.282948,1.6787478,1.6485411859622462e-20,2.80023037559976e-19,9.282948
USP9X,9.27339,1.0049329,1.8032132832660423e-20,3.0603016068473475e-19,9.27339
THAP11,9.268643,1.3104594,1.8852858059991402e-20,3.196817387503568e-19,9.268643
SYNC,9.255605,4.782025,2.1302017403677325e-20,3.5996362396818467e-19,9.255605
TSG101,9.254276,1.0575024,2.1568700737275393e-20,3.64155596226924e-19,9.254276
ABCF2,9.252188,3.4685266,2.1994458403460764e-20,3.7070418780268753e-19,9.252188
N4BP2,9.230858,1.2153245,2.6847239096545303e-20,4.513288441934694e-19,9.230858
TMEM135,9.224276,1.9880116,2.8548361378901535e-20,4.795144510406397e-19,9.224276
SRGAP2,9.211048,1.8074223,3.229569028499134e-20,5.410634139526631e-19,9.211048
FBXO42,9.206365,1.5962806,3.3735844194706875e-20,5.642247856427557e-19,9.206365
UBE2Q2,9.19763,1.146415,3.6593169655851493e-20,6.114903021568762e-19,9.19763
KDM1A,9.197061,1.5850896,3.6787613570892264e-20,6.14215036139266e-19,9.197061
HIGD1A,9.195858,1.3239193,3.720146676823861e-20,6.205953126350325e-19,9.195858
RIPK1,9.187377,1.5065132,4.0253835528027564e-20,6.698019163371117e-19,9.187377
MRPL1,9.18225,1.3237447,4.2217640294690814e-20,7.018817207192097e-19,9.18225
SNX25,9.178136,2.1651046,4.386177675009359e-20,7.285969842494324e-19,9.178136
CARS2,9.1750345,1.6200799,4.5142897407581193e-20,7.486069631114821e-19,9.1750345
CYP20A1,9.170034,1.1623538,4.728669576281296e-20,7.834937025289788e-19,9.170034
ATP2A2,9.169528,1.5472445,4.750932158200721e-20,7.863130777671241e-19,9.169528
RNF115,9.169465,1.0179679,4.753722255716005e-20,7.863130777671241e-19,9.169465
NOL12,9.162629,1.6592041,5.0647844032293195e-20,8.370582871823592e-19,9.162629
MAP3K3,9.148326,1.7455376,5.782280611396465e-20,9.53223816375788e-19,9.148326
GPHN,9.140224,1.847448,6.232297788616904e-20,1.0265454808725218e-18,9.140224
JMY,9.136744,1.8472736,6.436139543256215e-20,1.059229424578954e-18,9.136744
KPNA1,9.127502,1.2751354,7.009765177605958e-20,1.1516967673836556e-18,9.127502
EP300,9.127502,1.0673409,7.009765177605958e-20,1.1516967673836556e-18,9.127502
EPG5,9.12497,1.7769618,7.175553908425236e-20,1.1779466348998743e-18,9.12497
G2E3,9.124718,1.2820907,7.192344421140787e-20,1.1797132911390019e-18,9.124718
DCAF6,9.119275,1.364991,7.56288127484399e-20,1.2384138977920266e-18,9.119275
RBL1,9.117439,1.241342,7.692034870520181e-20,1.2585095179459775e-18,9.117439
TRAK1,9.117312,1.9897928,7.701021942273762e-20,1.258927296294177e-18,9.117312
SEL1L3,9.113135,1.450087,8.003488834735146e-20,1.3072810477303619e-18,9.113135
TPK1,9.110793,1.4553121,8.178159113798114e-20,1.3346973939849999e-18,9.110793
SUMF1,9.098704,1.6131755,9.141545626387154e-20,1.4906813734761986e-18,9.098704
UBAP2,9.09668,1.4567633,9.313574129622249e-20,1.5174689306282111e-18,9.09668
NIN,9.094654,1.0018868,9.488801435996389e-20,1.5447326663858348e-18,9.094654
WDR43,9.085097,1.0369632,1.0360621174836801e-19,1.6852588125453576e-18,9.085097
RFTN1,9.079654,1.114403,1.0892059301972696e-19,1.770231033397024e-18,9.079654
NLK,9.072375,2.6531687,1.16450115632925e-19,1.8894658894735293e-18,9.072375
FBXO34,9.061489,1.3294156,1.2868150893963117e-19,2.086196990000582e-18,9.061489
CCNT2,9.057249,1.3996845,1.3378238226977675e-19,2.1670973975620788e-18,9.057249
AFF1,9.0500965,1.0107255,1.4284182048656358e-19,2.3043105880305658e-18,9.0500965
METTL15,9.0500965,1.4112753,1.4284182048656358e-19,2.3043105880305658e-18,9.0500965
SFI1,9.048767,1.2153381,1.4459102076257944e-19,2.33060716168217e-18,9.048767
FAM168B,9.04421,1.6919658,1.5075051794154247e-19,2.425893203190874e-18,9.04421
NUP214,9.031742,1.1897374,1.689603133552938e-19,2.712235776650032e-18,9.031742
PKIA,9.026869,1.3660648,1.7665437610748408e-19,2.8334203538288924e-18,9.026869
DCAF5,9.01921,1.1242241,1.8945005976235773e-19,3.0361660683290875e-18,9.01921
BTBD7,9.014653,1.5418319,1.9749422857986433e-19,3.162493506424538e-18,9.014653
AKAP10,9.011362,1.5572774,2.0351290493759873e-19,3.250890223525659e-18,9.011362
CUL2,9.003008,1.1748053,2.196172125542032e-19,3.502420224336307e-18,9.003008
SEPHS1,9.000603,1.6239215,2.2448237308597777e-19,3.577093710542681e-18,9.000603
DIS3L2,8.991805,1.3252422,2.432031188154982e-19,3.872252749374832e-18,8.991805
PPFIA1,8.986615,1.55504,2.549619216007081e-19,4.056174700717606e-18,8.986615
TFDP2,8.983007,1.2618697,2.63464927332919e-19,4.188043621487051e-18,8.983007
KIAA0586,8.977438,1.7219435,2.7714558048554215e-19,4.3948012309085e-18,8.977438
HNRNPAB,8.967311,1.2243105,3.03841321827985e-19,4.810329276318779e-18,8.967311
SAP30L,8.964716,2.0390155,3.1108143173487016e-19,4.9209712661179775e-18,8.964716
RREB1,8.957248,1.8341427,3.3288366883627027e-19,5.257358863428682e-18,8.957248
OTUD4,8.954589,1.5220356,3.4100258230219016e-19,5.376904537058225e-18,8.954589
MAPKAPK2,8.946362,1.2710272,3.673928185479901e-19,5.77905359593816e-18,8.946362
CRIPT,8.945159,1.1422882,3.7141519454923067e-19,5.837632551758511e-18,8.945159
RARS2,8.944842,1.1808913,3.7248092593079583e-19,5.849684396961326e-18,8.944842
OTUD5,8.930982,1.2628891,4.2224579828344587e-19,6.610004624648375e-18,8.930982
KMT5B,8.907627,1.5092841,5.213655908672303e-19,8.142124407094943e-18,8.907627
SAP130,8.906235,1.7209892,5.279524959304526e-19,8.238416619112517e-18,8.906235
NUP88,8.900475,1.3454258,5.560827929666554e-19,8.670460631690449e-18,8.900475
SPG11,8.894082,1.3036793,5.890400519721005e-19,9.177018898877438e-18,8.894082
IMMP2L,8.885918,2.1161153,6.339527227305117e-19,9.868883753691847e-18,8.885918
PPP1R21,8.879779,1.1850148,6.699369110015446e-19,1.0420767467788731e-17,8.879779
SNX4,8.87807,1.1810353,6.803071706529324e-19,1.0573670147209358e-17,8.87807
TCF20,8.874715,1.4150869,7.011268660582084e-19,1.0886165341020981e-17,8.874715
FBXW4,8.874652,1.8072042,7.015256794269959e-19,1.0886165341020981e-17,8.874652
DTNBP1,8.869272,1.3573261,7.3625667080055905e-19,1.1407023384184751e-17,8.869272
SAMD3,8.868893,1.0055839,7.38771468866466e-19,1.143693046105934e-17,8.868893
MGAT4B,8.866044,2.5332177,7.579048435672257e-19,1.1723859271876262e-17,8.866044
MSL2,8.864715,1.2107139,7.670004571660487e-19,1.1845828686523474e-17,8.864715
APPBP2,8.856867,1.4104391,8.229479861840639e-19,1.2689870916981687e-17,8.856867
HRAS,8.855727,2.0647027,8.313975729121686e-19,1.279999032788774e-17,8.855727
ECPAS,8.848386,1.1718436,8.87943439658182e-19,1.3659809140905117e-17,8.848386
SEC22A,8.845411,2.2486606,9.11920855483088e-19,1.4017649096695258e-17,8.845411
TOX,8.836993,1.5210025,9.832918308565522e-19,1.510286856059734e-17,8.836993
EXOC1,8.835728,1.4136785,9.944910893468818e-19,1.5250941721269423e-17,8.835728
SUCLA2,8.833892,1.1244003,1.0109541264319664e-18,1.549126886924097e-17,8.833892
MTF2,8.830474,1.0502659,1.0423298583228623e-18,1.5947076362518977e-17,8.830474
WDR37,8.830347,1.2522831,1.0435102083130617e-18,1.5952662309585932e-17,8.830347
NAMPT,8.827183,1.2665169,1.073451805828572e-18,1.6397583869206478e-17,8.827183
TPGS1,8.825411,1.3760465,1.0905880866777258e-18,1.6646355444703384e-17,8.825411
ARHGEF7,8.82174,1.2721461,1.1269487306614898e-18,1.718794447512395e-17,8.82174
SLK,8.799272,1.4547981,1.3770751448096522e-18,2.09538152672125e-17,8.799272
F8A1,8.798638,2.5435543,1.3848626852578384e-18,2.1055938636461057e-17,8.798638
BTBD9,8.793005,1.168537,1.4561157458192205e-18,2.2087808460612798e-17,8.793005
PIK3C2A,8.789651,1.6033676,1.5002547560220626e-18,2.2739725070363842e-17,8.789651
APPL2,8.767625,2.3110106,1.8247391076939444e-18,2.7615231909787396e-17,8.767625
LRIG1,8.762435,1.6577204,1.9107666063693905e-18,2.8872494944738403e-17,8.762435
RAB3GAP1,8.7611065,1.1692276,1.933434628631968e-18,2.919247593601107e-17,8.7611065
PTPN4,8.75541,1.0145622,2.0336288477288737e-18,3.0681610865349734e-17,8.75541
DYRK2,8.754144,1.4985158,2.0565811367111005e-18,3.1003990510911264e-17,8.754144
C17orf49,8.738068,1.3588595,2.371307104269707e-18,3.566620862132945e-17,8.738068
TMEM161B,8.737246,1.6228584,2.388635921894154e-18,3.589925324087927e-17,8.737246
TENT4B,8.729144,1.8322035,2.5660761106254233e-18,3.8536436939921934e-17,8.729144
VIRMA,8.728321,1.0613016,2.584809494624864e-18,3.8788000146333846e-17,8.728321
ZMYND11,8.725093,1.3605753,2.6596149292547353e-18,3.984942184966054e-17,8.725093
PHC2,8.715409,2.3995502,2.8970941485650264e-18,4.3374398086549687e-17,8.715409
ABHD17B,8.71079,2.6211128,3.0176624650728483e-18,4.514496874353632e-17,8.71079
MKNK2,8.708258,1.1625803,3.085814529016984e-18,4.6129273264938377e-17,8.708258
RABL3,8.706359,1.6274234,3.137923734372257e-18,4.687243636198192e-17,8.706359
LMTK2,8.704777,1.5524111,3.1820109743450617e-18,4.7494729783359396e-17,8.704777
ZZEF1,8.7016115,1.1349312,3.2720281343158695e-18,4.880110253985742e-17,8.7016115
PPP1R10,8.691612,1.1763057,3.573331585877064e-18,5.3132942608238896e-17,8.691612
APOLD1,8.687371,1.5015234,3.709223219224636e-18,5.5069863394376075e-17,8.687371
SEC63,8.687055,1.0185889,3.719566571185751e-18,5.5181560777075644e-17,8.687055
NSMCE3,8.68522,1.1588725,3.780121966458439e-18,5.599502395129352e-17,8.68522
KDM4A,8.683004,1.9403648,3.854503364165121e-18,5.705364737517631e-17,8.683004
ARHGAP35,8.681295,1.3819717,3.912868879460867e-18,5.787378551269104e-17,8.681295
SMG7,8.673131,1.0444428,4.203992379581292e-18,6.213272121121353e-17,8.673131
CTLA4,8.668827,1.0723901,4.365955752066224e-18,6.447775257089198e-17,8.668827
RALGAPB,8.650156,1.1693218,5.1429217788914355e-18,7.58377493363584e-17,8.650156
ZCCHC2,8.646991,1.7181165,5.2875091480301325e-18,7.785250489740679e-17,8.646991
RAB3GAP2,8.646991,1.1405908,5.2875091480301325e-18,7.785250489740679e-17,8.646991
AUH,8.636801,1.5090855,5.780889309095802e-18,8.486154688701176e-17,8.636801
SUCO,8.636801,1.2783775,5.780889309095802e-18,8.486154688701176e-17,8.636801
ATG13,8.635029,1.089467,5.8712167192474485e-18,8.61229151141185e-17,8.635029
KPNA6,8.634839,1.0501599,5.880976898552365e-18,8.620146513173984e-17,8.634839
YRDC,8.634143,4.214654,5.916901440340564e-18,8.659830021285277e-17,8.634143
FXN,8.633447,1.9662505,5.953042581230904e-18,8.706213544807647e-17,8.633447
ZNF654,8.630789,1.7383305,6.0930514596443e-18,8.904318966566069e-17,8.630789
STXBP3,8.628194,1.2407477,6.2328604329809646e-18,9.101836787505337e-17,8.628194
LRRC8D,8.622877,1.3741347,6.529262172308689e-18,9.527561684394961e-17,8.622877
FBXW11,8.622244,1.3182485,6.565461948064758e-18,9.573245856909925e-17,8.622244
FTO,8.622117,1.17951,6.572725639700941e-18,9.576701066095906e-17,8.622117
ZMYM4,8.621421,1.6989571,6.61281795857548e-18,9.627948051592634e-17,8.621421
MAGT1,8.61851,1.1132537,6.7831084520222126e-18,9.86854023711306e-17,8.61851
CHD6,8.610788,1.0700253,7.255994959435469e-18,1.0548685688427433e-16,8.610788
SLC10A7,8.598889,1.9931719,8.049126356828198e-18,1.1693044138857772e-16,8.598889
CD2AP,8.596294,1.3336216,8.233145697109269e-18,1.1951498145477314e-16,8.596294
SLAIN2,8.594712,1.1506767,8.34738401459606e-18,1.210834769441184e-16,8.594712
ACBD6,8.591294,1.0646551,8.599504906786314e-18,1.2464823112295897e-16,8.591294
SPTLC1,8.580408,1.0849758,9.453712366211808e-18,1.3672597456173887e-16,8.580408
AQR,8.573193,1.0110861,1.0065474585182876e-17,1.4535882412019078e-16,8.573193
IPO9,8.569839,1.3853674,1.0363037894678676e-17,1.4954566778987636e-16,8.569839
YTHDF3,8.56275,1.2413858,1.1020702252252734e-17,1.5891901375982423e-16,8.56275
EMSY,8.559015,1.5352968,1.138354341464805e-17,1.6390962291231277e-16,8.559015
SRGAP2C,8.5588255,1.6630504,1.1402304654754241e-17,1.640590422678169e-16,8.5588255
ZNF326,8.555471,1.0116814,1.173882974980223e-17,1.6877694382375464e-16,8.555471
ZNF708,8.555345,1.5599675,1.1751718909066816e-17,1.68838205295609e-16,8.555345
SPOPL,8.554965,2.0474389,1.1790470243118882e-17,1.6927066890487915e-16,8.554965
TMEM156,8.553383,1.1955125,1.19532960494912e-17,1.7148247587715818e-16,8.553383
SSBP3,8.549965,1.209191,1.2312610996522299e-17,1.7650781830032843e-16,8.549965
TXNDC11,8.5494585,1.2056679,1.2366741578204211e-17,1.771540257703514e-16,8.5494585
XPO7,8.548762,1.41959,1.2441554771256427e-17,1.780953502296604e-16,8.548762
NSMAF,8.533509,1.0225052,1.4197455504480583e-17,2.0248965693270848e-16,8.533509
BLM,8.524015,1.9846425,1.541155170153963e-17,2.1964547974925524e-16,8.524015
SMURF1,8.514268,2.031437,1.676456556771074e-17,2.3840771731756086e-16,8.514268
L3MBTL3,8.513825,1.6038092,1.6828775420408326e-17,2.391470424303196e-16,8.513825
RCC2,8.511737,1.6788595,1.7134762560105734e-17,2.433186021597598e-16,8.511737
NENF,8.508698,1.2029444,1.7589658497247172e-17,2.495971265222137e-16,8.508698
THOC1,8.506863,1.1985054,1.7870244485273227e-17,2.533948870201642e-16,8.506863
STAM,8.497749,1.2017189,1.9330252671237915e-17,2.73898902440828e-16,8.497749
PIK3CB,8.467432,2.011382,2.508618085979366e-17,3.546866958558109e-16,8.467432
ARL8A,8.462749,1.5740782,2.6114820823781052e-17,3.6896376453411383e-16,8.462749
BTBD1,8.457875,1.0801609,2.7229339226850935e-17,3.844326911912115e-16,8.457875
ARHGAP19,8.452432,2.0572896,2.8529657177715294e-17,4.025005996060079e-16,8.452432
MAP3K14,8.451862,1.3392398,2.8669227703640014e-17,4.038872913641669e-16,8.451862
ZNHIT6,8.448192,1.5646086,2.9584979792053906e-17,4.16188989626823e-16,8.448192
MIGA1,8.436545,1.4471989,3.2685358584284e-17,4.591436444919377e-16,8.436545
UBE4B,8.436293,1.1090032,3.2756200501558566e-17,4.598087025928968e-16,8.436293
CHKB,8.427242,1.2463421,3.53907702323277e-17,4.95369522107431e-16,8.427242
NBEAL1,8.416925,1.3941442,3.864937688191945e-17,5.398222746790862e-16,8.416925
GLYR1,8.414204,1.0290718,3.955724500699719e-17,5.521085380149222e-16,8.414204
AP1G1,8.413001,1.0402974,3.99650668640268e-17,5.574030138241457e-16,8.413001
TMEM203,8.403951,1.7803233,4.317046036267855e-17,6.01680604257047e-16,8.403951
SCAI,8.397621,1.324803,4.556136040658617e-17,6.336493961876888e-16,8.397621
FBXO28,8.393444,1.4176375,4.7210421711575284e-17,6.561175653779155e-16,8.393444
PLEKHO1,8.386799,1.2003057,4.995604021317596e-17,6.937826791280533e-16,8.386799
PPP3CA,8.385659,1.1427399,5.0442278902626055e-17,6.999190496750351e-16,8.385659
GIPC1,8.385596,1.4288796,5.0469428612606014e-17,6.999190496750351e-16,8.385596
ATL2,8.385153,1.9838599,5.0659880576151073e-17,7.020627075879066e-16,8.385153
REEP3,8.378887,1.2224137,5.343055283386336e-17,7.388897935357161e-16,8.378887
ICE1,8.377937,1.1328689,5.3863189238769916e-17,7.443466716272951e-16,8.377937
KLHDC10,8.3769245,1.9773663,5.432847673095139e-17,7.502467414758339e-16,8.3769245
GTF2F2,8.371672,1.055878,5.680652121984472e-17,7.839139684273071e-16,8.371672
WDFY1,8.368191,1.2680267,5.850967185667286e-17,8.068479625732026e-16,8.368191
TOPBP1,8.364773,1.0211672,6.023082543800684e-17,8.299977409654351e-16,8.364773
HNRNPH2,8.361292,1.1041235,6.20351720593587e-17,8.542605537350677e-16,8.361292
E2F3,8.35338,1.4098179,6.633659394197374e-17,9.128512449061478e-16,8.35338
WSB2,8.352367,1.6549968,6.690798874239758e-17,9.200671283986198e-16,8.352367
NUP160,8.341671,1.3075272,7.324776969846851e-17,1.0058332333050048e-15,8.341671
MTAP,8.339772,1.5749079,7.443351516202411e-17,1.0199685046852155e-15,8.339772
SCMH1,8.339772,2.469599,7.443351516202411e-17,1.0199685046852155e-15,8.339772
TRAPPC11,8.33819,1.4459447,7.543608112115653e-17,1.0329833697542275e-15,8.33819
SLC35D1,8.320215,2.238623,8.780355411326297e-17,1.1998183986650349e-15,8.320215
EMG1,8.313,1.6339946,9.331236739145467e-17,1.2742054466964307e-15,8.313
KCTD20,8.299203,1.0457151,1.0481251649256079e-16,1.4302449949277753e-15,8.299203
POM121,8.291481,1.0213023,1.1184702410653858e-16,1.5251725210569664e-15,8.291481
PVRIG,8.291354,2.5402498,1.1196613854350104e-16,1.5257335647766214e-15,8.291354
ZNF410,8.282937,1.2737747,1.201744280880162e-16,1.6353082119793471e-15,8.282937
JOSD1,8.28186,1.3604177,1.2126547652661043e-16,1.6490082311832613e-15,8.28186
CENPP,8.279202,1.9419487,1.2400305676531018e-16,1.6838943891627965e-15,8.279202
BRWD3,8.277177,1.4831661,1.2612964923942178e-16,1.7115845882919596e-15,8.277177
LCORL,8.274392,2.0824833,1.2911253679404308e-16,1.7508483159984999e-15,8.274392
RAF1,8.261417,1.009862,1.4395279319150045e-16,1.947728073313445e-15,8.261417
ANKRD13A,8.261417,1.1915979,1.4395279319150045e-16,1.947728073313445e-15,8.261417
PDE12,8.261354,1.2734392,1.4402915587104226e-16,1.947728073313445e-15,8.261354
AVL9,8.259582,1.0784446,1.4618360145045888e-16,1.9754977300984663e-15,8.259582
AHCYL1,8.251671,1.3510236,1.561956877192188e-16,2.107887736061844e-15,8.251671
TENT4A,8.250911,2.4868827,1.5719169089086845e-16,2.1198669933511466e-15,8.250911
PCMTD1,8.250784,1.0135965,1.5735829909635815e-16,2.1206523393371464e-15,8.250784
ANO6,8.247367,1.0601728,1.619231209870827e-16,2.18066870714056e-15,8.247367
TNFSF12,8.23319,1.6601472,1.8229391395758952e-16,2.4499500743970546e-15,8.23319
YEATS2,8.225531,1.2409431,1.9432815356566197e-16,2.609892456398678e-15,8.225531
LARS2,8.223315,2.0132651,1.9795287770495947e-16,2.6567502818454367e-15,8.223315
IQSEC1,8.221164,1.0181054,2.0153783325502066e-16,2.7030105011201127e-15,8.221164
S100A8,8.198948,2.1943872,2.4249910014077184e-16,3.2368501988776423e-15,8.198948
LINC01891,8.197745,2.3101826,2.449366208476736e-16,3.2671573256627655e-15,8.197745
INTS7,8.196544,1.9035422,2.473982898394852e-16,3.297745051484364e-15,8.196544
PDXK,8.194264,1.3583407,2.521295693462317e-16,3.356239056440179e-15,8.194264
ESR2,8.190847,2.2602794,2.593941907584287e-16,3.4505951901841826e-15,8.190847
UBP1,8.183759,1.2682283,2.7512562015006727e-16,3.657376450473177e-15,8.183759
AGPAT5,8.179645,1.6701007,2.846828822488549e-16,3.781856510417917e-15,8.179645
AKAP8L,8.178315,1.1635762,2.8783999524912366e-16,3.816025086066973e-15,8.178315
KMT2B,8.1771755,1.4635257,2.9057354131465835e-16,3.849656774844438e-15,8.1771755
RHBDD1,8.176416,2.0418894,2.924101043670147e-16,3.871367335760314e-15,8.176416
TRERF1,8.174455,1.3058069,2.972076827967879e-16,3.9295675249780706e-15,8.174455
FMR1,8.172998,1.1355413,3.0081723213849974e-16,3.9746060759528446e-15,8.172998
RCC1L,8.164517,1.5045547,3.227222940315658e-16,4.261153744675897e-15,8.164517
SFMBT2,8.1618595,2.218894,3.2990626122001934e-16,4.353071961937517e-15,8.1618595
ANAPC10,8.160213,1.2930727,3.3443222700265494e-16,4.406848362281449e-15,8.160213
C1orf122,8.155847,1.2788182,3.467422788070087e-16,4.5629138612612954e-15,8.155847
HEATR1,8.154707,1.4696693,3.5002636915138367e-16,4.599264227391553e-15,8.154707
NPTN,8.152999,1.2020663,3.550100655911617e-16,4.659179720649129e-15,8.152999
SGPP1,8.144517,2.0103061,3.807976634347569e-16,4.994268550999546e-15,8.144517
ITPKB,8.141986,1.0683076,3.888471622126714e-16,5.096424159529507e-15,8.141986
USF3,8.139137,1.3671796,3.9810340677735685e-16,5.214248637094591e-15,8.139137
CEP120,8.137619,1.4931482,4.0312851528119793e-16,5.2765343057006566e-15,8.137619
SAMD8,8.119707,1.8683445,4.673105360784763e-16,6.108438590503423e-15,8.119707
CERK,8.117112,1.0201899,4.774080536140816e-16,6.2362622116958266e-15,8.117112
MINDY3,8.116352,1.5382496,4.804038874270492e-16,6.271209652550032e-15,8.116352
SNX13,8.115656,1.4354136,4.831663389393103e-16,6.303065946909616e-15,8.115656
WASHC5,8.114897,1.0355021,4.861977771288439e-16,6.3374686359033e-15,8.114897
GOSR1,8.114834,1.0558813,4.864512413699283e-16,6.3374686359033e-15,8.114834
KHSRP,8.103188,1.1666905,5.353748662139234e-16,6.965568738081152e-15,8.103188
FAM117B,8.097872,1.9204054,5.592918550894747e-16,7.26708035882526e-15,8.097872
LIN52,8.096036,1.3723058,5.677909699959955e-16,7.372616921620199e-15,8.096036
BTBD6,8.083947,2.706965,6.270353262107415e-16,8.125713419398537e-15,8.083947
PYCR2,8.078378,1.2632109,6.563419592062915e-16,8.499867278457122e-15,8.078378
RPRD1B,8.074706,1.5989485,6.763913698142416e-16,8.753721114103889e-15,8.074706
UQCC1,8.069516,1.7727555,7.05770502518664e-16,9.121873971786802e-15,8.069516
SLC23A2,8.068567,1.4683717,7.112791541339409e-16,9.187003622503601e-15,8.068567
CHD9,8.067744,1.2010946,7.160875710274523e-16,9.24300896429102e-15,8.067744
GOSR2,8.065276,1.3230635,7.307058122472916e-16,9.419269653527669e-15,8.065276
ANKUB1,8.05958,3.0690386,7.655717443614045e-16,9.855728877410502e-15,8.05958
GALNT10,8.052554,1.6752133,8.108369698130668e-16,1.0431596203354433e-14,8.052554
SUPT3H,8.029896,1.1199027,9.755540513796198e-16,1.2509594808254521e-14,8.029896
TRAPPC13,8.027491,1.7415271,9.94864159939772e-16,1.274885519430351e-14,8.027491
RYK,8.015022,1.7994347,1.1011701136486812e-15,1.409267284753263e-14,8.015022
CD59,8.009643,1.1084607,1.1504234847838573e-15,1.470377971930145e-14,8.009643
OXSR1,8.001731,1.2772425,1.2268212632942757e-15,1.565977722122791e-14,8.001731
UBAC1,7.9970474,1.4787009,1.274381368374768e-15,1.6235087640857722e-14,7.9970474
DGKH,7.994073,1.8018293,1.3055267505089454e-15,1.6621045838620068e-14,7.994073
TDRD3,7.979452,1.3472595,1.4698400209961274e-15,1.870079943488441e-14,7.979452
SLC30A6,7.9755282,1.6725798,1.5173046498601975e-15,1.9279621680821002e-14,7.9755282
MAML1,7.966984,1.2906107,1.6259391900117553e-15,2.0646578890428312e-14,7.966984
ABCB10,7.966794,1.6903465,1.628438310310645e-15,2.0664903278961545e-14,7.966794
LINC01801,7.966667,4.464469,1.6301064919823505e-15,2.0672666127745063e-14,7.966667
TAF1,7.9541354,1.1232268,1.803864739318468e-15,2.2861415297269286e-14,7.9541354
FAM120B,7.9485025,1.0496002,1.8877933522535126e-15,2.3894139920373048e-14,7.9485025
POM121C,7.93749,1.0176259,2.063139182325836e-15,2.6062948689316953e-14,7.93749
ZDHHC17,7.9373,1.5055561,2.0662988888476824e-15,2.6086023649659e-14,7.9373
TTC33,7.9233756,1.584766,2.3114767303258927e-15,2.910616258624007e-14,7.9233756
SMARCAD1,7.921414,1.2695587,2.3482515577351184e-15,2.9550216386984435e-14,7.921414
IMMP1L,7.9137554,1.238606,2.497386912052889e-15,3.140672692483993e-14,7.9137554
CTSZ,7.91154,1.5957012,2.54223803929521e-15,3.1950233752683796e-14,7.91154
GMEB2,7.90692,1.843147,2.6383525144601264e-15,3.3136894738739254e-14,7.90692
KMT2E-AS1,7.896287,1.60157,2.8733491199186166e-15,3.5995963878724386e-14,7.896287
FAR2,7.896097,1.6901771,2.8777274814101034e-15,3.602774878837678e-14,7.896097
NETO2,7.892616,2.7516105,2.9591716560630773e-15,3.702370266358203e-14,7.892616
FABP5,7.8883123,1.0399786,3.063009390608838e-15,3.8249500801170224e-14,7.8883123
MCPH1,7.8864136,1.0313104,3.1099529918243677e-15,3.881094396940002e-14,7.8864136
CNOT6,7.8862233,1.7555884,3.1146861328962914e-15,3.884523788942934e-14,7.8862233
CCDC6,7.8790717,1.3966159,3.2982271441447297e-15,4.105579437444279e-14,7.8790717
HMBOX1,7.872616,1.237316,3.4730211510629396e-15,4.320411817164628e-14,7.872616
RPS6KB1,7.866603,1.0597659,3.64400661690162e-15,4.52736009393847e-14,7.866603
AFF3,7.8602104,2.5105321,3.83488314376753e-15,4.7584650194827546e-14,7.8602104
CSE1L,7.8584385,1.2277251,3.889519949823034e-15,4.823201925103748e-14,7.8584385
GLMN,7.856603,1.1496891,3.946915960891556e-15,4.8881804761218966e-14,7.856603
BRIP1,7.8536916,2.413908,4.0396726527398196e-15,4.996732899419266e-14,7.8536916
AREL1,7.852109,1.7617862,4.0909806203220674e-15,5.056999922834e-14,7.852109
UPF1,7.8510966,1.9690738,4.124153855132227e-15,5.0947880452795093e-14,7.8510966
ZHX2,7.8476787,1.657025,4.238080654051429e-15,5.225630890893407e-14,7.8476787
ZBED4,7.841856,2.1197746,4.4393557390902166e-15,5.466917124135768e-14,7.841856
MARK2,7.8353367,1.0890706,4.675873927317077e-15,5.754559811933368e-14,7.8353367
ACACA,7.831286,1.5347191,4.829040404359526e-15,5.935594386464021e-14,7.831286
AHCYL2,7.8046403,2.044303,5.967147514560662e-15,7.306955104187923e-14,7.8046403
TYW1,7.8034377,1.0735838,6.024311012671013e-15,7.367732368496649e-14,7.8034377
LRRC37B,7.8029947,1.8360125,6.045506840778286e-15,7.389036718322892e-14,7.8029947
ATXN2,7.795463,1.1201491,6.417273020796049e-15,7.828753021878871e-14,7.795463
MCCC2,7.7876782,1.0106151,6.825178271933765e-15,8.321189309981304e-14,7.7876782
MPP7,7.7825513,1.4364904,7.107626123091166e-15,8.66015118160946e-14,7.7825513
PCCA,7.7817287,1.7431201,7.154016155564989e-15,8.711250039333895e-14,7.7817287
ALMS1,7.781539,1.5081028,7.164763795583772e-15,8.718911564178062e-14,7.781539
NCOR2,7.780526,1.3103472,7.222353498642038e-15,8.783530967148999e-14,7.780526
ACBD5,7.7780576,1.1617966,7.364644012644478e-15,8.951015778846406e-14,7.7780576
MED6,7.775083,1.0437286,7.539792064873795e-15,9.158203049376191e-14,7.775083
ARNT,7.7727413,1.240231,7.68055289016539e-15,9.323390754017143e-14,7.7727413
PIGB,7.759577,1.4063771,8.521341306906671e-15,1.0324805368021655e-13,7.759577
UBE2Z,7.7330575,1.1839055,1.0499401881393794e-14,1.266660271363217e-13,7.7330575
HIPK2,7.7287536,1.8766465,1.086047841745017e-14,1.3086073994622223e-13,7.7287536
THUMPD2,7.726412,1.3090527,1.1062051317802275e-14,1.332075201149261e-13,7.726412
IFI30,7.7200823,3.749081,1.1625446499527923e-14,1.3990574237562262e-13,7.7200823
COX10,7.713057,1.0696763,1.2283911827182984e-14,1.477391435982278e-13,7.713057
GALK2,7.7038164,1.2108024,1.3206148151348105e-14,1.5863591591502746e-13,7.7038164
ZNF33A,7.6988797,1.0649612,1.372643101222172e-14,1.6468350830604207e-13,7.6988797
CMIP,7.696538,1.1688602,1.3980233547959551e-14,1.675230925085563e-13,7.696538
EIF2AK3,7.6805882,1.4566971,1.5835955639974395e-14,1.8952781649114307e-13,7.6805882
ZDHHC21,7.6798286,1.828465,1.5930124690871252e-14,1.9053831292846494e-13,7.6798286
MICU1,7.6788793,1.2331041,1.604861104800407e-14,1.9183825350479146e-13,7.6788793
CD63,7.6786265,1.006919,1.608035356980296e-14,1.9210034105854963e-13,7.6786265
TIAM1,7.6684995,1.1010209,1.7401985409787453e-14,2.0763539664556154e-13,7.6684995
PRMT3,7.6589427,1.3499055,1.874701963257373e-14,2.235476417856202e-13,7.6589427
SIPA1L3,7.6567273,2.024962,1.9073094642185235e-14,2.2715904805738324e-13,7.6567273
CBX4,7.635841,1.6687833,2.2435095655637387e-14,2.6622798774379166e-13,7.635841
PSMD5,7.6316004,1.0834024,2.318569709688415e-14,2.749683156314116e-13,7.6316004
CAAP1,7.630335,1.20783,2.341450634834923e-14,2.775136645817672e-13,7.630335
VRK2,7.629195,1.1659405,2.3622332787819613e-14,2.7977542440067203e-13,7.629195
CDK2AP1,7.6291323,2.425984,2.3633931752571077e-14,2.7977542440067203e-13,7.6291323
POLA1,7.621537,1.7153113,2.5067254813464328e-14,2.9638431552258007e-13,7.621537
SLC7A1,7.619702,1.4082519,2.5426271822587045e-14,3.004476370920189e-13,7.619702
VEZT,7.6129293,1.2144085,2.679521235893711e-14,3.162416860311709e-13,7.6129293
PHACTR4,7.6118536,1.0461669,2.7019280483943296e-14,3.1831022306430004e-13,7.6118536
STAM2,7.609638,2.0135067,2.7486415927332364e-14,3.2322967960699503e-13,7.609638
LPGAT1,7.60736,1.3617153,2.7975184221171986e-14,3.2838536583076994e-13,7.60736
SELENOO,7.603499,1.8695592,2.882296086045621e-14,3.381341115811794e-13,7.603499
ATXN3,7.6015368,1.1624547,2.9263431036902194e-14,3.428903104970671e-13,7.6015368
ZNRF1,7.5988154,2.3093348,2.988538425058837e-14,3.4996840156523833e-13,7.5988154
EXT1,7.597866,3.1842933,3.0105388689680025e-14,3.5212327906733935e-13,7.597866
GNPTAB,7.590271,1.3901803,3.192372241266635e-14,3.7272279246483007e-13,7.590271
ABHD15-AS1,7.5881824,3.7097235,3.244242109837093e-14,3.785529493458094e-13,7.5881824
ANKS1A,7.587106,2.4821143,3.271285521798166e-14,3.814810196099315e-13,7.587106
METTL16,7.5831823,1.222922,3.371806274241969e-14,3.925015179914744e-13,7.5831823
HS2ST1,7.5760937,1.5522741,3.56114965359913e-14,4.140497707761603e-13,7.5760937
CLIP4,7.5641313,1.5412334,3.904647789220566e-14,4.5371821816786245e-13,7.5641313
ARMH4,7.557359,2.947545,4.11334865086603e-14,4.774021731918534e-13,7.557359
LINC01572,7.556916,2.6384513,4.127377926744035e-14,4.787464805603276e-13,7.556916
VAV3,7.5486884,2.3201804,4.3966393387795855e-14,5.096767688462021e-13,7.5486884
WDR44,7.542802,1.7732091,4.599789601497935e-14,5.325957569355715e-13,7.542802
ROCK2,7.5402703,1.5205469,4.689978876651062e-14,5.420192466901685e-13,7.5402703
FAF2,7.540017,1.0273621,4.699092867326662e-14,5.424887860050037e-13,7.540017
SLC25A12,7.53641,1.0135635,4.830875169295772e-14,5.567171102048272e-13,7.53641
RCOR3,7.528815,1.073317,5.1203023714396176e-14,5.897238187423804e-13,7.528815
RMND5A,7.528498,1.2930188,5.132724823157659e-14,5.904594905323285e-13,7.528498
ARID3B,7.506156,1.4434191,6.088879167349499e-14,6.996311658643276e-13,7.506156
LIMD1,7.5002065,1.7066361,6.371727647600612e-14,7.31701681973291e-13,7.5002065
HEATR5B,7.499257,1.2822558,6.418042506856613e-14,7.365880104056902e-13,7.499257
GRAMD1B,7.4929914,1.665761,6.73212965238888e-14,7.72182374196633e-13,7.4929914
SLC33A1,7.476852,2.2327752,7.612404974464379e-14,8.700907741841062e-13,7.476852
LRCH1,7.4750166,1.3540888,7.719413389744374e-14,8.807783160963143e-13,7.4750166
UCHL3,7.4715357,1.0764871,7.926437288341601e-14,9.038725224840818e-13,7.4715357
ATG16L1,7.4660926,1.4216168,8.261133949065763e-14,9.403948174247752e-13,7.4660926
LINC02245,7.4657125,4.193389,8.284996495817135e-14,9.425628571520332e-13,7.4657125
NAA25,7.4526114,1.0846083,9.151062972722941e-14,1.0392803264668747e-12,7.4526114
NME7,7.4524846,1.5616872,9.15985031523761e-14,1.039674889608872e-12,7.4524846
DNAJC13,7.451852,1.4326464,9.203911585064142e-14,1.0440703878060007e-12,7.451852
MAPK6,7.4392567,1.1242759,1.0125341295621562e-13,1.1479297709891234e-12,7.4392567
TTLL5,7.4321046,1.4720703,1.0688313646921222e-13,1.2110533957322205e-12,7.4321046
CLEC16A,7.4310923,1.2845615,1.0770473316669041e-13,1.219656376507985e-12,7.4310923
TFCP2,7.429763,1.3939264,1.0879250423507516e-13,1.2312618408744655e-12,7.429763
PIGK,7.429573,1.2079941,1.0894877888984561e-13,1.2323177487378608e-12,7.429573
TRAPPC12,7.4236236,1.4422281,1.1395871848433706e-13,1.28749665317639e-12,7.4236236
RAPGEF2,7.4227376,1.6932992,1.1472399717055952e-13,1.2953947932103339e-12,7.4227376
CSPP1,7.417421,1.2441105,1.1942287086437237e-13,1.3476740121534248e-12,7.417421
EID2,7.4136233,1.9384398,1.228944944565208e-13,1.3860515662969446e-12,7.4136233
SLX4IP,7.412864,1.6097038,1.2360062654354712e-13,1.393212592283485e-12,7.412864
TRIOBP,7.4109654,1.3403792,1.2538344735929038e-13,1.4124947023181313e-12,7.4109654
TRIM37,7.4029274,1.4301682,1.3321480989470275e-13,1.4989921794246944e-12,7.4029274
RAB28,7.4017878,1.2007382,1.3436296511202543e-13,1.5110428168460425e-12,7.4017878
VPS53,7.4012814,1.0126613,1.3487637241728707e-13,1.5159453506384107e-12,7.4012814
SLC39A9,7.393813,1.32581,1.4267686119057166e-13,1.60269851881579e-12,7.393813
HACL1,7.391978,1.368305,1.4466079662832223e-13,1.6240519038571483e-12,7.391978
FLNB,7.3883066,1.4274031,1.4871033342889872e-13,1.6666459361607617e-12,7.3883066
KDM2B,7.3854585,1.0247216,1.5192876146207274e-13,1.7017412732054033e-12,7.3854585
LANCL2,7.383054,1.4974254,1.5469976773843125e-13,1.7298086029174986e-12,7.383054
MTFR1,7.381345,1.9722283,1.5669875768553065e-13,1.7511600744662842e-12,7.381345
FBH1,7.378433,1.5079293,1.6016305652791418e-13,1.788853133640539e-12,7.378433
NSUN6,7.3756485,1.1285602,1.6354710144555783e-13,1.8235268838100715e-12,7.3756485
TFRC,7.36837,1.0277255,1.7272704534376345e-13,1.922595462620457e-12,7.36837
MYSM1,7.363433,1.2702216,1.792396611777813e-13,1.9894280714275806e-12,7.363433
MEGF9,7.3622937,1.4445693,1.8077649750157226e-13,2.0053483577725432e-12,7.3622937
FNDC3B,7.352737,1.6684831,1.9418912788382422e-13,2.150476997414076e-12,7.352737
KIF21B,7.350648,1.5017067,1.9724803202532457e-13,2.1831162277554024e-12,7.350648
DDX60L,7.348686,1.1444315,2.001646445390498e-13,2.212893652169563e-12,7.348686
VEGFB,7.3465977,2.0486708,2.0331598478999798e-13,2.2464636873916884e-12,7.3465977
ATF7,7.3440027,1.4199588,2.0729924851585676e-13,2.289182672098355e-12,7.3440027
SACM1L,7.333686,1.1268666,2.2390747064906568e-13,2.4697978498652295e-12,7.333686
PPTC7,7.331914,1.4294927,2.2688908567929298e-13,2.501276410463327e-12,7.331914
RTTN,7.3252683,1.5099635,2.3842154076218045e-13,2.622502928406041e-12,7.3252683
PRR5,7.3152046,1.5199091,2.569892859240246e-13,2.8235633615728877e-12,7.3152046
TMEM267,7.31242,1.7293102,2.6237371827142926e-13,2.876262699795702e-12,7.31242
SENP1,7.311597,1.4076462,2.6398567255391717e-13,2.8923133485638583e-12,7.311597
WDFY2,7.307673,1.0107238,2.7180826715093824e-13,2.97635376139315e-12,7.307673
HACD3,7.3021665,1.1677784,2.831703086006576e-13,3.099036129025541e-12,7.3021665
CMTM8,7.2995715,1.8403946,2.8868531181555497e-13,3.1558626712887037e-12,7.2995715
DGCR2,7.2971663,1.0960519,2.9389090413432205e-13,3.210975551144843e-12,7.2971663
EEFSEC,7.295711,1.3852183,2.970863303388688e-13,3.244076625039612e-12,7.295711
ADNP2,7.2874827,1.6094817,3.1579935142337276e-13,3.446492865952347e-12,7.2874827
FHIT,7.287293,1.9300642,3.162445793874011e-13,3.449428054321441e-12,7.287293
MTM1,7.2817864,1.1055403,3.2942778953796273e-13,3.5912217190411443e-12,7.2817864
ANKFY1,7.269065,1.2106522,3.6198422838604057e-13,3.932985775157158e-12,7.269065
GPATCH2,7.2672296,1.1374018,3.669350389740929e-13,3.984564285596588e-12,7.2672296
TBC1D23,7.263622,1.1360224,3.7686051187765737e-13,4.090075705170272e-12,7.263622
TRAPPC8,7.260837,1.1801478,3.847021549449602e-13,4.165938997212497e-12,7.260837
C3orf38,7.248938,1.0569254,4.200514987327084e-13,4.52121437139804e-12,7.248938
TTC27,7.247356,1.6616824,4.249862087374303e-13,4.571814256500295e-12,7.247356
LARP4,7.234001,1.197877,4.689671939887725e-13,5.031112967090077e-12,7.234001
WDPCP,7.2320395,1.7266076,4.757945302889238e-13,5.101560202023924e-12,7.2320395
TBC1D14,7.230963,1.0133952,4.795798895905211e-13,5.139331478372024e-12,7.230963
SDCCAG8,7.2271657,1.0774691,4.931778340294003e-13,5.279269067990867e-12,7.2271657
FAAH2,7.2188115,1.972186,5.244397136650711e-13,5.6016573782740785e-12,7.2188115
TTC7A,7.208178,1.1331006,5.670536541780402e-13,6.040340721260692e-12,7.208178
MFAP1,7.2067857,1.1521363,5.728799317000269e-13,6.0990829725278164e-12,7.2067857
FAM98B,7.2062163,1.3698548,5.752803120758675e-13,6.121307855737126e-12,7.2062163
XRCC4,7.1984944,1.5603145,6.088094937265064e-13,6.471039746464028e-12,7.1984944
PCYT1A,7.197292,1.0873691,6.142010724883013e-13,6.524802707085277e-12,7.197292
EIF1AY,7.1908364,1.0689828,6.439565035683439e-13,6.822382708080863e-12,7.1908364
MAU2,7.1862793,1.0519481,6.658077690831503e-13,7.050068412023314e-12,7.1862793
COG6,7.1827984,1.7063255,6.829885362335715e-13,7.228079868587629e-12,7.1827984
BICD1,7.180583,1.4477674,6.941475623365456e-13,7.3342761877978e-12,7.180583
ZNF367,7.1800766,2.0561302,6.967232179213171e-13,7.357517500423278e-12,7.1800766
PIKFYVE,7.179254,1.0112948,7.009286808089063e-13,7.397935504891412e-12,7.179254
GNA12,7.1756463,2.878816,7.196640714804051e-13,7.586916252625103e-12,7.1756463
TMEM120B,7.1756463,1.5212799,7.196640714804051e-13,7.586916252625103e-12,7.1756463
EXOSC3,7.1641273,1.1060966,7.828371415258473e-13,8.244648646597298e-12,7.1641273
UGCG,7.1611524,1.1391637,8.000162183374057e-13,8.411992133490786e-12,7.1611524
CLYBL,7.158621,1.8534207,8.14927756016434e-13,8.564181702325231e-12,7.158621
SUSD6,7.1550765,1.271996,8.362631530549898e-13,8.769559152722421e-12,7.1550765
LCLAT1,7.1470385,1.1493027,8.867009880122202e-13,9.293500232149504e-12,7.1470385
OSBPL11,7.1429877,1.7343032,9.132380464699958e-13,9.566510756597899e-12,7.1429877
MIATNB,7.1420383,1.3569498,9.195695426072435e-13,9.622533053336118e-12,7.1420383
PIP5K1A,7.139823,1.1691276,9.345110501666806e-13,9.768436020118379e-12,7.139823
DEXI,7.136785,2.6351063,9.553903454900007e-13,9.976028965073818e-12,7.136785
SRGAP2B,7.127291,1.5950596,1.0236329141921008e-12,1.068290606128588e-11,7.127291
ELK4,7.114949,1.1578295,1.1195388487990622e-12,1.165893357812669e-11,7.114949
YBX3,7.111595,2.674634,1.1470949802557064e-12,1.1939550305129609e-11,7.111595
ZNF107,7.110962,1.0276145,1.152368381271951e-12,1.1988061927022614e-11,7.110962
SYNJ1,7.1025443,1.2903035,1.2248081736459183e-12,1.2714613443980545e-11,7.1025443
MIR497HG,7.0991898,6.482031,1.2549040924732283e-12,1.301322908400431e-11,7.0991898
GPR89B,7.0874176,1.3443242,1.3663772483822511e-12,1.4154192692611907e-11,7.0874176
IGKC,7.086215,2.0091276,1.378296924194618e-12,1.4270113340021315e-11,7.086215
RAD54L2,7.070012,1.3297324,1.5492004151214898e-12,1.6005677784106288e-11,7.070012
CELF2-AS1,7.069316,7.744283,1.5569920549084306e-12,1.6077688934273438e-11,7.069316
HDAC8,7.068873,1.1137493,1.5619703751284067e-12,1.6120588766093177e-11,7.068873
BIN3,7.0674806,1.0936381,1.5777184085627786e-12,1.6274535486956483e-11,7.0674806
PRR14L,7.0631766,1.0866354,1.6273854513502251e-12,1.6759175465158537e-11,7.0631766
SLC38A9,7.062987,1.4734292,1.629611617227728e-12,1.676563623864994e-11,7.062987
CDYL2,7.059949,3.3487983,1.6656392530352768e-12,1.7118292491278516e-11,7.059949
MCF2L2,7.058367,1.8442208,1.684711949587241e-12,1.72961403092986e-11,7.058367
ELL2,7.0579233,1.8027774,1.6900905894012806e-12,1.734226148579143e-11,7.0579233
CWF19L1,7.0364676,1.0668766,1.9717451657487026e-12,2.0211162599984606e-11,7.0364676
SHLD1,7.0345054,1.0868465,1.999688816744904e-12,2.047614378129999e-11,7.0345054
SESTD1,7.0308347,2.5281768,2.053017622726745e-12,2.101121801334568e-11,7.0308347
ZNF611,7.0241256,1.4611641,2.1541086974324254e-12,2.1999790705301514e-11,7.0241256
CSTF3,7.023999,1.1004281,2.156062254024137e-12,2.2008255705135268e-11,7.023999
PGGT1B,7.021151,1.0875334,2.200479570269313e-12,2.2449939640787237e-11,7.021151
NELFB,7.014885,1.3147362,2.3013806803938235e-12,2.3442695030685234e-11,7.014885
SRBD1,7.0136194,1.3853898,2.322308920328704e-12,2.364356969458485e-11,7.0136194
ARHGAP12,7.011594,1.3685254,2.356182972375123e-12,2.396350748619356e-11,7.011594
DCAF15,7.0081763,1.1916574,2.4144475357551185e-12,2.4505139719738672e-11,7.0081763
ENTPD1-AS1,7.004252,1.9101051,2.483087701117232e-12,2.5188729982095384e-11,7.004252
KCNQ5,6.98672,2.9631593,2.813866155082877e-12,2.8440977749308747e-11,6.98672
SIRT1,6.9833026,1.8032788,2.8832078384750575e-12,2.9081758238804085e-11,6.9833026
FBXL3,6.9774795,1.0251862,3.005224438641001e-12,3.0281272819426934e-11,6.9774795
ENOX2,6.976214,1.4552124,3.0324123154588203e-12,3.053753515359964e-11,6.976214
AGO4,6.970328,1.7734616,3.162037447007277e-12,3.177953197896168e-11,6.970328
TIGAR,6.9701376,1.4801855,3.166308118301947e-12,3.18061176893904e-11,6.9701376
BCR,6.96153,1.5807521,3.365967158471397e-12,3.3777048901009384e-11,6.96153
TXNDC5,6.958682,3.762051,3.4347099104783136e-12,3.444920734404902e-11,6.958682
GFPT1,6.958302,1.272166,3.44397899330442e-12,3.4524477941076275e-11,6.958302
SLC12A2,6.955897,1.8465681,3.503255345174541e-12,3.510071715021783e-11,6.955897
CWF19L2,6.9507704,1.0776515,3.6329660020178055e-12,3.638171889840554e-11,6.9507704
IL18R1,6.945517,1.5464658,3.770761964109681e-12,3.7703766026417085e-11,6.945517
ENDOG,6.9439983,2.5767896,3.8115528601235185e-12,3.80921687267094e-11,6.9439983
TASP1,6.9429855,1.2773929,3.838986813304306e-12,3.8327190797315636e-11,6.9429855
CSNK1G3,6.9395046,1.0320965,3.934775655360537e-12,3.926348292916623e-11,6.9395046
INTS4,6.935897,1.1503663,4.036519862419601e-12,4.021722029930079e-11,6.935897
CEBPB,6.9195676,1.038184,4.530243147112951e-12,4.499888218411483e-11,6.9195676
KIF13B,6.9154534,1.3308401,4.663686137386576e-12,4.6277388608712234e-11,6.9154534
CRK,6.911403,1.6327821,4.798838166611982e-12,4.7546159617348484e-11,6.911403
NEK1,6.9112763,1.2716317,4.803122949296143e-12,4.756452928736181e-11,6.9112763
AVEN,6.909314,3.2316704,4.8700186297011464e-12,4.8202592081938304e-11,6.909314
ARL17A,6.9047575,1.6940356,5.0289329543760946e-12,4.970008083395526e-11,6.9047575
TUBGCP3,6.9022255,1.0279404,5.119403579507739e-12,5.056864676618245e-11,6.9022255
PPAN,6.901213,3.7534595,5.156036840943798e-12,5.0879137117291085e-11,6.901213
MTMR9,6.898238,1.972088,5.265139427128366e-12,5.192956064014509e-11,6.898238
PARG,6.8957067,1.0257106,5.359772610956671e-12,5.28096830066466e-11,6.8957067
SAP30,6.8921623,1.9535804,5.495065338770661e-12,5.411546982841686e-11,6.8921623
MPZL3,6.884947,1.1212491,5.7809068488816196e-12,5.687319518296407e-11,6.884947
ANK3,6.870706,1.5339522,6.388479971074767e-12,6.2567455492488e-11,6.870706
LINC00278,6.864504,3.4204946,6.672280811081092e-12,6.52815954556174e-11,6.864504
MTHFD1L,6.8514023,2.288094,7.312953554155604e-12,7.144277341373782e-11,6.8514023
FAM168A,6.8510227,1.5873284,7.332395529347517e-12,7.159696393127355e-11,6.8510227
SLC35D2,6.848997,3.400473,7.436944603423091e-12,7.254542971075925e-11,6.848997
RPS10-NUDT3,6.8474784,3.635712,7.51631368393979e-12,7.328312215612048e-11,6.8474784
CPEB4,6.846719,2.0154521,7.556308890542661e-12,7.359972741171668e-11,6.846719
CCDC92,6.8453894,1.8155131,7.626802894461998e-12,7.424939255663302e-11,6.8453894
COPRS,6.840959,1.8580811,7.866468713361216e-12,7.64684847407115e-11,6.840959
RRAS2,6.8408327,1.2326229,7.873423635518513e-12,7.649809021838445e-11,6.8408327
NCAPD3,6.836529,1.0802165,8.113509599245731e-12,7.879164061441214e-11,6.836529
RDX,6.833364,1.1334379,8.294605411590607e-12,8.047042077045364e-11,6.833364
HAUS6,6.82944,1.053512,8.524671578386916e-12,8.249790971606092e-11,6.82944
MANBA,6.8186173,1.232493,9.19210079459535e-12,8.873755715275866e-11,6.8186173
DDX19B,6.8002625,1.19779,1.0442868489694386e-11,1.0061351580814364e-10,6.8002625
BCL3,6.796908,1.9224068,1.06888269610918e-11,1.028313500366983e-10,6.796908
RAP2A,6.791465,1.4030244,1.1100055226506562e-11,1.064734709177845e-10,6.791465
FBXL14,6.7911487,2.6046913,1.112443478721634e-11,1.066550416052177e-10,6.7911487
ATP6V1A,6.790009,1.2640951,1.12126362925223e-11,1.0744802496183955e-10,6.790009
EHBP1,6.784123,1.303047,1.1679371200553716e-11,1.1175644775180202e-10,6.784123
GTF2A1,6.7828574,1.3772599,1.178220316570376e-11,1.1263026455617546e-10,6.7828574
SIAH1,6.780072,1.9857836,1.2011565259895151e-11,1.1476675244415444e-10,6.780072
PGRMC2,6.7666545,1.398498,1.3179423646312498e-11,1.2555743033643768e-10,6.7666545
SKAP1-AS1,6.75811,2.4068394,1.3980321754438126e-11,1.3305784829321265e-10,6.75811
NAA35,6.751591,1.2706952,1.4623251175461538e-11,1.3910927515869295e-10,6.751591
PCBD2,6.745072,1.2786654,1.5295110381905143e-11,1.453592617547935e-10,6.745072
RELL1,6.7449455,1.2483776,1.530845090338361e-11,1.4541542100845168e-10,6.7449455
MYB,6.737224,2.9235947,1.6144135035946708e-11,1.5298229267961508e-10,6.737224
ZNF518A,6.7362113,1.3987833,1.625699407200575e-11,1.5397718296273402e-10,6.7362113
IRAK1,6.735262,1.2700312,1.63635009126786e-11,1.5491097525848809e-10,6.735262
TET3,6.7338696,2.066048,1.6520948018008717e-11,1.5632587563655443e-10,6.7338696
PPIL4,6.73311,1.0169284,1.6607452548815884e-11,1.5706845407212625e-10,6.73311
RETREG1,6.7199454,1.474746,1.8179291681574355e-11,1.7168551140204972e-10,6.7199454
FRAT2,6.7151985,2.8930843,1.8781061425114413e-11,1.7711219757428375e-10,6.7151985
ZRANB3,6.71254,1.9767216,1.9126527129127147e-11,1.8010966451528394e-10,6.71254
SPINDOC,6.709692,4.2130694,1.9503573789244686e-11,1.8339545022005768e-10,6.709692
MAPKAPK5,6.70773,1.0254295,1.976754070445991e-11,1.857882980330795e-10,6.70773
ASH2L,6.699692,1.0584785,2.0885954042014182e-11,1.9611149169584141e-10,6.699692
NSUN3,6.6870337,1.3047229,2.277398280703598e-11,2.135320055429229e-10,6.6870337
MBIP,6.6852612,1.1140996,2.3051298737083932e-11,2.1592523393358469e-10,6.6852612
RBM14,6.684312,1.2812109,2.320121792778697e-11,2.1722556574685908e-10,6.684312
YWHAG,6.682983,1.0952514,2.341270951964018e-11,2.1910086077490148e-10,6.682983
PRKAG2,6.678109,1.2081236,2.4204448183924766e-11,2.2618559792886332e-10,6.678109
ALCAM,6.674502,1.8283825,2.4807364179621022e-11,2.317090702944268e-10,6.674502
FUBP3,6.674122,1.2558963,2.4871677786276495e-11,2.320882169393698e-10,6.674122
SLC25A42,6.6508937,1.7893107,2.913183758694791e-11,2.7055139909890686e-10,6.6508937
TRAF3IP2-AS1,6.649438,1.7172137,2.942140113823926e-11,2.731109950061982e-10,6.649438
MED21,6.64159,1.0051653,3.103173130075075e-11,2.8764989014357685e-10,6.64159
AXIN1,6.6406407,1.3058053,3.123228388487434e-11,2.8923489401761526e-10,6.6406407
BORCS8,6.6397543,1.5127482,3.142061049344746e-11,2.9084129902354777e-10,6.6397543
LRRC8A,6.6393747,1.1323705,3.150166170734065e-11,2.9145367200436965e-10,6.6393747
PCAT1,6.637033,2.4319572,3.20060181630298e-11,2.9584022834868546e-10,6.637033
USP37,6.63602,1.4491615,3.222655803159766e-11,2.9773809611062464e-10,6.63602
LINC01473,6.634691,3.9066443,3.251827485414031e-11,3.002914593420564e-10,6.634691
ACVR1,6.6257668,1.679613,3.454497519534625e-11,3.179567613464419e-10,6.6257668
TOGARAM1,6.625387,1.2632736,3.463390561393603e-11,3.186254184548661e-10,6.625387
CCDC138,6.6221595,1.94421,3.539891528009317e-11,3.2551032622221007e-10,6.6221595
WDHD1,6.62083,1.7475312,3.5718703678417215e-11,3.2814253219683947e-10,6.62083
MBD3,6.614628,1.919161,3.7248819266325665e-11,3.418784687633493e-10,6.614628
LIN54,6.6102605,1.3344523,3.8364436147030215e-11,3.516230850234601e-10,6.6102605
KMT5A,6.6065264,1.4517844,3.934424865328329e-11,3.604345775503031e-10,6.6065264
IL12RB2,6.598235,1.9857969,4.160812692849021e-11,3.8063947065764204e-10,6.598235
ODR4,6.597982,1.3722073,4.167922124372218e-11,3.811116828491381e-10,6.597982
SEPSECS,6.584564,1.4987531,4.562221549431269e-11,4.1619371225767396e-10,6.584564
DEAF1,6.5734878,1.5557883,4.915005605415012e-11,4.4775060375587035e-10,6.5734878
DISC1,6.56969,2.9478915,5.0419974806460956e-11,4.59105661709087e-10,6.56969
ABL1,6.5651336,1.8413565,5.198629351902038e-11,4.727080815893081e-10,6.5651336
HSPA14,6.551146,1.9170556,5.7097228534369795e-11,5.177379832996053e-10,6.551146
RFWD3,6.5476646,1.3092695,5.844368188569169e-11,5.294564662681551e-10,6.5476646
MAGED1,6.532728,1.1388162,6.458236699855966e-11,5.836944205824266e-10,6.532728
GALNT7,6.5289936,1.2745504,6.621299432932431e-11,5.970764391871974e-10,6.5289936
BARD1,6.5281076,1.2048337,6.66057947864864e-11,6.003418665969442e-10,6.5281076
HMGXB3,6.524437,1.153733,6.825753081955674e-11,6.143805717925879e-10,6.524437
ZDHHC13,6.522728,1.3892741,6.904004271931622e-11,6.211381866352091e-10,6.522728
IKZF2,6.520829,1.9163861,6.991979163883263e-11,6.287640086345022e-10,6.520829
TP53BP2,6.5110188,1.1196855,7.46427414869977e-11,6.70619451523219e-10,6.5110188
BAIAP2L1,6.5091834,4.0727735,7.556039823757047e-11,6.78552488624497e-10,6.5091834
RAB11FIP3,6.499943,2.3122346,8.035052995052543e-11,7.205770715269851e-10,6.499943
STX11,6.49431,1.1329411,8.341489559730684e-11,7.470309734773914e-10,6.49431
ZMYM6,6.4620943,1.8049376,1.0326368016574654e-10,9.209953024080803e-10,6.4620943
EI24,6.4604487,1.0988897,1.0439293878714285e-10,9.306428365315769e-10,6.4604487
SNAPC3,6.459373,1.448752,1.0513781808346669e-10,9.368564773484864e-10,6.459373
DPH6,6.457854,1.3399723,1.0619826466350609e-10,9.458751219551603e-10,6.457854
B4GALT5,6.454246,1.7888983,1.0875890639392345e-10,9.682412558308891e-10,6.454246
YES1,6.453107,2.380317,1.0957999748954348e-10,9.751074992612036e-10,6.453107
HS3ST3B1,6.452094,1.4404714,1.1031494118179341e-10,9.812012586569696e-10,6.452094
ENTR1,6.451208,2.49489,1.1096196789957138e-10,9.860598491638568e-10,6.451208
TYW1B,6.445892,1.7485405,1.1492275170243354e-10,1.0198677575116642e-09,6.445892
MTA3,6.428423,1.5903119,1.289344513222399e-10,1.1405919274292904e-09,6.428423
TGFBR3,6.419752,1.0093223,1.3649641944113307e-10,1.205307732682352e-09,6.419752
C9orf85,6.4186764,1.0966394,1.3746447617904336e-10,1.2133084663380785e-09,6.4186764
SLC36A4,6.411904,1.6003634,1.4371338960786623e-10,1.2667493729039307e-09,6.411904
TM9SF4,6.408423,1.0390614,1.4703261412680204e-10,1.2954228695332113e-09,6.408423
TMEM168,6.396904,1.5146309,1.58559176651988e-10,1.391338999428745e-09,6.396904
SP4,6.3964605,1.0904635,1.5901970253067943e-10,1.3947546118871965e-09,6.3964605
HIRA,6.394815,2.8373904,1.6074169828878575e-10,1.40922650184362e-09,6.394815
GPR107,6.384878,1.0724615,1.7153379657458224e-10,1.5031676360821431e-09,6.384878
CDK9,6.384752,1.2412981,1.7167574249929972e-10,1.5037381061890318e-09,6.384752
RAB11FIP2,6.384119,1.4792975,1.7238719545102897e-10,1.5092942463470848e-09,6.384119
ANKMY1,6.381967,2.386668,1.748277500126013e-10,1.5286101037741654e-09,6.381967
PDE8A,6.3790555,2.3124235,1.7818347920438617e-10,1.5565599647640306e-09,6.3790555
FBXO38,6.37741,1.2015115,1.8010794826771503e-10,1.571968033765677e-09,6.37741
NF2,6.367916,1.0406945,1.9161364582958975e-10,1.6701540407988473e-09,6.367916
PARP15,6.3655744,1.0474268,1.945603278252659e-10,1.694328658159681e-09,6.3655744
PRDM4,6.3527894,1.7463353,2.1144514100571373e-10,1.8356515169475626e-09,6.3527894
UBE2O,6.3469667,1.2613248,2.1960187889451754e-10,1.9039298033708106e-09,6.3469667
SEC24D,6.342283,1.283572,2.263850497988843e-10,1.9610016177355326e-09,6.342283
CRCP,6.3372197,1.0582004,2.3394844861889595e-10,2.0247250077729128e-09,6.3372197
VKORC1L1,6.332599,1.795229,2.410650526651838e-10,2.08355165660438e-09,6.332599
MTMR12,6.3319664,1.2409279,2.4205624968021216e-10,2.0911950082747865e-09,6.3319664
SNX15,6.310447,3.5914898,2.782304048224913e-10,2.394200774655457e-09,6.310447
TNRC18,6.3069663,1.1046214,2.8455811434028797e-10,2.445425200443898e-09,6.3069663
SLC35A1,6.300447,2.2311537,2.9678839013368793e-10,2.549409665555753e-09,6.300447
SLC39A3,6.2983584,1.6278219,3.0081430594979387e-10,2.5827797377773567e-09,6.2983584
DNLZ,6.2979155,1.8726962,3.0167511850958304e-10,2.5879783950002283e-09,6.2979155
IFT80,6.295257,1.4715655,3.0689073362866025e-10,2.63156786838108e-09,6.295257
CMC4,6.295004,2.1125836,3.0739202661568814e-10,2.6347118601908826e-09,6.295004
SLC25A16,6.2942443,1.0355022,3.089007078027363e-10,2.6453256237566494e-09,6.2942443
ETFDH,6.288928,1.1867425,3.196658037448049e-10,2.7351204406114307e-09,6.288928
EXOC3,6.2825356,1.0702072,3.330952502804893e-10,2.848779657993276e-09,6.2825356
LDB1,6.2801304,2.074401,3.3828922384987183e-10,2.8919368861049767e-09,6.2801304
AP4E1,6.267409,1.328039,3.671056800589041e-10,3.128712520641392e-09,6.267409
ERI1,6.266839,1.0483388,3.684505257537918e-10,3.1388070909665646e-09,6.266839
YTHDF1,6.265257,1.5159953,3.722114946309518e-10,3.169466721905337e-09,6.265257
MFN1,6.2605734,1.1172816,3.835649608688311e-10,3.2633039801222987e-09,6.2605734
CEPT1,6.258105,1.0017705,3.8968387171230757e-10,3.3124821901244284e-09,6.258105
TSHZ2,6.2530413,1.2703488,4.025351703273822e-10,3.4157884704970576e-09,6.2530413
CDC37L1,6.2525983,1.39549,4.0367914296497487e-10,3.4225274998000988e-09,6.2525983
SLAIN1,6.243611,1.3764087,4.2758262217632716e-10,3.618917279734589e-09,6.243611
GMNN,6.2347503,1.0701237,4.52499729785201e-10,3.819894181379125e-09,6.2347503
MEX3C,6.2339907,1.5382984,4.5470025415883294e-10,3.8368152537214506e-09,6.2339907
LINC02328,6.233231,1.3677051,4.569112221184157e-10,3.8521494159470736e-09,6.233231
RCL1,6.2324085,1.2418009,4.5931827870976044e-10,3.870775227300858e-09,6.2324085
TATDN2,6.231902,1.4322661,4.608056912759462e-10,3.881638298272801e-09,6.231902
SLC35F5,6.2309527,1.512776,4.6360727143212747e-10,3.9035572665162955e-09,6.2309527
SEC24A,6.230383,1.5106548,4.6529619191631167e-10,3.914409236207389e-09,6.230383
CENPB,6.2292438,1.1934713,4.686920675140288e-10,3.941283359310062e-09,6.2292438
PRDM10,6.216585,2.340769,5.080899290698123e-10,4.263423555762473e-09,6.216585
MRPS17,6.2136106,1.6648276,5.178072980772645e-10,4.3431003895310385e-09,6.2136106
ATMIN,6.2094965,1.2902285,5.315456227900989e-10,4.456420199981429e-09,6.2094965
TAF5L,6.2083573,1.617877,5.354125540963738e-10,4.486917712444472e-09,6.2083573
STX6,6.205383,1.1967359,5.456394228177549e-10,4.566754587552535e-09,6.205383
GDAP2,6.203104,1.330051,5.536014499808338e-10,4.631412216000409e-09,6.203104
CEP97,6.1929774,1.4405923,5.903814221426363e-10,4.928576650378459e-09,6.1929774
LINC00115,6.192598,3.220073,5.918060709765979e-10,4.936137123450646e-09,6.192598
SBNO2,6.192598,1.2353189,5.918060709765979e-10,4.936137123450646e-09,6.192598
GMEB1,6.1910787,1.1023719,5.975382854060313e-10,4.979825029312274e-09,6.1910787
BBS9,6.1908255,1.4158688,5.984989067833814e-10,4.985707368215073e-09,6.1908255
PARP11,6.1901927,1.145463,6.009070574083382e-10,5.0036379997303665e-09,6.1901927
TADA2A,6.18418,1.634566,6.24261117310421e-10,5.1892699845073565e-09,6.18418
BLZF1,6.1794963,1.3099831,6.430640461918607e-10,5.341034488914402e-09,6.1794963
PWWP2A,6.1793065,1.1794842,6.438378680557494e-10,5.34519278833895e-09,6.1793065
CHAF1A,6.1774077,1.1334113,6.516262235684604e-10,5.4075580758217275e-09,6.1774077
PAPOLG,6.16918,1.2347566,6.864512483800307e-10,5.694140749597474e-09,6.16918
P2RX5,6.1675344,2.700368,6.936309779512854e-10,5.748822946442504e-09,6.1675344
ZRANB1,6.165762,2.1290746,7.014449222731274e-10,5.80866451080853e-09,6.165762
ZNF236,6.1411414,1.1094533,8.193053247359598e-10,6.770340622649182e-09,6.1411414
FAM3C,6.1340528,1.369311,8.566802910150256e-10,7.067251237176231e-09,6.1340528
PIGU,6.1334834,1.5570803,8.597547994613975e-10,7.089625754682101e-09,6.1334834
TIAM2,6.1277237,2.3052504,8.914522385522682e-10,7.338635845179127e-09,6.1277237
TOM1L2,6.119622,1.292373,9.379739791472454e-10,7.70864125323532e-09,6.119622
ASB7,6.106141,1.6722494,1.0206873359680068e-09,8.363823195235325e-09,6.106141
NCAPG2,6.0966473,1.3878431,1.0831607085543866e-09,8.857203821559647e-09,6.0966473
OTULINL,6.0897484,1.0132015,1.130881339488288e-09,9.224295977951988e-09,6.0897484
PIGF,6.089052,1.0315461,1.135809530865347e-09,9.260633708322129e-09,6.089052
TTC21B,6.0840526,1.2220525,1.1718232811606458e-09,9.546310560262913e-09,6.0840526
PPP2R1B,6.081141,1.0961728,1.193303630067105e-09,9.713213574522926e-09,6.081141
MFSD4B,6.0808244,1.7032453,1.1956614516072066e-09,9.728358954282669e-09,6.0808244
LDAH,6.079179,1.3472816,1.207995526561723e-09,9.82462862167905e-09,6.079179
ATG2B,6.0786095,1.0431259,1.2122938448843809e-09,9.855490634274019e-09,6.0786095
MMS22L,6.077027,1.0441875,1.2243120001151058e-09,9.949060306583219e-09,6.077027
SLC15A4,6.0736723,2.6383936,1.2501758682284332e-09,1.0155019256743038e-08,6.0736723
CHUK,6.071141,1.2941115,1.2700476966368452e-09,1.0303604198917823e-08,6.071141
TG,6.070318,3.8905096,1.2765720891018316e-09,1.0352243116263839e-08,6.070318
FBXL4,6.0687356,1.2761781,1.2892109546525955e-09,1.0450405948898919e-08,6.0687356
WDR59,6.0667105,1.2001555,1.3055668071171047e-09,1.0578605085576605e-08,6.0667105
PKD2,6.0647483,2.6502237,1.3216043417264626e-09,1.0704119933320952e-08,6.0647483
APLP2,6.0591154,1.1055474,1.3687221028245427e-09,1.1058279978559312e-08,6.0591154
ORC5,6.049305,1.0531683,1.454719109259684e-09,1.1748222670240816e-08,6.049305
CCNG2,6.0491786,1.7022676,1.4558624552568272e-09,1.175260582692475e-08,6.0491786
BCKDHB,6.0482926,1.1379243,1.4638904369452089e-09,1.1812539410368597e-08,6.0482926
GAB2,6.033229,2.5337777,1.6071540410633568e-09,1.2936565312845646e-08,6.033229
ZEB2,6.030634,1.0587236,1.6331764559073168e-09,1.3135222724699702e-08,6.030634
CEP152,6.027786,1.5221884,1.6622103296300925e-09,1.335775430398425e-08,6.027786
VGLL4,6.020254,1.3323781,1.741433861437213e-09,1.3960007292340592e-08,6.020254
TXLNA,6.017976,1.0159653,1.7661172259928728e-09,1.4152081031215615e-08,6.017976
SLC25A33,6.0144315,1.4514754,1.805192622552118e-09,1.444744754114513e-08,6.0144315
NDUFAF7,6.013545,1.3679811,1.81509233899135e-09,1.45207387119308e-08,6.013545
FYCO1,6.012406,1.2877731,1.827898302483259e-09,1.4617210454839564e-08,6.012406
MXI1,6.0118995,1.6764379,1.833618059458384e-09,1.4656960043905907e-08,6.0118995
CEP55,6.008292,1.7244784,1.874879131950789e-09,1.4955972507285262e-08,6.008292
DTD1,6.0079756,1.0110275,1.878541380832694e-09,1.4973237368690083e-08,6.0079756
EFCAB2,6.0045576,1.6566154,1.918540465134546e-09,1.5279609207062593e-08,6.0045576
HLCS,6.0032287,1.8535833,1.934318727234719e-09,1.53990027886611e-08,6.0032287
METTL8,6.000317,1.1973201,1.969323680945895e-09,1.5671299629422233e-08,6.000317
GPD2,5.9998107,2.1447506,1.9754741760297965e-09,1.5707467970967516e-08,5.9998107
C11orf68,5.9975324,1.9775201,2.003383778661786e-09,1.5916448956903707e-08,5.9975324
SLC25A13,5.9917727,1.1344615,2.0756569412093003e-09,1.6470581924405348e-08,5.9917727
FBRSL1,5.9832287,1.3578978,2.187575772731959e-09,1.7323546224532166e-08,5.9832287
XRRA1,5.982659,1.1603287,2.1952425233021935e-09,1.7377227223291798e-08,5.982659
PCNX4,5.981836,1.0995871,2.206362946047654e-09,1.7458192530635054e-08,5.981836
WASL,5.9812665,1.2522136,2.2140938258408028e-09,1.7512282936157164e-08,5.9812665
ZNF346,5.980317,1.2789335,2.2270373013731274e-09,1.760754178313913e-08,5.980317
PRKACA,5.979874,1.4832839,2.233102785803077e-09,1.7648366442889584e-08,5.979874
MAP4K3,5.977216,1.9965587,2.2698350556562132e-09,1.7924185782518473e-08,5.977216
E2F1,5.975127,1.8009398,2.299108377949133e-09,1.8118788860132352e-08,5.975127
NCALD,5.963228,1.1029438,2.4730257557209643e-09,1.9419008020845837e-08,5.963228
BLOC1S5,5.9595575,1.4870738,2.5292211952568645e-09,1.9844346571285613e-08,5.9595575
SPATS2L,5.9578485,1.2294425,2.555803512076094e-09,2.0044874999721444e-08,5.9578485
GRAMD2B,5.943418,1.408325,2.7913955708436047e-09,2.1857554433880616e-08,5.943418
ATRN,5.942595,2.2075536,2.805447536535544e-09,2.195879895797101e-08,5.942595
TOX2,5.9409494,1.4913,2.8337584231301477e-09,2.215380935829434e-08,5.9409494
STX2,5.933101,1.3249758,2.9726521543015298e-09,2.3202575730104644e-08,5.933101
SLC16A1-AS1,5.9296837,1.1542352,3.035189728980376e-09,2.3671818500074925e-08,5.9296837
ZNF254,5.917848,1.568446,3.2618114334666208e-09,2.539877681260439e-08,5.917848
HDHD2,5.912721,1.0734286,3.365011038239175e-09,2.6171119235399116e-08,5.912721
GPATCH2L,5.901519,1.0267719,3.6017051102832394e-09,2.795643220865626e-08,5.901519
INTS9,5.8997464,1.0760764,3.6406034402512404e-09,2.8247156272337935e-08,5.8997464
ZNF718,5.897025,1.2783419,3.7011376281700295e-09,2.8694081263086823e-08,5.897025
MEF2D,5.893607,1.1030991,3.77854635412511e-09,2.9282611903968378e-08,5.893607
POLA2,5.8932276,1.1589137,3.7872439849053016e-09,2.9338396792013834e-08,5.8932276
PMM2,5.891772,1.0418364,3.820765797143786e-09,2.9562967622977298e-08,5.891772
KSR1,5.883797,2.52007,4.0095951468507174e-09,3.0889668438415294e-08,5.883797
LRRC8C-DT,5.8648095,1.6382784,4.4964867975251665e-09,3.4518341959188876e-08,5.8648095
NPIPB13,5.8613286,6.943126,4.591787430624544e-09,3.522230358387341e-08,5.8613286
MRGBP,5.849493,1.7823714,4.930740336565321e-09,3.773356546965592e-08,5.849493
GIT1,5.84867,1.7348139,4.955188338984997e-09,3.790583479955372e-08,5.84867
THSD4-AS1,5.8448725,4.1371922,5.069562171301769e-09,3.867492887642612e-08,5.8448725
TCF3,5.83867,1.4594854,5.261918601926884e-09,4.011111149298997e-08,5.83867
EIF2B3,5.838164,1.2135261,5.2779309755372845e-09,4.0201472670055096e-08,5.838164
ADARB1,5.8381004,1.4635576,5.279935852516435e-09,4.0201472670055096e-08,5.8381004
CPOX,5.8368344,1.4768046,5.320189345006456e-09,4.0492207352425646e-08,5.8368344
CDT1,5.834303,1.0040362,5.401594018412672e-09,4.1095797726399366e-08,5.834303
OPRM1,5.8303156,3.006878,5.532269484468751e-09,4.204095117362506e-08,5.8303156
PFKFB3,5.82367,1.2077491,5.7569264621360345e-09,4.3714216923196713e-08,5.82367
CCDC134,5.8233533,2.045259,5.767842900361657e-09,4.378012019948678e-08,5.8233533
CLN5,5.8218975,1.2471439,5.8183184248266285e-09,4.412901354147577e-08,5.8218975
SH2B3,5.8194923,1.5249838,5.902655675808209e-09,4.475132362038552e-08,5.8194923
RINT1,5.8190494,1.1352943,5.918320661730018e-09,4.485271057658133e-08,5.8190494
SLC35E1,5.8075304,1.1732609,6.340104612328187e-09,4.791933837544919e-08,5.8075304
GPALPP1,5.7997456,1.0066811,6.641564032477962e-09,5.015906020360045e-08,5.7997456
CHPT1,5.7937326,1.6864432,6.883896088900741e-09,5.190908619175711e-08,5.7937326
CCNE1,5.789049,2.1314194,7.078597143754695e-09,5.331562313664045e-08,5.789049
TBC1D10B,5.788163,1.5795966,7.116030160188593e-09,5.355633775945015e-08,5.788163
PDSS1,5.772087,1.2881354,7.829568204654207e-09,5.883601790655665e-08,5.772087
SIL1,5.7702513,1.1252402,7.915330406767578e-09,5.943483706816115e-08,5.7702513
MGA,5.768859,1.083888,7.981000005996549e-09,5.990495133001169e-08,5.768859
ERGIC1,5.7620234,1.0103984,8.311138528731814e-09,6.235903325545404e-08,5.7620234
GXYLT1,5.755631,1.0617279,8.631870035499934e-09,6.466632191985556e-08,5.755631
INPP5A,5.7499347,2.5141306,8.927785059672897e-09,6.675540620851328e-08,5.7499347
ABCD2,5.7496815,1.1617163,8.941163201733955e-09,6.682990127254776e-08,5.7496815
HAVCR2,5.7400613,1.7317119,9.4642277722547e-09,7.057774735041158e-08,5.7400613
TSTD3,5.7374663,1.5703064,9.610336504105613e-09,7.161274360713581e-08,5.7374663
SIMC1,5.7342386,1.0898317,9.795143732303483e-09,7.29343122350512e-08,5.7342386
RPS6KC1,5.73196,1.4757595,9.927670911024106e-09,7.389298759487247e-08,5.73196
TARBP1,5.7305675,1.5120962,1.0009515987241609e-08,7.44738436647695e-08,5.7305675
CSGALNACT1,5.7269597,1.1086532,1.0224631860835649e-08,7.601656392584803e-08,5.7269597
AHI1,5.71139,1.1873083,1.120570360017378e-08,8.315252485711055e-08,5.71139
ICA1,5.710947,1.153731,1.1234918014606927e-08,8.33377087603595e-08,5.710947
TRIM13,5.708985,1.0911012,1.1365188286887635e-08,8.424015318099138e-08,5.708985
ATG10,5.697909,1.2240549,1.2128577885545889e-08,8.979644800013694e-08,5.697909
DDI2,5.6963267,1.0995157,1.2241622053559692e-08,9.05991151074342e-08,5.6963267
MARK4,5.690377,1.4977832,1.267590144665841e-08,9.36007696257403e-08,5.690377
SLC16A1,5.6856937,1.0651436,1.3028276243259077e-08,9.609397268303566e-08,5.6856937
CLOCK,5.672782,1.3846318,1.404968781699508e-08,1.0327734455407954e-07,5.672782
C9orf72,5.669934,1.6585672,1.4285255242791655e-08,1.0493013310470988e-07,5.669934
ESRRA,5.669554,1.9286332,1.4316952677431202e-08,1.0512350093507459e-07,5.669554
UPK3BL1,5.6679087,2.3752143,1.4455099521602445e-08,1.0597878884927564e-07,5.6679087
ARL2,5.6603136,1.0030423,1.5109660130868968e-08,1.104879781169073e-07,5.6603136
DTL,5.6600604,1.6218745,1.5131967363927314e-08,1.1060976368222999e-07,5.6600604
BOLA2,5.658098,2.7046735,1.530593640583234e-08,1.1183964286382643e-07,5.658098
ZNF484,5.649997,1.1243578,1.604505786196202e-08,1.1702187560300888e-07,5.649997
TMEM250,5.6435413,1.3347162,1.665875441139215e-08,1.2122666653853535e-07,5.6435413
REXO1,5.639554,1.2485254,1.7049126626924848e-08,1.239752173302361e-07,5.639554
MELK,5.6325917,1.545068,1.775212815465403e-08,1.2894344607656645e-07,5.6325917
MYBL2,5.632402,1.3919172,1.7771689922346897e-08,1.2903763577012396e-07,5.632402
TMEM62,5.6311994,1.0041171,1.7896068092856293e-08,1.298443679796114e-07,5.6311994
HACD2,5.6182246,1.029846,1.9292963734676407e-08,1.3966878074737253e-07,5.6182246
DNAJC16,5.6171484,1.2848451,1.941344433263549e-08,1.404890083953444e-07,5.6171484
RMI2,5.6116424,1.3866868,2.0041547201435515e-08,1.448736592677097e-07,5.6116424
CMSS1,5.6015787,1.0578771,2.1240815701072877e-08,1.5325969086968806e-07,5.6015787
GALNT2,5.5893636,1.0067866,2.2790342813764697e-08,1.6395640741902485e-07,5.5893636
DHX35,5.5806923,1.3100735,2.3956281493691916e-08,1.72091232110339e-07,5.5806923
HGSNAT,5.5789204,1.5203772,2.4201601554496886e-08,1.736622439378053e-07,5.5789204
TMEM127,5.573414,1.1515473,2.4979504108559213e-08,1.7904722944918926e-07,5.573414
CDC7,5.5711355,1.1119486,2.5308444950827703e-08,1.8133857590545458e-07,5.5711355
NARS2,5.5674014,1.6054127,2.585665313923207e-08,1.849956082736721e-07,5.5674014
STRBP,5.566705,1.1488317,2.596012821606848e-08,1.8566805151024417e-07,5.566705
C2CD3,5.564363,1.0178477,2.6311138275899324e-08,1.8810973832035002e-07,5.564363
ZDHHC2,5.554806,1.7917832,2.7791997628900176e-08,1.984070812120827e-07,5.554806
KIF11,5.547971,1.34011,2.8900436453069642e-08,2.0586958154847715e-07,5.547971
RFNG,5.544616,1.9975456,2.9459965658131076e-08,2.0962640290847595e-07,5.544616
PEX13,5.537464,1.3692186,3.068823704857077e-08,2.181283772489767e-07,5.537464
ZNF14,5.5358186,1.809468,3.097780094781314e-08,2.199468827818605e-07,5.5358186
SAMD1,5.532021,1.2395324,3.1656177829694205e-08,2.246819324524687e-07,5.532021
PANK3,5.5261984,1.2205585,3.27244294238918e-08,2.319274302668289e-07,5.5261984
CBR4,5.525945,1.152293,3.277165971815224e-08,2.320940417534575e-07,5.525945
FANCA,5.5204387,1.4047427,3.381543153604378e-08,2.3939955292956027e-07,5.5204387
ESR1,5.5199323,3.9099162,3.391301351480931e-08,2.400035618292183e-07,5.5199323
GOLGA1,5.505312,1.4623806,3.685150914156033e-08,2.600469999574658e-07,5.505312
LEMD2,5.5048056,1.1881462,3.695757718999344e-08,2.607014673589732e-07,5.5048056
KNL1,5.501831,1.107493,3.758673214446382e-08,2.6504402688391646e-07,5.501831
SCO2,5.5008183,1.4964286,3.7803272966695825e-08,2.664749443127896e-07,5.5008183
RUFY2,5.495565,1.2563256,3.894613822079356e-08,2.742346285370595e-07,5.495565
IMPA1,5.4872737,1.0832169,4.081841863574899e-08,2.866959138062944e-07,5.4872737
CEP83,5.4854383,1.1974084,4.124453976841984e-08,2.894810452612767e-07,5.4854383
TMEM260,5.481324,1.2736475,4.221536593888918e-08,2.961886987064122e-07,5.481324
DZIP3,5.478603,1.0885471,4.2869743023975155e-08,3.0067209014091247e-07,5.478603
LLGL2,5.4724636,1.9483273,4.438221392417986e-08,3.109456362579132e-07,5.4724636
BMPR2,5.4700584,1.6689843,4.498872320160028e-08,3.1508208146346257e-07,5.4700584
PLEKHM3,5.4677167,2.0644517,4.558698851266727e-08,3.1915785016668093e-07,5.4677167
SYS1,5.4664507,1.0039264,4.5913579063290386e-08,3.2121448520216884e-07,5.4664507
TIMM23B,5.464109,1.9417665,4.652376122891591e-08,3.2536703349800804e-07,5.464109
ERMP1,5.459805,1.4414251,4.76657397890992e-08,3.329964998904295e-07,5.459805
SMARCAL1,5.4527164,1.5145907,4.960612789934198e-08,3.4593467952042907e-07,5.4527164
IPO11,5.4377794,1.4639912,5.394864853148472e-08,3.752816048574807e-07,5.4377794
CDK8,5.428476,1.1277485,5.683737957777844e-08,3.9523590745485734e-07,5.428476
KCTD9,5.4264503,1.3051558,5.74857994695495e-08,3.994609815412445e-07,5.4264503
SAMD12,5.424045,2.2617466,5.826511129072275e-08,4.044454408431581e-07,5.424045
ADAT2,5.4239187,1.4678886,5.830641003567971e-08,4.0458859275822003e-07,5.4239187
ZMIZ1,5.4184756,1.1665927,6.010933985307593e-08,4.1680353020729614e-07,5.4184756
TLNRD1,5.4164505,1.0122215,6.079389120172378e-08,4.212517220380067e-07,5.4164505
GOLGA8A,5.4124627,1.4783374,6.216374421913405e-08,4.305912024354036e-07,5.4124627
RBM41,5.408792,1.2063841,6.345128536413234e-08,4.390434059424829e-07,5.408792
SLC25A28,5.408349,1.3136454,6.360841458684072e-08,4.3997506420477174e-07,5.408349
ZNF789,5.403222,1.4959258,6.54542667873508e-08,4.521034565813203e-07,5.403222
LINC00881,5.400058,6.2179494,6.661947230023624e-08,4.595029375999375e-07,5.400058
TVP23C,5.374045,1.6327207,7.698973788706175e-08,5.280529936817471e-07,5.374045
PPARD,5.3684115,1.2713691,7.943303063299514e-08,5.434774627365206e-07,5.3684115
LRRC37A3,5.367399,1.9979365,7.988016570393901e-08,5.463457121617192e-07,5.367399
UBFD1,5.3622723,1.8180636,8.21814514924708e-08,5.616928546296433e-07,5.3622723
MPND,5.3609433,2.3153174,8.278848259940445e-08,5.656442135143668e-07,5.3609433
PISD,5.360121,1.0870568,8.31664371673897e-08,5.680282172745137e-07,5.360121
UST,5.358538,2.036358,8.389797440867574e-08,5.726248912553076e-07,5.358538
CAMSAP1,5.3570194,1.9713252,8.460610968679555e-08,5.770555435173284e-07,5.3570194
MTA1,5.353918,1.0085747,8.606990029116882e-08,5.868347766193697e-07,5.353918
RNF121,5.3538547,1.4093705,8.610002741678553e-08,5.868357145564818e-07,5.3538547
TMEM117,5.3494244,1.5798868,8.823449111322716e-08,6.005469642099579e-07,5.3494244
CRAMP1,5.345943,2.053306,8.994742316587465e-08,6.119927595653113e-07,5.345943
CHSY1,5.3396773,2.7042549,9.311217373794823e-08,6.328652364377114e-07,5.3396773
DSTYK,5.338285,1.1510403,9.382995179156615e-08,6.373011095652088e-07,5.338285
ZNF529,5.337842,1.7448136,9.405945693285841e-08,6.386382558161602e-07,5.337842
ZMYND19,5.336006,3.0088797,9.501606665963665e-08,6.444625276935079e-07,5.336006
ZNF75D,5.332272,1.7498946,9.699143034988202e-08,6.57405025662103e-07,5.332272
STK11,5.331386,1.0833464,9.746596405094498e-08,6.603926539296715e-07,5.331386
ATXN7L3,5.3286014,1.4225427,9.897203209968709e-08,6.701331225351823e-07,5.3286014
NDC1,5.326829,1.1348491,9.994214166453994e-08,6.762336888283947e-07,5.326829
INO80B,5.3023353,2.493177,1.1433071266710037e-07,7.703937277788637e-07,5.3023353
TRIM66,5.2971454,1.384858,1.1762716464041887e-07,7.917882207374325e-07,5.2971454
DTHD1,5.29436,2.6421714,1.1943371583057606e-07,8.031199145610694e-07,5.29436
RFC3,5.291765,1.1318591,1.2114123633450416e-07,8.140424837203219e-07,5.291765
ZNF544,5.2902465,1.6036328,1.2215169538124466e-07,8.202691747495524e-07,5.2902465
KLRK1,5.288474,2.6429892,1.2334087277416101e-07,8.279705655042136e-07,5.288474
GPR137B,5.278031,1.2321416,1.3057933287386982e-07,8.735645762994477e-07,5.278031
CENPA,5.2757525,1.622471,1.322123855955864e-07,8.832816528967002e-07,5.2757525
RAD18,5.250689,1.1219585,1.5153133492345173e-07,1.0092461408380204e-06,5.250689
ARHGAP5,5.24955,1.273546,1.524714212455105e-07,1.015161881909544e-06,5.24955
LYSMD3,5.2458787,1.2968085,1.5553911252715782e-07,1.0348824732850813e-06,5.2458787
TAB3,5.2455626,1.5159245,1.5580634553950995e-07,1.0363081473545652e-06,5.2455626
BRI3BP,5.2448664,1.4064993,1.563958219656871e-07,1.039875448258432e-06,5.2448664
ARRDC3,5.2430305,1.009931,1.5796025264339768e-07,1.0499205922982357e-06,5.2430305
CYSTM1,5.242018,1.1308837,1.588298534563131e-07,1.0553421298584498e-06,5.242018
ZFY,5.233031,2.0080311,1.667531357653429e-07,1.1061102917478744e-06,5.233031
SPIN1,5.2262583,1.7666616,1.7297461990446344e-07,1.146213126410613e-06,5.2262583
ZFYVE26,5.224866,1.3548198,1.7428133266286812e-07,1.154090395108969e-06,5.224866
PRC1,5.195372,1.2338935,2.0431092473113504e-07,1.3447548520480494e-06,5.195372
PTER,5.192524,1.1916031,2.0746231556191736e-07,1.3641204942592738e-06,5.192524
HPS5,5.1880302,1.3164631,2.1253025431725546e-07,1.395567790765119e-06,5.1880302
LRRC37A2,5.173853,1.7529498,2.2931558645701662e-07,1.498746625180662e-06,5.173853
LYZ,5.1708145,1.205441,2.3307556308777648e-07,1.5228122265447779e-06,5.1708145
POLQ,5.1689157,1.8254938,2.3545572214658674e-07,1.537336526848318e-06,5.1689157
ST3GAL3,5.1687894,1.4499983,2.3561523163309974e-07,1.5378648607726803e-06,5.1687894
IFFO2,5.164106,1.8908712,2.415910326754965e-07,1.5752926782386256e-06,5.164106
PTRH2,5.1607513,1.1681751,2.459607116779167e-07,1.6027170183528051e-06,5.1607513
PARPBP,5.1603084,1.1948385,2.465435160819628e-07,1.604911351527561e-06,5.1603084
FAM66A,5.1568904,4.778565,2.5108449464119176e-07,1.633927965127649e-06,5.1568904
SPAG1,5.150182,2.1621273,2.6023436761602367e-07,1.6929076148638137e-06,5.150182
TSHZ1,5.149042,1.1220168,2.6181977493966905e-07,1.7020894870496493e-06,5.149042
SLC17A5,5.1392956,1.0806373,2.757705718673113e-07,1.7886239808748913e-06,5.1392956
NUP50-DT,5.1332827,1.2513459,2.847317571371509e-07,1.8443002395431211e-06,5.1332827
FGFR1,5.1317635,1.8183053,2.870397519810633e-07,1.858634634932312e-06,5.1317635
FANCM,5.1313205,1.6581277,2.8771631332766406e-07,1.8623992124365632e-06,5.1313205
NUBPL,5.1260676,1.3913132,2.95856706216278e-07,1.9119299957860397e-06,5.1260676
GRK3,5.1258774,3.4219053,2.961550631792632e-07,1.913226238458839e-06,5.1258774
ABHD14A,5.118726,1.600487,3.076071842333909e-07,1.984588651855916e-06,5.118726
ERCC8,5.1179028,1.4280574,3.089517889169267e-07,1.991950117142149e-06,5.1179028
FAM20B,5.1158776,1.4538454,3.1228580629056357e-07,2.011457754277073e-06,5.1158776
QSER1,5.115371,2.124162,3.1312472282731663e-07,2.0155344000937274e-06,5.115371
STK40,5.1129026,1.1998962,3.1724569797408876e-07,2.040717888874743e-06,5.1129026
ZFAND4,5.1065736,1.3607513,3.280529801200203e-07,2.1074657632923697e-06,5.1065736
IER5,5.101194,1.1835802,3.375178528322792e-07,2.1654260144990292e-06,5.101194
UNK,5.094042,1.0006341,3.5050951373810733e-07,2.2458317501071657e-06,5.094042
ECT2,5.0920796,1.4987929,3.541571426141468e-07,2.2677182482570762e-06,5.0920796
PPP2CB,5.0870166,1.556191,3.6374045764852153e-07,2.3275582979942017e-06,5.0870166
INTS2,5.0834723,1.5927973,3.7059718586418426e-07,2.368336294248974e-06,5.0834723
NDUFAF5,5.065497,1.2704939,4.073358768386216e-07,2.5980275221571535e-06,5.065497
SH3D19,5.044421,2.505025,4.5489678968999947e-07,2.891949441408028e-06,5.044421
TEX14,5.032712,1.4196398,4.835893822148872e-07,3.065395863680244e-06,5.032712
WEE1,5.031699,1.3268447,4.861513172357762e-07,3.079640328802094e-06,5.031699
TMED7,5.026383,1.4958894,4.998176910577575e-07,3.1621185187902354e-06,5.026383
ZFYVE28,5.0180917,1.0876337,5.218730022667192e-07,3.2920731490506645e-06,5.0180917
CRADD,5.0172687,1.1621109,5.241121891112747e-07,3.305132876741676e-06,5.0172687
MTMR10,5.016509,1.253987,5.261873514549182e-07,3.3171501589142522e-06,5.016509
PKP4,5.0066357,1.2532698,5.538959931831772e-07,3.487334876000132e-06,5.0066357
ATP11C,4.9994206,1.4650085,5.75028771378446e-07,3.616895852887635e-06,4.9994206
CARD8-AS1,4.989737,1.1152524,6.046160172923094e-07,3.7920276366589456e-06,4.989737
SUSD1,4.9894204,1.8244998,6.056072663850089e-07,3.7970275516250734e-06,4.9894204
MTMR4,4.9860024,1.0325884,6.164130615139523e-07,3.858595901377165e-06,4.9860024
SNTB2,4.9807496,1.1630608,6.333851424029952e-07,3.96103562369505e-06,4.9807496
MIOS,4.969547,1.1116481,6.71095872106078e-07,4.187501283600681e-06,4.969547
HOOK2,4.9694834,1.2636857,6.713149516800143e-07,4.187532985168798e-06,4.9694834
GAREM1,4.9671416,4.9716325,6.794695207856546e-07,4.235699134352879e-06,4.9671416
NUF2,4.962015,1.0747901,6.976559543595817e-07,4.3463010872041684e-06,4.962015
BUB1B,4.9614453,1.9246535,6.997053838793242e-07,4.357681397756402e-06,4.9614453
STXBP4,4.9605594,1.5249768,7.029049199979794e-07,4.3734319473832946e-06,4.9605594
TIMM10B,4.958344,1.4816684,7.109655538398572e-07,4.42077342152473e-06,4.958344
SGPL1,4.9458756,1.6872131,7.580235126700305e-07,4.696961398330322e-06,4.9458756
USP53,4.9435973,1.1477684,7.669411862342844e-07,4.750713875350578e-06,4.9435973
DIAPH3,4.9371414,1.499524,7.927601524696631e-07,4.902885797574705e-06,4.9371414
RANBP10,4.9338503,1.0609759,8.06242955350923e-07,4.981547884530111e-06,4.9338503
CARM1,4.9322677,1.3361292,8.128034272529373e-07,5.014166918185838e-06,4.9322677
TBC1D32,4.9322677,1.4953141,8.128034272529373e-07,5.014166918185838e-06,4.9322677
LACTB,4.9241033,1.4890939,8.474809112637769e-07,5.218221042042034e-06,4.9241033
MIR29B2CHG,4.921888,1.7228528,8.571325700293179e-07,5.275989345811165e-06,4.921888
CIP2A,4.920812,1.1023239,8.61858627360327e-07,5.303411830247446e-06,4.920812
INCENP,4.912394,1.1988295,8.997091282099271e-07,5.527632094446422e-06,4.912394
GEN1,4.912394,1.5193242,8.997091282099271e-07,5.527632094446422e-06,4.912394
ANKRD26,4.907584,1.0561694,9.220513624678976e-07,5.659567459464185e-06,4.907584
PRH1,4.906508,1.1609159,9.271215801275669e-07,5.688904070221458e-06,4.906508
NHEJ1,4.9020777,1.2828375,9.482832103207047e-07,5.815106819039659e-06,4.9020777
POLE2,4.8944826,1.1679819,9.856466482889655e-07,6.032885084053323e-06,4.8944826
SAMD4B,4.8918242,1.0382451,9.990555737210211e-07,6.109224833304044e-06,4.8918242
TRMT11,4.8911915,1.2325654,1.0022739611040413e-06,6.12699058759259e-06,4.8911915
FBXO45,4.882394,1.748007,1.0480561983791587e-06,6.398865425860648e-06,4.882394
FAM193B,4.880179,1.302233,1.0598975124515625e-06,6.463095831614888e-06,4.880179
EPHA4,4.877774,1.318311,1.0728995668767922e-06,6.538305426547826e-06,4.877774
PLPP1,4.868596,1.131048,1.12393742404835e-06,6.832310504435575e-06,4.868596
RAB2B,4.864229,1.0467405,1.149037176502088e-06,6.9718944092380955e-06,4.864229
DNA2,4.859672,1.4236016,1.1758029374919718e-06,7.129876628708678e-06,4.859672
TBC1D31,4.859419,1.1372575,1.177307380509583e-06,7.136787739098985e-06,4.859419
SRRD,4.8581533,1.2038039,1.1848574189015793e-06,7.180331363600527e-06,4.8581533
WDR53,4.854609,1.3714485,1.2062461735048425e-06,7.305424055444988e-06,4.854609
LINC00299,4.8473935,1.6936251,1.250941145777045e-06,7.562068687230527e-06,4.8473935
DGAT1,4.84271,1.1749039,1.2808018186548385e-06,7.73302375422335e-06,4.84271
VIM-AS1,4.8373303,1.0763639,1.3159474799360006e-06,7.930539047547784e-06,4.8373303
PLXNC1,4.8187222,1.1067734,1.4448044184189078e-06,8.68302606253722e-06,4.8187222
SERPINB9P1,4.806064,2.1647189,1.5393064374035409e-06,9.231121166752218e-06,4.806064
MFSD12,4.799102,1.6659442,1.5937869675328194e-06,9.546135102749375e-06,4.799102
DHRS7B,4.7961273,1.5946152,1.6176259707719549e-06,9.680032108888567e-06,4.7961273
SLC1A5,4.7953043,1.1937788,1.624280016026908e-06,9.716879044211108e-06,4.7953043
GDAP1,4.793722,1.5431273,1.6371502790439669e-06,9.790879174918198e-06,4.793722
ZNF280C,4.79214,2.2812898,1.650118535244462e-06,9.856385683047508e-06,4.79214
KIAA0825,4.785684,1.7949097,1.7040596068129932e-06,1.0169270627056008e-05,4.785684
CCDC71L,4.7835956,2.051888,1.7218710811366033e-06,1.0272430888927152e-05,4.7835956
OPN3,4.779418,2.3117976,1.758032293982131e-06,1.0475388528819225e-05,4.779418
SPSB1,4.778975,1.3571717,1.7619101021996482e-06,1.049529889797343e-05,4.778975
IPMK,4.7780256,1.3569081,1.7702473893106503e-06,1.0541753169212052e-05,4.7780256
CAMKK2,4.77676,1.1641363,1.7814227640371358e-06,1.0605074732789373e-05,4.77676
SLC25A53,4.7682157,1.1033659,1.8586491817539837e-06,1.1051366511261609e-05,4.7682157
PGAM5,4.7616963,1.3328379,1.9197230877338253e-06,1.1393734116098119e-05,4.7616963
SNX24,4.759671,1.6918799,1.9390868732453193e-06,1.1501682914720949e-05,4.759671
OGFRL1,4.758532,1.2865119,1.9500613191931626e-06,1.1559769734617329e-05,4.758532
TMEM39A,4.7546077,1.0493206,1.9883207500316386e-06,1.1772302703969472e-05,4.7546077
TADA2B,4.754291,1.6672536,1.991437412859064e-06,1.1787189139390855e-05,4.754291
CTU1,4.7506204,1.8593752,2.0279353912434024e-06,1.1992335973360802e-05,4.7506204
ADCY3,4.749481,1.7944096,2.039392402192448e-06,1.2045526871748211e-05,4.749481
LMBRD2,4.7439113,1.1861291,2.096305290955229e-06,1.236302047420492e-05,4.7439113
PAQR3,4.7417593,1.8639607,2.118700352204024e-06,1.2487568822869982e-05,4.7417593
KDM4B,4.74081,1.096481,2.128653412422199e-06,1.2538678499180489e-05,4.74081
PCGF3,4.7385316,1.3969051,2.1527243087681698e-06,1.2665216257960177e-05,4.7385316
TMEM184C,4.7380886,1.0632919,2.1574350201276757e-06,1.2689115862295869e-05,4.7380886
PGAP1,4.726886,1.6823308,2.2798924820769187e-06,1.3397278104889233e-05,4.726886
KNTC1,4.7261267,1.1090268,2.2884319333378692e-06,1.344342121631805e-05,4.7261267
BTBD2,4.7258735,1.3345598,2.2912852357685235e-06,1.3456143305377692e-05,4.7258735
DHX57,4.723848,1.0557157,2.3142349540117773e-06,1.3586843558386576e-05,4.723848
FMN1,4.722582,1.7445542,2.328690434632073e-06,1.3663512571178533e-05,4.722582
GPR132,4.7188478,1.0148176,2.37184096797173e-06,1.3908356026751816e-05,4.7188478
PLK4,4.7132783,1.4714717,2.437630381635734e-06,1.428130278678085e-05,4.7132783
MASTL,4.7130885,1.1481227,2.439903798794115e-06,1.4290343470458918e-05,4.7130885
SCLY,4.711506,1.0136318,2.45892826151313e-06,1.4397459072797403e-05,4.711506
LNX2,4.709481,1.3505614,2.4834874397538147e-06,1.4523873945338508e-05,4.709481
GAN,4.7035947,1.4967281,2.5562063745954123e-06,1.4922388525681095e-05,4.7035947
COG7,4.7022653,1.2875509,2.5729073766723917e-06,1.5010927712201958e-05,4.7022653
GCLC,4.7003036,1.5909011,2.5977527871579453e-06,1.5146849385907827e-05,4.7003036
TTI2,4.694987,1.3396845,2.6662386083160355e-06,1.553228850477171e-05,4.694987
DUS2,4.689164,1.2656572,2.743234514737225e-06,1.5938127370658558e-05,4.689164
FASTKD1,4.6870756,1.1273544,2.771369059290697e-06,1.6096809068625813e-05,4.6870756
RPGR,4.6792274,1.1353239,2.8795821366168017e-06,1.668571609396434e-05,4.6792274
PAXIP1,4.670999,1.3990563,2.997380145324708e-06,1.731701644042335e-05,4.670999
STK38L,4.670113,1.0233732,3.0103383642594932e-06,1.7386747671732516e-05,4.670113
CENPS,4.6697335,2.0804539,3.0159083233920827e-06,1.7408641319214243e-05,4.6697335
SGPP2,4.664417,1.7651978,3.0949334528919486e-06,1.7849000237603785e-05,4.664417
LINC00630,4.6637206,2.8862932,3.1054279046120177e-06,1.7904246681628744e-05,4.6637206
BMP2K,4.6608095,2.2047482,3.149684802190363e-06,1.8143371271492793e-05,4.6608095
CIT,4.6591005,1.4671541,3.1759427777040305e-06,1.828386239308987e-05,4.6591005
RAD51,4.654037,1.0681329,3.2549826558268105e-06,1.8716867648903623e-05,4.654037
KIF15,4.645429,1.4331734,3.3936987023061274e-06,1.9474456365608884e-05,4.645429
GNE,4.6430244,1.4257369,3.433459826750106e-06,1.9679537753323397e-05,4.6430244
SIK2,4.641822,1.428595,3.4535075274667024e-06,1.978864869618402e-05,4.641822
MIRLET7BHG,4.6417584,2.7747662,3.454565772946608e-06,1.978891775322577e-05,4.6417584
LIN9,4.6241,1.5008533,3.762282897870609e-06,2.1476181956106204e-05,4.6241
RNF19B,4.6199226,1.751168,3.838829123302437e-06,2.1887589826568205e-05,4.6199226
INKA2,4.6146064,3.6627023,3.938412464107704e-06,2.2435765676174544e-05,4.6146064
CNNM2,4.6091,1.1062182,4.044160510217386e-06,2.3031470565754894e-05,4.6091
IRF4,4.6084037,1.1876508,4.0577231538732695e-06,2.310198623072218e-05,4.6084037
ABCC4,4.6062517,1.5634772,4.099920195766505e-06,2.3335438740767586e-05,4.6062517
FAM135A,4.6028337,1.8317903,4.167804602993862e-06,2.3694247667456104e-05,4.6028337
LRIG2,4.600492,1.516682,4.214938429190437e-06,2.3941339675587364e-05,4.600492
SLC11A2,4.5990996,1.6140621,4.243205641068675e-06,2.4094906553810743e-05,4.5990996
TET2-AS1,4.5985303,6.7772336,4.254821779032737e-06,2.414685399423219e-05,4.5985303
NPHP3,4.598467,1.2042478,4.25611434036067e-06,2.414718626041681e-05,4.598467
CNNM3,4.5899224,1.525589,4.434107241585845e-06,2.512061682204743e-05,4.5899224
DUSP5,4.5880237,1.3023703,4.474618641800854e-06,2.5342789459554013e-05,4.5880237
ACER3,4.5853024,1.1769586,4.533303860226785e-06,2.566773435674703e-05,4.5853024
AP4S1,4.584416,1.4883465,4.552569273637365e-06,2.5769359429139707e-05,4.584416
ZNF44,4.57853,1.0647736,4.682551915453557e-06,2.648978776571125e-05,4.57853
TSC22D1,4.571441,2.4789908,4.843811278871304e-06,2.7378307078265076e-05,4.571441
FBXL6,4.569289,1.4865227,4.893808375068233e-06,2.7652914318029215e-05,4.569289
HABP4,4.5678334,1.5229045,4.9279097945577395e-06,2.782953502450385e-05,4.5678334
ADPRM,4.563593,1.2669262,5.028550654523874e-06,2.8373321570854432e-05,4.563593
NAB1,4.548593,1.0954038,5.40058036864904e-06,3.0358677579352028e-05,4.548593
METRN,4.543846,2.8922873,5.52370177182229e-06,3.1032959021251386e-05,4.543846
CEP44,4.534985,1.1165681,5.760753791635375e-06,3.2336899080528116e-05,4.534985
SVIL,4.534732,1.1764163,5.767667756384602e-06,3.2366424622005703e-05,4.534732
FANCC,4.530175,1.6584034,5.893485666605773e-06,3.3044048001186756e-05,4.530175
SNTB1,4.528086,2.2897074,5.952026164823779e-06,3.33436152285347e-05,4.528086
C9orf40,4.521061,1.2347606,6.153046654609179e-06,3.436153451409601e-05,4.521061
IL7,4.4999847,2.172392,6.7958328695597e-06,3.775719977045548e-05,4.4999847
TMEM268,4.490175,1.915354,7.116483288550648e-06,3.949385847712963e-05,4.490175
STRN4,4.486124,1.5832293,7.253058362903931e-06,4.0240387310831906e-05,4.486124
AMN1,4.4819465,1.299613,7.396525006751757e-06,4.1001473465189346e-05,4.4819465
ZNF141,4.476377,1.0127034,7.59203985301875e-06,4.204954312025783e-05,4.476377
FAM13A,4.4758706,1.3739887,7.610056924392073e-06,4.213740630914095e-05,4.4758706
SLC35F2,4.4662504,1.6514267,7.960249446449521e-06,4.40266142363268e-05,4.4662504
CPEB3,4.4621997,2.036722,8.112262133070202e-06,4.4854689296388164e-05,4.4621997
TBC1D19,4.4596047,1.3147568,8.211099290700216e-06,4.538835901706831e-05,4.4596047
ITGB1-DT,4.4517565,2.6205564,8.517074935037857e-06,4.7000034497693395e-05,4.4517565
FUT7,4.4480224,1.4134969,8.666457549364361e-06,4.779741863753152e-05,4.4480224
ERP27,4.4437184,1.5275178,8.841733375083517e-06,4.870918881859073e-05,4.4437184
SP2-AS1,4.4405537,2.7713914,8.972768365028688e-06,4.9403244616455084e-05,4.4405537
RGPD8,4.440174,3.133288,8.988616689761173e-06,4.9476582668142513e-05,4.440174
ZER1,4.4348574,1.0252378,9.21332107955619e-06,5.064220979908863e-05,4.4348574
SLC2A13,4.433845,1.9838066,9.256726066319786e-06,5.0852222253157095e-05,4.433845
TMEM140,4.4325156,1.0248011,9.313991667666061e-06,5.115245269516966e-05,4.4325156
PECAM1,4.424351,1.583165,9.673261216651645e-06,5.308086805592804e-05,4.424351
ASPM,4.420364,1.0816956,9.853493165867683e-06,5.399416249501507e-05,4.420364
OPA3,4.4187813,1.2676793,9.925899012144562e-06,5.4375697611882636e-05,4.4187813
PURB,4.4161863,1.0140996,1.0045745927036896e-05,5.500144272531001e-05,4.4161863
CATSPERB,4.4108067,2.8039844,1.029862660656795e-05,5.629148755232448e-05,4.4108067
PAAF1,4.403591,1.0521349,1.0647342296409426e-05,5.808396823421791e-05,4.403591
FNIP2,4.402452,2.2203386,1.0703423044318137e-05,5.834110922875134e-05,4.402452
AOAH,4.4016924,1.693778,1.0740966782179166e-05,5.8513150889109665e-05,4.4016924
OTUD1,4.400047,1.4107842,1.0822743377347618e-05,5.892583261211413e-05,4.400047
FLCN,4.3946037,1.468716,1.1097491375306779e-05,6.038812881868828e-05,4.3946037
LONP1,4.3910594,1.01525,1.1279963220854541e-05,6.12958401293201e-05,4.3910594
LRP8,4.3889074,1.6501299,1.1392143361713914e-05,6.183674377309789e-05,4.3889074
ZNF398,4.3864393,1.1370399,1.1522132002363502e-05,6.249032123676524e-05,4.3864393
ACVR2A,4.3834643,1.8980597,1.168066657136101e-05,6.324495945445274e-05,4.3834643
TTBK2,4.382009,1.1028632,1.175900398577011e-05,6.361630909415248e-05,4.382009
ARL17B,4.380047,1.6589926,1.1865382936798081e-05,6.413862246057041e-05,4.380047
BBS7,4.372009,1.0657834,1.2310860296271696e-05,6.645487290412263e-05,4.372009
RTKN2,4.3691607,1.299967,1.2472502199220044e-05,6.727175386834008e-05,4.3691607
DNAJC24,4.362515,1.27694,1.2857579382701574e-05,6.919612578677239e-05,4.362515
MICAL2,4.352325,1.1004093,1.3470139911388396e-05,7.231377168341512e-05,4.352325
STIL,4.348274,1.5398296,1.3721292789224578e-05,7.360149597027043e-05,4.348274
HSPBAP1,4.344287,1.318234,1.3972879820453969e-05,7.486892451441491e-05,4.344287
ZNF787,4.328337,1.1814603,1.5023920662755383e-05,8.023692126877657e-05,4.328337
ACSL1,4.3168817,1.6777147,1.582490178877597e-05,8.430756281044601e-05,4.3168817
UBN2,4.314856,1.7092544,1.5970681511862563e-05,8.50379036256127e-05,4.314856
ULK1,4.312388,1.6444278,1.6150081622014333e-05,8.589964587648177e-05,4.312388
MROH1,4.311818,1.2362524,1.619175358350265e-05,8.609788970705973e-05,4.311818
POLR3B,4.3110585,1.4683013,1.6247475649224457e-05,8.637071543168274e-05,4.3110585
SYNJ2BP,4.301755,1.1200509,1.6945075890809778e-05,8.993253187723508e-05,4.301755
RNF185,4.296628,1.4213705,1.7341571313414223e-05,9.198695241552982e-05,4.296628
LINC02580,4.285552,4.5482144,1.8228591400794116e-05,9.640461527857818e-05,4.285552
CHIC1,4.2761216,1.5282447,1.9017735003381947e-05,0.00010046950284724026,4.2761216
LINC01588,4.273337,1.2215289,1.9256925493601654e-05,0.0001015959876135878,4.273337
DOT1L,4.2727036,1.1365947,1.931168516310575e-05,0.00010182997986301626,4.2727036
ZBTB21,4.271058,1.6865976,1.9454755227223374e-05,0.00010252912746735982,4.271058
POLR1B,4.26359,1.0480577,2.011685564358469e-05,0.00010581898689077022,4.26359
HCFC2,4.260805,1.0158958,2.036918915510704e-05,0.00010700249486902942,4.260805
AFG1L,4.260805,1.9344952,2.036918915510704e-05,0.00010700249486902942,4.260805
ZNF100,4.2583365,1.201016,2.0595365316463927e-05,0.00010816159648753788,4.2583365
LSM14B,4.252134,1.5791894,2.1174306563389502e-05,0.00011105302354125056,4.252134
STIMATE,4.252071,2.7491944,2.1180293217104023e-05,0.00011105465639664831,4.252071
XPO5,4.2491593,1.0213805,2.1457427821136226e-05,0.00011244749534118737,4.2491593
ZNF738,4.247197,1.1252687,2.164613575394048e-05,0.00011331503061345835,4.247197
MIS12,4.2412477,1.1522775,2.2228052438650584e-05,0.00011611279501321801,4.2412477
CRTC1,4.2399187,1.2611525,2.2360074677880588e-05,0.00011677126802689282,4.2399187
DISP1,4.238843,3.1653965,2.2467496100659105e-05,0.00011723839031938596,4.238843
KIF18A,4.2354884,1.0676107,2.2805559688968056e-05,0.00011890732533805673,4.2354884
B3GALT6,4.2321973,2.1628902,2.3141945693346516e-05,0.00012059696227094664,4.2321973
RHOC,4.2299185,1.1417997,2.3377588530447382e-05,0.0001217600884652101,4.2299185
ZNF710,4.228906,3.0225894,2.3483049963908718e-05,0.00012224429946628513,4.228906
SNED1,4.223463,1.5113032,2.4057705520505302e-05,0.00012510262599661117,4.223463
ZNF124,4.221817,1.2101412,2.4234056095366926e-05,0.0001259861874798459,4.221817
LARP1B,4.21745,1.2106063,2.4708045799717264e-05,0.0001283139703314404,4.21745
NACC1,4.210425,1.2042619,2.54891045138124e-05,0.00013212471447053803,4.210425
SLC1A4,4.2092853,1.0372112,2.561795499120237e-05,0.00013275745319593432,4.2092853
ARHGAP21,4.207893,1.2474079,2.5776280321650327e-05,0.0001335072136935028,4.207893
SHCBP1,4.201247,1.0395103,2.654483028791281e-05,0.0001370887408482127,4.201247
CPLANE1,4.1990323,1.4960865,2.680582084551828e-05,0.0001383270839412188,4.1990323
FURIN,4.1987157,1.3869755,2.684330381321313e-05,0.00013848398866779713,4.1987157
ZNF777,4.1951714,2.5020993,2.7266532509020284e-05,0.00014055624555756293,4.1951714
XYLB,4.1947284,1.2427398,2.7319880056631563e-05,0.0001407941566890088,4.1947284
AP4B1-AS1,4.1883993,4.8445754,2.8092907386260196e-05,0.00014462562792274126,4.1883993
PBX2,4.1847916,1.0656852,2.8542791419934354e-05,0.00014671009784745874,4.1847916
TMTC2,4.1843486,1.8439599,2.8598510192505034e-05,0.00014688074736140118,4.1843486
SLC16A4,4.1806774,4.083517,2.9064174304905455e-05,0.00014903767368930554,4.1806774
TMEM164,4.173209,2.4611726,3.0033901615706765e-05,0.0001538490541403534,4.173209
NCAPG,4.1659937,1.0424119,3.09999033168508e-05,0.00015858983218408797,4.1659937
ZNF827,4.160424,1.479767,3.176570494374157e-05,0.00016238017615964864,4.160424
CSNK1E,4.150677,1.2173059,3.314929384789926e-05,0.0001691876322419647,4.150677
DCUN1D2,4.148842,1.6990932,3.3416165016016625e-05,0.0001705052195654272,4.148842
RAB30,4.140424,1.0962317,3.4666448986754185e-05,0.00017660845450997287,4.140424
KLHL8,4.139538,1.2826293,3.480061215652281e-05,0.00017724580392473668,4.139538
SEC61A2,4.137829,2.042373,3.506074915899257e-05,0.0001785242621762078,4.137829
TIPARP-AS1,4.122386,1.931048,3.7496850254089264e-05,0.00019038359257187825,4.122386
MBNL3,4.1123223,1.1916578,3.916987590859286e-05,0.00019831206514342692,4.1123223
RBM12B,4.111816,1.3598021,3.925589806825175e-05,0.00019864479270740893,4.111816
ZNF212,4.106753,1.1787059,4.012603831629655e-05,0.00020289052138844726,4.106753
DENND5A,4.0971956,1.7425785,4.1818541447933715e-05,0.00021095777753368572,4.0971956
DPYD-AS1,4.0967526,2.740911,4.1898621890141323e-05,0.00021130727658409418,4.0967526
ZNF169,4.094221,1.3484591,4.235902277789556e-05,0.0002135741710172276,4.094221
SLC16A10,4.0928288,1.8402631,4.261428498365118e-05,0.00021480585485834268,4.0928288
WDR89,4.0923223,1.0380027,4.270746889733981e-05,0.00021522012654729471,4.0923223
ZFYVE16,4.0768156,1.3574978,4.565665211785186e-05,0.00022949123263347684,4.0768156
PHLPP1,4.075613,2.2290509,4.589325847819366e-05,0.0002304437469595313,4.075613
LINC01727,4.0710564,3.3997967,4.680046667481999e-05,0.00023469798357070158,4.0710564
NFE2L3,4.066246,1.63431,4.777651058197705e-05,0.00023940864508786863,4.066246
TTK,4.06498,1.5244472,4.803655397762177e-05,0.00024065009939429157,4.06498
E2F7,4.0637145,1.7837967,4.82979389007587e-05,0.00024189763716663586,4.0637145
FILIP1L,4.056752,3.0316412,4.975982771182731e-05,0.0002487737119736936,4.056752
LINC02320,4.052765,2.5555208,5.0615880158083246e-05,0.0002528597250276673,4.052765
PRKCE,4.0171313,1.7984229,5.891084930452014e-05,0.00029206169221962253,4.0171313
CENPO,4.0139036,1.1105162,5.972273652351696e-05,0.00029586190083346324,4.0139036
ZNF41,4.013334,1.4056175,5.986710612666857e-05,0.0002965020330768541,4.013334
CCNYL1,4.0082707,2.4124491,6.1164995938219e-05,0.0003023943002827361,4.0082707
SRF,4.000802,1.1499258,6.312810241791014e-05,0.0003116273229348299,4.000802
METTL25,3.9967515,1.1128037,6.421763598200352e-05,0.00031652662491079214,3.9967515
PLCXD2,3.9887767,1.5367631,6.641487880197273e-05,0.00032686276368133863,3.9887767
TENM1,3.9880805,2.846653,6.661004155679143e-05,0.00032749379225710924,3.9880805
ZFYVE1,3.9878907,1.5007526,6.66633618787658e-05,0.0003276736159868599,3.9878907
LINC00467,3.9835868,1.0832794,6.78828449501191e-05,0.00033324924987052947,3.9835868
ZNF852,3.9796627,1.7614691,6.90130968376273e-05,0.0003382886470237202,3.9796627
CHAC2,3.9759917,1.0040108,7.008652882558406e-05,0.00034320650552027753,3.9759917
ENTPD1,3.9653587,1.2839583,7.328562055239892e-05,0.0003579762913053775,3.9653587
ZNF251,3.956498,1.6316053,7.605653752113649e-05,0.0003706785370395016,3.956498
TEP1,3.9524472,1.0927471,7.735597427035663e-05,0.0003768239244516651,3.9524472
ERCC6,3.9514346,1.1021028,7.768409796699913e-05,0.0003782339957746303,3.9514346
BUB1,3.9453585,1.0843507,7.968064143071454e-05,0.00038708808130988635,3.9453585
UTP25,3.937637,1.1495149,8.228795229651773e-05,0.00039965516270495385,3.937637
STX18-AS1,3.937384,1.610685,8.237478820357261e-05,0.0003998784062434902,3.937384
OSGIN2,3.929409,1.0826973,8.515487213094643e-05,0.0004127596080897597,3.929409
GTF3C4,3.923333,1.2044898,8.733229106844227e-05,0.00042289489523070483,3.923333
ICA1L,3.9213078,1.563804,8.806971263231431e-05,0.0004262547951494253,3.9213078
ST7,3.9199152,2.2056043,8.858009811688416e-05,0.00042830129971613274,3.9199152
FAM184A,3.9185863,1.9693415,8.906988987297248e-05,0.000430456805392523,3.9185863
ARSB,3.916814,1.4008987,8.972692625177042e-05,0.0004333110791941371,3.916814
BCL6,3.9158647,2.3339624,9.008079069762259e-05,0.00043491263567014036,3.9158647
DEPDC1B,3.9097252,1.0685734,9.240113577510954e-05,0.000445895295893303,3.9097252
TTC4,3.9043455,1.0084684,9.44807248093637e-05,0.00045514495890438915,3.9043455
TCEA2,3.9019403,1.2632431,9.54246501327069e-05,0.0004592399296106268,3.9019403
SDHAF4,3.8997252,1.0075717,9.630192697864102e-05,0.0004630064145253188,3.8997252
GCNT4,3.8989024,1.7958913,9.662970795538718e-05,0.0004644682204055555,3.8989024
B3GLCT,3.8976367,1.81516,9.713604404684211e-05,0.00046655820076303543,3.8976367
MCTP2,3.8937757,1.2824608,9.869588529286223e-05,0.0004734692531038804,3.8937757
KIF3A,3.891434,1.1062405,9.96535088439116e-05,0.0004777118718906571,3.891434
PXN-AS1,3.8880162,1.5404143,0.00010106687603440991,0.0004842499094616389,3.8880162
ZCCHC3,3.8780794,1.4568899,0.00010528435796888532,0.000502979569515417,3.8780794
PEAK1,3.8761175,1.0025481,0.00010613650875303016,0.0005065559032388522,3.8761175
LINC01876,3.862193,3.2533576,0.00011237366206033523,0.0005347587108941245,3.862193
ZDHHC18,3.857383,1.0178543,0.00011460751852845202,0.0005449914757143983,3.857383
NUP35,3.853522,1.1767218,0.00011643071243669412,0.000553257936124631,3.853522
ZNF236-DT,3.8432057,1.0234003,0.00012143764658868919,0.0005762104433674758,3.8432057
IFNG-AS1,3.8367498,1.4692359,0.00012467335172623487,0.0005904182348932633,3.8367498
ABAT,3.8290281,1.1777488,0.00012865024333524042,0.0006082213002135744,3.8290281
TRIT1,3.828522,1.0720483,0.0001289151565660506,0.0006093265177981831,3.828522
ZC3H12B,3.8253574,4.0629625,0.00013058254728934412,0.000616760628857805,3.8253574
TRIM62,3.823585,1.3026284,0.00013152514174656198,0.0006210627349654259,3.823585
ASPHD2,3.8218129,2.630758,0.00013247414495403455,0.0006253930201352349,3.8218129
FBXW8,3.8201041,2.1250186,0.0001333953626670534,0.0006292865131795807,3.8201041
ADCK2,3.810294,1.104866,0.00013880170357282714,0.0006530588447975671,3.810294
ST8SIA1,3.8037114,1.2377157,0.00014254417116544421,0.0006695401683546357,3.8037114
FANCL,3.8013065,1.3451779,0.0001439351626989797,0.0006757493434965535,3.8013065
BCLAF3,3.7974455,1.1834153,0.00014619483041557278,0.000685864406993989,3.7974455
ST3GAL5,3.7797873,1.080118,0.000156962442528428,0.000734618769527931,3.7797873
USP45,3.7742808,1.182922,0.0001604699180765459,0.0007504960222088552,3.7742808
PPP1R3F,3.768458,1.0792061,0.0001642591310935575,0.0007669345447956891,3.768458
CCNE2,3.767382,1.1933616,0.00016496846287883916,0.0007696954891781414,3.767382
ZNF678,3.7563694,1.9386797,0.00017239628211355792,0.0008030112945484649,3.7563694
OTUD3,3.748901,2.2233078,0.000177611312367044,0.0008257301402704484,3.748901
KIF18B,3.7469387,1.7816327,0.0001790057659163713,0.0008314229355451113,3.7469387
XRCC3,3.7466223,1.6799715,0.00017923163956022208,0.0008322744952336084,3.7466223
GPD1L,3.7451034,1.0204345,0.00018031956835359712,0.0008369291540662212,3.7451034
RP2,3.732255,1.2994653,0.00018977319946897995,0.0008787226614313771,3.732255
PPARA,3.7295969,1.6919607,0.00019178641647431174,0.000886995177870322,3.7295969
KCTD2,3.7295969,1.8536692,0.00019178641647431174,0.000886995177870322,3.7295969
ZNF569,3.715103,1.3160006,0.0002031209581284093,0.000935436787163265,3.715103
ZNF438,3.703584,1.4390123,0.00021257486034163183,0.0009766764186816275,3.703584
GPR19,3.6998496,2.1343248,0.00021572723496371434,0.0009906947978807702,3.6998496
ALKBH8,3.6995332,1.5449817,0.00021599639324533417,0.0009916981283492959,3.6995332
SPC25,3.6985204,1.0263302,0.0002168598202622883,0.0009954287973006,3.6985204
TAF4B,3.6933305,1.2511175,0.00022133597905086267,0.0010150228352630141,3.6933305
PRDM8,3.681495,1.3275661,0.00023187031701610625,0.0010601024213484035,3.681495
CAPN10,3.6794696,1.2396755,0.00023371946972536588,0.0010680575860779916,3.6794696
ELMO1-AS1,3.6775076,3.3207943,0.00023552402552675096,0.001075801617998941,3.6775076
NPEPL1,3.6770012,1.3183006,0.00023599183513902714,0.0010776868681448037,3.6770012
IL1RAP,3.6733303,1.4472582,0.00023940962028376134,0.0010922749941041367,3.6733303
ZNF451-AS1,3.672571,2.14217,0.00024012252212604585,0.0010950168988493277,3.672571
CPEB2,3.6725075,1.1675552,0.0002401820204265941,0.0010950330325506974,3.6725075
CEP162,3.6718113,1.2759522,0.00024083741525843374,0.0010975096743775109,3.6718113
ZDBF2,3.669786,1.1760417,0.00024275357133370827,0.0011057266954976731,3.669786
DNAAF5,3.6659253,1.473846,0.00024644592381329266,0.0011217617671966762,3.6659253
MAST2,3.6549125,1.2583373,0.00025726974695204115,0.0011691255012442037,3.6549125
PBK,3.6526973,1.4807914,0.0002595001232235107,0.001178440104719809,3.6526973
MTBP,3.6376338,1.071217,0.00027515426719138935,0.001246346921389145,3.6376338
LIPE-AS1,3.6339629,1.8605576,0.00027910104612184725,0.0012633470438381464,3.6339629
GPR18,3.6316843,1.2793659,0.0002815773882714921,0.0012739667823575855,3.6316843
TMPO-AS1,3.6290894,1.5423073,0.0002844227371765333,0.0012853543004781533,3.6290894
NFIL3,3.6248488,3.2820845,0.00028913050505212975,0.0013057248379552445,3.6248488
DLG3,3.614912,1.160649,0.0003004496220823291,0.0013527837563062622,3.614912
CPNE8,3.6089625,1.6932508,0.00030742391971297643,0.0013810080947987886,3.6089625
AKAP7,3.6043422,1.1442556,0.00031294439434245843,0.0014045174102048686,3.6043422
TTC9,3.6035829,1.2264804,0.00031386070354010883,0.0014083068669738248,3.6035829
ACTR3C,3.601431,1.288698,0.00031647057181239497,0.0014193665251489673,3.601431
CEBPD,3.5961144,1.8485953,0.0003230058398261714,0.0014473501886234307,3.5961144
CCDC51,3.5928864,1.045969,0.00032703508410227575,0.0014650692595497554,3.5928864
CUBN,3.588646,1.6085289,0.00033239991700401427,0.001487400314643163,3.588646
RTN4IP1,3.5814939,1.0820844,0.0003416350452929718,0.0015255852501809383,3.5814939
SLC9A7,3.5802915,1.3185309,0.00034321123153847384,0.0015319245845677135,3.5802915
ARID3A,3.5725064,1.2593341,0.00035358068198198904,0.001576410750745856,3.5725064
DMGDH,3.5649748,2.1542215,0.0003638911632357322,0.0016194274009999564,3.5649748
ARHGAP11B,3.5623164,1.9379839,0.00036759679043390456,0.0016351748113686392,3.5623164
PM20D2,3.5619369,1.2499228,0.00036812903671729714,0.001637170225110016,3.5619369
FGGY,3.5560505,1.6096227,0.0003764715362535613,0.0016719916072196297,3.5560505
LINC00910,3.5559874,1.2681316,0.00037656219336565865,0.0016720147492124368,3.5559874
RMI1,3.555671,1.0299755,0.0003770157851011995,0.0016736490206125845,3.555671
FKTN,3.548772,2.013116,0.00038703191551740443,0.001715777191401126,3.548772
FLVCR1,3.548329,1.2426137,0.0003876835766150472,0.0017182768351536226,3.548329
C11orf65,3.5443416,2.3899546,0.0003935948416247178,0.001742897456644598,3.5443416
ATP8B1,3.5382657,1.8854676,0.00040276463576642313,0.0017814869784532929,3.5382657
PAQR4,3.534215,1.0220332,0.0004089882939482666,0.0018065649968351425,3.534215
MOB1B,3.5299745,1.23058,0.00041559985260350765,0.0018336996427836386,3.5299745
RNF103,3.52662,1.8270652,0.0004209004601369776,0.0018562497642461973,3.52662
FAM149B1,3.522949,1.2336739,0.00042677343473668044,0.0018804554314180055,3.522949
ZNF780B,3.520544,1.1007261,0.000430662638467588,0.0018958844790852108,3.520544
KIF14,3.5197845,1.0101635,0.00043189766647416903,0.001900466277842712,3.5197845
PCBP3,3.5189617,2.5568235,0.0004332393444603591,0.0019059414326439538,3.5189617
ZGRF1,3.5115564,1.1544608,0.00044549075883805635,0.001957198735730374,3.5115564
JMJD8,3.5081387,1.0431273,0.00045125364874767823,0.001980738312852079,3.5081387
MTCP1,3.4933286,3.6884975,0.00047703936703878084,0.002086434138179451,3.4933286
PRKCA-AS1,3.476556,2.1389747,0.0005078979133287849,0.0022139778053057836,3.476556
LINC01003,3.4731383,1.0992137,0.0005144100812589024,0.0022388737700342973,3.4731383
AKAP1,3.4725688,1.269023,0.0005155029799267148,0.002242632794843476,3.4725688
NIPA1,3.4681382,1.3445057,0.0005240774753057946,0.0022774035169406594,3.4681382
VPS33B,3.466556,2.1715028,0.0005271718735576837,0.002288817222493178,3.466556
UBTD2,3.4657965,2.0993314,0.0005286632248663549,0.0022947830488431304,3.4657965
CCDC9,3.4655433,1.6820483,0.0005291612150170133,0.0022964352751059917,3.4655433
LINC01303,3.4649105,3.9209628,0.0005304081035167527,0.0023008259298638476,3.4649105
PITPNM2,3.464151,1.6961327,0.0005319079836122336,0.0023063096439894055,3.464151
MED26,3.463075,1.4458582,0.00053403958008356,0.002314526357270233,3.463075
TAF4,3.4626951,1.0423194,0.0005347938067201931,0.002316768919614952,3.4626951
LRP2BP,3.4608598,1.3845862,0.0005384532475648678,0.0023315895437816627,3.4608598
FIGNL1,3.458328,1.1063998,0.0005435390458933088,0.0023525706812741135,3.458328
L2HGDH,3.4563026,1.3459833,0.0005476398681861631,0.002369271930282299,3.4563026
SLFN11,3.4448469,1.4031634,0.0005713828739763645,0.002464907424596451,3.4448469
GTF2H4,3.440733,1.3107333,0.0005801407928345894,0.0025015855077539103,3.440733
CCDC146,3.438771,1.4391662,0.0005843615178918796,0.0025192302670430274,3.438771
MTMR8,3.4378216,1.6243037,0.0005864140512633824,0.0025264091050466457,3.4378216
ZCCHC14,3.4315557,2.9418945,0.0006001300004727032,0.002581522059628458,3.4315557
KIF4A,3.4311125,1.0495057,0.0006011110306839168,0.00258517376888415,3.4311125
SBF2,3.430733,1.0684929,0.0006019531014933889,0.002588226387612093,3.430733
NOMO1,3.4238973,1.4428512,0.0006172993714882668,0.002648391602999869,3.4238973
GGPS1,3.4197834,1.3174262,0.0006267102263926311,0.0026840590304335753,3.4197834
DDX20,3.4167454,1.0140486,0.0006337452719244761,0.0027130009803146247,3.4167454
CABLES2,3.4153528,2.4290748,0.0006369941576704052,0.002725716526852064,3.4153528
ZNF682,3.405416,1.0314695,0.000660633039324219,0.002822547448361641,3.405416
SPDYE2,3.3997831,2.2047412,0.0006743931362208517,0.002876313184300267,3.3997831
CCDC77,3.392125,1.1603445,0.0006935283286667708,0.002952776835368009,3.392125
URGCP,3.3915553,1.2210629,0.0006949715822462262,0.0029582779902967487,3.3915553
PUS7,3.3914287,1.3754632,0.0006952926841076553,0.0029590011401954327,3.3914287
ZNF736,3.3909223,1.0202899,0.0006965784708781483,0.0029638285536298338,3.3909223
KLF7,3.3896565,1.2633594,0.0006998026120214406,0.0029768994591381627,3.3896565
SPICE1,3.3850994,1.1210585,0.0007115247025442068,0.003022821402384941,3.3850994
ZNF565,3.384593,1.879499,0.0007128383586091018,0.0030270878908990675,3.384593
ELOA-AS1,3.3799727,1.4118917,0.0007249299993576848,0.003077099832414572,3.3799727
LHFPL5,3.379403,3.0163965,0.0007264338725298179,0.0030828145776758786,3.379403
C8orf82,3.376745,1.7488015,0.0007334903442907173,0.003111411024730275,3.376745
DPY19L1,3.366112,1.4630896,0.0007623577373511888,0.003226869176830643,3.366112
DMWD,3.358327,1.6654733,0.0007841578512886057,0.0033155576564424024,3.358327
PIK3R2,3.3564916,5.272761,0.0007893813289420691,0.0033340414083182406,3.3564916
ZNF700,3.3540864,1.2884827,0.0007962747752051468,0.00336025551028991,3.3540864
TGFBR1,3.3439598,1.1662209,0.0008259171292322184,0.0034733604953397913,3.3439598
ZNF765,3.33877,1.0553697,0.0008415025504155727,0.0035320724810235793,3.33877
ZNF337,3.3378837,1.3176233,0.0008441905826632313,0.0035410763818979874,3.3378837
UBE2E2,3.3369977,2.5158167,0.0008468865769378901,0.003549341730032262,3.3369977
ZNF589,3.3340862,2.2135425,0.0008558011695973316,0.0035859351791607246,3.3340862
B3GALNT2,3.3334534,1.4395535,0.0008577506042865758,0.0035933341521472307,3.3334534
ARMC9,3.332947,1.8621511,0.0008593131160892407,0.003598339194443454,3.332947
IPPK,3.3204153,1.1744921,0.0008988365587686909,0.0037525994841019292,3.3204153
ZNF282,3.3200355,1.0762982,0.0009000601327173754,0.003756906287758874,3.3200355
GTF2H2,3.3148456,1.0094,0.0009169377683046636,0.00382246234558706,3.3148456
MSANTD3,3.3133266,1.2157196,0.0009219327629352057,0.0038416482762172284,3.3133266
LINC02100,3.311934,2.8299477,0.0009265336452860705,0.0038583550480863647,3.311934
MXRA7,3.3107948,1.799091,0.0009303138175641445,0.0038724485815986344,3.3107948
FARP2,3.2915542,1.2130266,0.0009963543369811087,0.004130648658060664,3.2915542
RPS6KA2,3.2883263,2.0940676,0.0010078496717857155,0.004176535869865074,3.2883263
USP13,3.284149,1.1584579,0.001022908247389225,0.004235350948986956,3.284149
ST6GALNAC3,3.2807946,4.084377,0.0010351512027134302,0.004282418337145117,3.2807946
LINC01964,3.2769337,25.827385,0.0010494099358025865,0.0043359065928600116,3.2769337
ZFAT,3.2703514,1.9650348,0.0010741396441915256,0.004431533746055191,3.2703514
BRMS1L,3.2695286,2.1854851,0.0010772684785319189,0.004443505393742114,3.2695286
DAB1,3.265035,1.90803,0.001094505986614061,0.004510803105742196,3.265035
NCF2,3.2640855,1.0921873,0.001098180198360866,0.0045240400255843,3.2640855
WDR62,3.2604146,1.4376948,0.0011124947331401353,0.004576265910886309,3.2604146
SLC45A4,3.2589588,1.8467528,0.0011182188082361462,0.004597878890431794,3.2589588
ZNF814,3.258579,1.5070984,0.0011197165171321856,0.004603069917487943,3.258579
NPIPB4,3.2566803,1.0512704,0.0011272329205053446,0.004629106776169692,3.2566803
PELI2,3.2527564,1.7069398,0.0011429148578865574,0.004688586570046993,3.2527564
ZNF286A,3.25206,1.0718726,0.0011457181114068492,0.004698116513832612,3.25206
LYL1,3.2516804,1.3779105,0.0011472498361167548,0.0047034118569312085,3.2516804
ABL2,3.2507942,1.5260053,0.001150831224154196,0.00471611840717263,3.2507942
D2HGDH,3.2502878,1.0070655,0.0011528823682804214,0.004723534795333184,3.2502878
KANTR,3.2465537,1.1205312,0.001168114222291337,0.004778937717289752,3.2465537
MANEA-DT,3.2463005,1.0067234,0.001169153592176664,0.004782190111144014,3.2463005
FEM1C,3.2418067,1.3521065,0.0011877452048427428,0.004853163117219209,3.2418067
POMK,3.2412372,1.4006267,0.001190121296648779,0.0048618566874370165,3.2412372
UFL1-AS1,3.2401612,5.3044643,0.0011946214564216415,0.004879222011951301,3.2401612
TET1,3.234085,1.4588175,0.0012203305348900593,0.004977992058938644,3.234085
CNNM3-DT,3.227756,4.4192724,0.0012476534759901221,0.005082032310194569,3.227756
CDKL1,3.2248445,1.5265234,0.0012604107627486707,0.005129725001136853,3.2248445
VCAN,3.2202244,2.2234023,0.0012809034561224648,0.0052066304174084735,3.2202244
MIR222HG,3.2194014,2.1883323,0.0012845849433699632,0.005220510523751493,3.2194014
DBT,3.214338,1.0834638,0.0013074560779059747,0.005307946168561019,3.214338
CNBD2,3.212566,1.1191937,0.0013155493520714764,0.005336374320343004,3.212566
KIF9-AS1,3.2081356,1.4030732,0.001335985219330431,0.0054125380480037006,3.2081356
LINC00402,3.208009,1.028157,0.001336573381891428,0.0054138000283277705,3.208009
PACRGL,3.2011735,1.6838642,0.0013686912200563612,0.005533584668194809,3.2011735
MLH3,3.195667,1.5378389,0.0013950799870253538,0.005630966416277253,3.195667
SLC27A2,3.190857,1.1191847,0.0014185153449957663,0.005720838472975506,3.190857
ANKRD33B,3.1907935,3.3553271,0.0014188261100406632,0.005720912697563507,3.1907935
IPO4,3.1897175,2.2070086,0.001424118728287454,0.005741070308019963,3.1897175
TUBD1,3.1792746,1.0135504,0.0014764421527713946,0.005937324300335111,3.1792746
NOCT,3.1781352,1.3441852,0.0014822560706922445,0.005957031585809374,3.1781352
ZCCHC4,3.176553,1.1980258,0.0014903659564476067,0.005985936173186939,3.176553
APH1B,3.1761098,1.0290606,0.0014926440394845847,0.005993855646344008,3.1761098
CD302,3.1758568,2.9527996,0.0014939472412256057,0.0059978579434350945,3.1758568
ZNF235,3.1737049,1.3973927,0.0015050668548640368,0.006036308304156481,3.1737049
IGLC2,3.1702871,2.4932365,0.0015228842298197378,0.006100265836051715,3.1702871
RHOQ,3.1702237,1.9987828,0.0015232160059214864,0.006100346050730995,3.1702237
RRAS,3.1673124,1.5919216,0.001538549872065849,0.006159235658057392,3.1673124
PKD2L2,3.1667428,2.4078982,0.0015415665547254289,0.0061700499780869686,3.1667428
SLC14A1,3.1644642,1.2201183,0.0015536878397807983,0.006216022009574864,3.1644642
GATAD1,3.1552868,1.0621561,0.0016034036636494507,0.00640314344699846,3.1552868
SDCBP2-AS1,3.1506033,1.2469938,0.0016293364128718755,0.006500072360260318,3.1506033
FDX2,3.1454766,2.0305517,0.0016581643742055673,0.0066069966349937975,3.1454766
PACS2,3.1416159,1.1028899,0.0016801833049991028,0.006689283196789917,3.1416159
ANO10,3.1402867,1.1709077,0.00168782561801045,0.006716976142613074,3.1402867
DBF4B,3.1317422,1.1536126,0.0017377232133282917,0.006901515696855696,3.1317422
PDIK1L,3.1276283,1.2615458,0.0017622286012112024,0.0069917455937755085,3.1276283
BAHD1,3.1238942,1.186144,0.0017847466138394003,0.007071051172222998,3.1238942
MIR4422HG,3.1216156,2.9439592,0.0017986160348634247,0.0071245584150217605,3.1216156
IFT74,3.119527,1.2227864,0.0018114166236785996,0.007170908454813441,3.119527
ANGPT2,3.1066787,2.940516,0.001892018801825394,0.0074688367791243306,3.1066787
KDM1B,3.1033242,1.0986606,0.0019135982935477283,0.007544890471114638,3.1033242
PINK1,3.0901597,1.8713071,0.0020004897274102525,0.007870040809401653,3.0901597
ERLIN1,3.0834506,1.5401654,0.0020461503746092486,0.008036746393085863,3.0834506
KCNMB4,3.069653,3.5279348,0.0021430757377769926,0.008393856292397956,3.069653
YPEL1,3.0693998,1.2339312,0.0021448928757264595,0.008399292333843377,3.0693998
SLC35A5,3.0570579,1.2113848,0.002235210418363179,0.008730258975355426,3.0570579
ZBTB41,3.0502224,1.3812995,0.0022867192264268963,0.008917202435775509,3.0502224
MAPKBP1,3.0439565,1.1375291,0.002334888475256892,0.009092357748025245,3.0439565
MSH5,3.0428174,1.0707569,0.002343745712030481,0.00912503304675934,3.0428174
MAFG,3.040349,1.3756771,0.0023630420331272467,0.009191016995474848,3.040349
GSTCD,3.0382602,1.6160854,0.002379483184902329,0.009247612107679996,3.0382602
NFXL1,3.0375009,1.0440266,0.0023854877041354573,0.009269107107728878,3.0375009
C1S,3.0354755,2.8711717,0.0024015676337650893,0.009324181638395887,3.0354755
EVA1B,3.0333235,1.645614,0.0024187612231933763,0.009389073520223763,3.0333235
ANKRD46,3.0300324,1.0319029,0.0024452753180909167,0.00948446926152687,3.0300324
MCPH1-AS1,3.0294628,2.2901735,0.0024498912059549775,0.009500489718217797,3.0294628
COG8,3.0288298,1.3894045,0.002455029321053791,0.009516642978284584,3.0288298
TSHR,3.027564,1.3282113,0.0024653351457648628,0.009549025758576175,3.027564
FOSL2,3.026931,1.0132027,0.002470502889105742,0.009567148334458968,3.026931
RCAN1,3.0202222,2.5939934,0.0025258935663123264,0.009777781465004865,3.0202222
NADK2,3.0172474,1.2720062,0.002550815179616782,0.009870348316144193,3.0172474
CASTOR2,3.012564,3.803369,0.00259050954298749,0.01001206611439447,3.012564
SNN,3.0101588,1.2944987,0.0026111118773641793,0.010079746935541973,3.0101588
TSNARE1,3.009336,1.4239389,0.0026181943616003993,0.010103101413487796,3.009336
MED18,3.007627,1.0078428,0.0026329602847211682,0.010156074679957387,3.007627
RAP2C-AS1,3.007627,2.0680249,0.0026329602847211682,0.010156074679957387,3.007627
DVL3,3.0033233,1.0531821,0.0026704864397177055,0.010290681105237507,3.0033233
C11orf71,2.9985764,1.3577532,0.0027124419808568973,0.010440020590363449,2.9985764
RUFY3,2.989589,1.6190436,0.002793531455913127,0.010726809954730781,2.989589
DIAPH2-AS1,2.9875002,4.158212,0.002812690489108877,0.010794023826413514,2.9875002
ACTA2,2.9785128,1.3331915,0.0028965090333443132,0.011080916669497854,2.9785128
ZNF420,2.972943,1.127759,0.0029495907793041717,0.011275169441184613,2.972943
KANSL1L,2.9717407,2.0676656,0.002961167497179183,0.011317212028281691,2.9717407
IMPA2,2.965095,1.4849659,0.00302589507294205,0.011535303874406787,2.965095
MOSPD2,2.9645886,1.2075642,0.0030308792228145027,0.0115520538823596,2.9645886
ZCWPW2,2.961614,2.2224739,0.003060312636926464,0.011657426061782567,2.961614
WIPI1,2.9478796,1.2594261,0.0031996166366454076,0.01214786541441159,2.9478796
WDR47,2.9412973,1.055843,0.0032684073629811764,0.012389809236500514,2.9412973
RNF43,2.9368668,2.524501,0.003315464595420751,0.012551172606537677,2.9368668
NAGLU,2.9331326,2.9942465,0.003355605460634676,0.012685952019648249,2.9331326
PDE5A,2.9311073,1.7662493,0.003377561411906094,0.012761560476574329,2.9311073
SH3PXD2A,2.928639,1.3932908,0.0034044970471098866,0.01285092558214627,2.928639
CCDC85C,2.9262338,1.2114764,0.003430929985703968,0.0129407166461556,2.9262338
OR2A1-AS1,2.920664,1.2202448,0.0034928618213580526,0.01315655825222991,2.920664
TNIP3,2.91693,1.7340698,0.003534952171966745,0.013307415179116057,2.91693
ZHX3,2.9114234,1.2714381,0.003597859919958539,0.013523419691461524,2.9114234
SAP30L-AS1,2.9055374,2.4161966,0.0036662307113621544,0.013772471215191906,2.9055374
MYH10,2.899841,1.5569942,0.0037335187158548644,0.014017170804268609,2.899841
SPATA1,2.8872461,1.5003135,0.003886302085856966,0.01454891127148443,2.8872461
ADAM9,2.8838916,2.0356944,0.003927939801028201,0.014682316337444094,2.8838916
MZF1-AS1,2.870094,1.2116296,0.004103498558965287,0.015291803428267518,2.870094
CNNM4,2.8658533,1.7977923,0.00415886790966341,0.015483395596707307,2.8658533
HAUS7,2.8604102,2.058014,0.004230932215303076,0.015742704238267846,2.8604102
ZNF782,2.8376253,1.4403399,0.004545051090919087,0.016828298911467303,2.8376253
FAN1,2.831929,2.5888653,0.004626812323353941,0.017108364237224095,2.831929
TNFRSF10B,2.8306632,1.0329123,0.004645161389848601,0.017169723852768687,2.8306632
NRIP1,2.8244605,1.2404958,0.004736027795024375,0.017462708101194074,2.8244605
OXSM,2.8227518,1.1659927,0.004761343542871815,0.017549438773199408,2.8227518
EEF1AKMT4,2.8218024,1.3248636,0.004775460708055812,0.01759484374604333,2.8218024
STK3,2.8201568,1.1904951,0.004800020222153241,0.0176753473291484,2.8201568
CDC25A,2.8108528,1.3054843,0.004941038387621921,0.01815022323427553,2.8108528
GCC2-AS1,2.7969918,2.4251688,0.0051580825914306384,0.018894301787554236,2.7969918
FAM169A,2.796802,1.4632311,0.005161114707201246,0.018901870220945905,2.796802
NKRF,2.7966123,1.0854722,0.005164148433586467,0.018909441719389967,2.7966123
LINC02422,2.7949665,2.8663716,0.005190508306984025,0.018991747672225764,2.7949665
SEC31B,2.7940805,1.0547729,0.005204752386709881,0.019036746673483915,2.7940805
LINC00987,2.7916121,2.5732472,0.005244618746029085,0.019178975821771096,2.7916121
PEX7,2.7912955,1.1331482,0.005249749718759122,0.019194152185478045,2.7912955
MLYCD,2.7783208,1.1583999,0.005464064011463485,0.01993675267132528,2.7783208
MYO1E,2.772308,2.711474,0.0055660327713253814,0.0202898899532964,2.772308
CCDC125,2.7686372,1.205846,0.00562912843991672,0.020500797564170926,2.7686372
NSMF,2.767751,1.3233385,0.005644454778944445,0.020552789563525287,2.767751
EP300-AS1,2.7642066,6.24292,0.005706137273083989,0.020750361300819083,2.7642066
AGAP1,2.7600927,2.9988527,0.005778494907533602,0.02099788084505432,2.7600927
MAK16,2.7567384,1.0938745,0.00583810539545466,0.021186952221486793,2.7567384
VPS9D1,2.756232,2.3218188,0.005847151200448137,0.02121584548310201,2.756232
CDC37L1-DT,2.7558522,1.7481167,0.005853943843706795,0.021236554159001587,2.7558522
MICALL1,2.7509787,1.4209225,0.005941749698160125,0.02152715387772585,2.7509787
SNX16,2.7474344,1.4570111,0.006006352086110898,0.02174912983364509,2.7474344
KIAA1958,2.742814,2.0014381,0.006091515874137921,0.022033046695957643,2.742814
CDKL3,2.7325609,1.148565,0.006284406458221821,0.022663705413653628,2.7325609
FRAT1,2.7259784,1.8613037,0.006411117694746694,0.0230696489611628,2.7259784
PINX1,2.7250924,1.0792712,0.006428349390792253,0.02312315089687919,2.7250924
RASGRF2,2.7240798,1.2477196,0.006448093773849238,0.023185648468703034,2.7240798
LYN,2.7164848,2.3204174,0.006597924191772274,0.02368522850570535,2.7164848
TMTC3,2.7159784,1.1159079,0.006608023322671704,0.023712782024214174,2.7159784
CNKSR2,2.7093961,1.1783495,0.006740582757639894,0.024139773682558097,2.7093961
EOMES,2.7070541,1.9670604,0.006788316681899929,0.02427961630989176,2.7070541
DNHD1,2.7069275,2.0710893,0.006790905527013273,0.024284437016190742,2.7069275
ZDHHC8,2.7026238,1.6525257,0.006879455882465745,0.024587615106500402,2.7026238
KLHL15,2.7016745,1.2325071,0.00689912815539457,0.024648920895519618,2.7016745
DDX31,2.6934464,1.1006122,0.007071749528888772,0.025247216708866174,2.6934464
MAP3K9,2.6909149,1.1423162,0.007125638586602796,0.025421056675048955,2.6909149
PPP1R13B,2.6858516,1.6075974,0.007234523989570664,0.02579070239167767,2.6858516
DSE,2.67275,1.1441476,0.007523227814581961,0.026737108949462372,2.67275
LINC01284,2.671421,5.817076,0.007553086240751011,0.026833477044120514,2.671421
DPY19L4,2.669016,1.5254182,0.00760738596571934,0.02699208133766021,2.669016
CCDC150,2.6689525,1.5395198,0.007608819619564617,0.02699227380631625,2.6689525
USP12-AS1,2.6657248,2.7796843,0.007682257897730354,0.02722811493258243,2.6657248
MATR3,2.6600916,2.1030834,0.0078119377931354225,0.027652677050664605,2.6600916
QPRT,2.6506612,2.5955122,0.008033437509272622,0.028370024396579437,2.6506612
EFCAB5,2.6492054,1.0672458,0.008068125237915193,0.028477105818096052,2.6492054
TWSG1,2.6483827,1.2095064,0.008087790604697179,0.028541368179028748,2.6483827
PRC1-AS1,2.645598,25.156696,0.008154669096465544,0.028751453131466265,2.645598
RTEL1,2.6431928,1.7116264,0.008212825670476029,0.0289408558832838,2.6431928
DDIAS,2.6403446,1.2988887,0.008282175117864984,0.029158978536592658,2.6403446
MAGI3,2.6353445,1.0788385,0.008405190151486892,0.029544235833356476,2.6353445
C12orf42,2.6249015,1.7758077,0.008667404803441695,0.030384051808267126,2.6249015
CFAP44,2.6210406,1.5218035,0.008766180698916036,0.030686337015454205,2.6210406
MORC4,2.6158507,1.4048458,0.008900545912510816,0.03110660518235607,2.6158507
GCNT2,2.6143317,1.449753,0.008940218799240793,0.03122852578785145,2.6143317
GFI1,2.614142,1.3515085,0.00894518899873231,0.03124031024936531,2.614142
TRIO,2.609205,2.3065376,0.009075283387562954,0.03164946450326713,2.609205
FUT10,2.6090152,1.1811299,0.00908032058105588,0.03165574792982388,2.6090152
SULF2,2.5999012,2.6762445,0.009325060654805548,0.03243960655879733,2.5999012
TTC39C-AS1,2.594458,1.0587766,0.009474016215417418,0.03288762627342346,2.594458
KIAA0930,2.579901,1.2279603,0.009882864961476594,0.034246130966207544,2.579901
BRPF3,2.5792048,1.2171497,0.00990280667205219,0.034303083901348425,2.5792048
SLC16A6,2.5783186,2.9082432,0.009928238874115054,0.0343729260949546,2.5783186
DIRC3,2.5711033,2.7990174,0.010137505013889277,0.035023075231600524,2.5711033
CFLAR-AS1,2.5699008,2.7482321,0.010172761987925992,0.03512627608606596,2.5699008
CD109,2.5699008,1.2075148,0.010172761987925992,0.03512627608606596,2.5699008
CDC25C,2.5680022,1.2378457,0.010228653191403606,0.03530680642959706,2.5680022
GRAMD4,2.5679388,1.585112,0.010230520930208181,0.03530702531963204,2.5679388
ZNF587B,2.5642679,2.5642684,0.010339370581685454,0.03565124291496404,2.5642679
FXR2,2.5554702,1.0529453,0.010604439950553275,0.036507333031742875,2.5554702
IGSF9B,2.5547109,1.7059518,0.010627604602705032,0.03658064500716483,2.5547109
DNM3,2.5539513,3.287725,0.010650814245034702,0.03665408602652815,2.5539513
COQ3,2.5453436,1.010172,0.010917024220073854,0.03749768824616556,2.5453436
G2E3-AS1,2.5448372,4.5528264,0.01093286620196406,0.03752575440098803,2.5448372
MREG,2.5405335,1.2048594,0.011068350004915049,0.03797080520620225,2.5405335
CTNND1,2.5374322,1.714797,0.011166900619956522,0.03827533917171295,2.5374322
CCR5,2.5363562,1.3171852,0.011201273305161552,0.03838643012879181,2.5363562
S100A12,2.5328119,2.6578033,0.011315166495090616,0.03872925974740828,2.5328119
ERCC6L,2.5328119,2.35816,0.011315166495090616,0.03872925974740828,2.5328119
TSPAN18,2.5320523,1.2332592,0.011339705533154732,0.03879967789347295,2.5320523
ADAP1,2.5280018,2.3725553,0.011471380046322633,0.03921592675514348,2.5280018
TCFL5,2.5171156,2.6342716,0.011832003627810702,0.040328975263717086,2.5171156
PUS10,2.5147104,1.1001772,0.011913019340832054,0.04057684290015694,2.5147104
SS18L1,2.5138242,1.107366,0.01194299099228476,0.04066477253123859,2.5138242
ZNF461,2.5066724,1.6326473,0.01218736269484685,0.04141756047460284,2.5066724
MNDA,2.502052,2.6509967,0.01234757723565365,0.04191108262745371,2.502052
PER2,2.500343,1.6861453,0.012407305625342802,0.04209191339748751,2.500343
ST8SIA6,2.4986343,1.3573871,0.01246728976747358,0.042273423352958424,2.4986343
TJP2,2.4947734,2.3133042,0.012603755922826367,0.04272134001348803,2.4947734
CAB39L,2.4885075,1.325461,0.012828049711344386,0.04339140479716282,2.4885075
PRTFDC1,2.488381,1.5392684,0.012832617066638238,0.04339185255918041,2.488381
MBNL1-AS1,2.4796467,1.5020897,0.013151260374298548,0.04440025241619634,2.4796467
HMGA1P4,2.46952,2.3175926,0.013529443631162458,0.04559837288573665,2.46952
GSDMB,2.468824,1.4500705,0.01355579328125796,0.0456714467850647,2.468824
DGKQ,2.4666085,1.1501268,0.013639934962989977,0.04593120759865563,2.4666085
MSANTD4,2.4631908,1.4901915,0.01377065864547453,0.04636342883252677,2.4631908
MAN1C1,2.4609125,1.3628346,0.013858421261208459,0.04664285986228536,2.4609125
AGAP6,2.458887,2.2088733,0.013936846686797427,0.04686650901654099,2.458887
RHOU,2.4555326,1.7238383,0.01406760085242332,0.04728182986606313,2.4555326
ARRDC3-AS1,2.4525578,1.3241718,0.014184457178261181,0.0476500357191785,2.4525578
HECW2,2.450659,2.1730735,0.014259493385894802,0.04788566441997417,2.450659
MED12L,2.4466083,3.8467412,0.014420742029322232,0.048352481156575984,2.4466083
GNB4,2.4429374,1.4335328,0.014568260454300293,0.04879693950183981,2.4429374
NCEH1,2.4427476,2.51675,0.014575926777311109,0.04880590951033946,2.4427476
SIAH2-AS1,2.43914,3.3493316,0.014722264236310892,0.049245344713868634,2.43914
PSKH1,2.43914,1.0380082,0.014722264236310892,0.049245344713868634,2.43914
NBPF10,-2.4331272,-1.7183257,0.014969038866388435,0.04999388164148983,-2.4331272
NR1D1,-2.447811,-1.6617228,0.014372704319419146,0.048224464698627206,-2.447811
LINC02503,-2.5421157,-4.8794165,0.011018367369010304,0.037805963997333616,-2.5421157
RGPD4-AS1,-2.567116,-25.775948,0.010254829176357788,0.035372201185081824,-2.567116
NBPF14,-2.6124964,-1.3256608,0.008988367539167442,0.03137990651318974,-2.6124964
NRROS,-2.6280026,-1.04229,0.008588781982820166,0.030135428696400395,-2.6280026
CELF4,-2.6329396,-25.897501,0.008464941995800872,0.02974891971512778,-2.6329396
FRK,-2.6425598,-6.391985,0.008228191592567557,0.028979347207228577,-2.6425598
MIPOL1,-2.7371812,-7.839496,0.006196816162097151,0.02238495452462932,-2.7371812
CRIP2,-2.7467382,-1.4499396,0.006019115955623354,0.02179131563730579,-2.7467382
DCUN1D3,-2.8050933,-2.7076876,0.005030202391463788,0.01846735467094998,-2.8050933
EYA1,-2.83041,-25.943789,0.004648839100396426,0.017180072429944713,-2.83041
SIX3,-2.836739,-4.3065457,0.00455768293323806,0.016871876586757917,-2.836739
PRMT5-AS1,-2.9135754,-3.8472376,0.0035731550579440174,0.013443472058036633,-2.9135754
TRPT1,-3.0735772,-1.0035837,0.0021150900050351503,0.008299194148491642,-3.0735772
TRAV8-3,-3.1211092,-2.3976738,0.001801711550547365,0.0071339319346642735,-3.1211092
GPR25,-3.179148,-1.4056302,0.0014770871043768832,0.005938697443691566,-3.179148
NEUROD1,-3.2253509,-26.251394,0.0012581834883661415,0.005121725504545175,-3.2253509
SPTLC3,-3.2720602,-5.732015,0.0010676681376899256,0.004406692705825029,-3.2720602
LRRK1,-3.341871,-3.6338227,0.0008321568298650446,0.0034980977114498803,-3.341871
ARMCX6,-3.4251633,-1.2718395,0.0006144302842764549,0.0026378174205181374,-3.4251633
TACC2,-3.463518,-5.4559298,0.0005331609017356359,0.0023112300676036606,-3.463518
TRMT1,-3.6385832,-1.0390793,0.00027414209504415403,0.00124204966793795,-3.6385832
FBXO15,-3.6632037,-4.092437,0.00024908031543812803,0.0011329622530202904,-3.6632037
TRBV20-1,-3.674343,-2.0697966,0.0002384621731802135,0.001088459949799491,-3.674343
COL8A1,-3.6861153,-26.360363,0.00022770319758962402,0.0010427559490834924,-3.6861153
MIIP,-3.7154195,-1.0257504,0.00020286689697496184,0.0009344866855004834,-3.7154195
ADD2,-3.7737112,-5.7678013,0.00016083694006506014,0.0007518531397976819,-3.7737112
MSR1,-3.8144078,-5.842217,0.00013650987047038608,0.0006428941384752141,-3.8144078
OR2M3,-3.8177624,-26.380552,0.00013466757870889888,0.0006349819711266827,-3.8177624
PMS2,-3.8376992,-1.2016366,0.0001241924684354223,0.000588283278224242,-3.8376992
DPP6,-3.9466245,-4.702217,7.926073636091996e-05,0.0003854309366576744,-3.9466245
RIN2,-4.0012455,-3.6632702,6.301000206786803e-05,0.0003111228161655417,-4.0012455
STAG3,-4.023524,-1.5740947,5.733374038847741e-05,0.00028460340738755097,-4.023524
NBPF9,-4.0387774,-1.8543814,5.373054294521402e-05,0.0002675316194279766,-4.0387774
CHST5,-4.1866903,-8.371406,2.830516344817948e-05,0.00014564171400314912,-4.1866903
IKBKG,-4.2190323,-1.0734671,2.453530056956185e-05,0.00012751839616074006,-4.2190323
PSPH,-4.3649836,-1.8546718,1.2713244976756307e-05,6.849470751794257e-05,-4.3649836
CCR6,-4.56296,-1.6019448,5.043739460945069e-06,2.8450819767014443e-05,-4.56296
NCF1,-4.71062,-1.5654672,2.469644077275934e-06,1.4455876549247823e-05,-4.71062
GPR85,-4.739291,-26.82169,2.1446717767832934e-06,1.2621635286645259e-05,-4.739291
SLC35A4,-4.979863,-1.3469751,6.362919409286755e-07,3.977942715684448e-06,-4.979863
ARHGEF26,-4.998661,-4.45426,5.772979615233751e-07,3.627670684357548e-06,-4.998661
TRBJ2-3,-5.1442323,-4.833138,2.6861717598874596e-07,1.7451198206333936e-06,-5.1442323
PRRT2,-5.282715,-5.626023,1.2728355955724718e-07,8.526821956234895e-07,-5.282715
INTU,-5.3726525,-8.597886,7.75868367364291e-08,5.315893631857298e-07,-5.3726525
STN1,-5.392146,-1.2483834,6.962108259946155e-08,4.79361486385033e-07,-5.392146
TMBIM1,-5.4553113,-1.0560689,4.8887084843058675e-08,3.412852216228941e-07,-5.4553113
OLMALINC,-5.4629064,-2.972528,4.6840145522073744e-08,3.2746265365342587e-07,-5.4629064
MCMDC2,-5.5793,-4.262047,2.414882857013765e-08,1.7334713039635125e-07,-5.5793
LINC01873,-5.66082,-27.21795,1.5065141450958665e-08,1.1020362164948005e-07,-5.66082
TTC7B,-5.688415,-4.217764,1.2822376158944602e-08,9.464664529544624e-08,-5.688415
PRRG3,-5.792467,-27.080935,6.935998263984829e-09,5.228182358615375e-08,-5.792467
GET4,-5.90481,-1.5935609,3.53053594143866e-09,2.7414891786536388e-08,-5.90481
SDC3,-6.03152,-9.695195,1.6242449204505473e-09,1.3068760116519865e-08,-6.03152
ERVMER34-1,-6.2532315,-27.32615,4.0204586566495525e-10,3.414500567240303e-09,-6.2532315
SSH1,-6.2793074,-1.5692121,3.400841976722688e-10,2.9060120436903736e-09,-6.2793074
MYO10,-6.400828,-7.7573533,1.5453671792879133e-10,1.3578691048184053e-09,-6.400828
PTP4A1,-6.771338,-5.7097282,1.2759664654545068e-11,1.2161769019003307e-10,-6.771338
NBPF19,-6.793617,-2.7116888,1.0935656668461015e-11,1.049994748225933e-10,-6.793617
IFITM3,-6.883048,-1.753094,5.858518958910968e-12,5.7607788436165743e-11,-6.883048
HLA-DRB5,-7.0303917,-1.546799,2.0595474528966146e-12,2.1067027997010432e-11,-7.0303917
IMPDH2,-7.109506,-1.0394154,1.1645876492552134e-12,1.2108741296825726e-11,-7.109506
KCNQ1OT1,-7.1826715,-3.2986984,6.836214234827002e-13,7.230308161711198e-12,-7.1826715
DAAM1,-7.6871705,-1.3170565,1.504243543107043e-14,1.8014098929937955e-13,-7.6871705
CHTF8,-8.035972,-1.7565956,9.284000865577877e-16,1.1912742881155927e-14,-8.035972
NME2,-9.286618,-1.0867633,1.5926835089468066e-20,2.707700339102616e-19,-9.286618
CAST,-10.13283,-1.1447488,3.950482541739504e-24,8.180216124524721e-23,-10.13283
WASHC1,-10.147513,-2.3993638,3.399136058259829e-24,7.09107616077061e-23,-10.147513
AMFR,-10.38644,-2.1076915,2.858228832076467e-25,6.2282652323020376e-24,-10.38644
OVCA2,-10.590113,-2.2436552,3.3119136782954235e-26,7.527006603587091e-25,-10.590113
PTPRCAP,-10.718469,-1.3808466,8.337198189275586e-27,1.942170168663627e-25,-10.718469
ZYX,-10.730937,-1.0455317,7.285333201240259e-27,1.7052559818405428e-25,-10.730937
SCYL3,-10.898977,-2.2546177,1.1656014651288885e-27,2.8582067004564026e-26,-10.898977
AXL,-10.929483,-8.258559,8.332100673268882e-28,2.0612205559358468e-26,-10.929483
USHBP1,-11.293792,-4.0277505,1.4082779039037047e-29,3.7905339784852397e-28,-11.293792
CDC42,-11.429869,-1.0997927,2.9655611159833375e-30,8.254637257121188e-29,-11.429869
ATP6V0C,-11.48278,-1.2466065,1.610168665629846e-30,4.5531474637348017e-29,-11.48278
ZNF688,-12.178675,-2.220635,4.03791393053722e-34,1.3576271442053664e-32,-12.178675
MT-ND6,-12.605135,-1.356299,1.9783445022488074e-36,7.276737823309146e-35,-12.605135
MIF,-13.441219,-1.2103628,3.4667573663919286e-41,1.6113422362365144e-39,-13.441219
MT-ATP8,-13.529955,-1.5065657,1.0408782769248692e-41,4.955694920405313e-40,-13.529955
ALDOA,-13.771033,-1.7301162,3.8072896115224775e-43,1.9300788372609283e-41,-13.771033
PDGFA,-13.896478,-8.009442,6.653613805543621e-44,3.453525595407893e-42,-13.896478
PYURF,-14.117745,-1.7526296,2.9528681576070564e-45,1.636876037055379e-43,-14.117745
PPDPF,-14.147493,-1.0566471,1.935348613366622e-45,1.0851261222452168e-43,-14.147493
SKP1,-14.393065,-1.1977699,5.720345336273547e-47,3.4655020910278876e-45,-14.393065
IFITM1,-14.423319,-1.9359169,3.691567395595904e-47,2.264469930941086e-45,-14.423319
CLDN11,-15.073579,-29.52707,2.4166038204326133e-51,1.757922065361538e-49,-15.073579
TNFSF13B,-16.447012,-3.9520938,8.811033363791486e-61,9.525651981363084e-59,-16.447012
CD99,-16.641317,-1.9791318,3.49838370060568e-62,4.026845426673644e-60,-16.641317
FGF23,-17.640696,-30.329922,1.1997673349929441e-69,2.0593901062405202e-67,-17.640696
SLC25A6,-18.895329,-2.1851337,1.2460974594130912e-79,3.386615984138246e-77,-18.895329
PCBP2,-21.559408,-1.4229866,4.321034259122407e-103,4.026380875357489e-100,-21.559408
MT-ND1,-22.309605,-1.3296154,2.981140008337423e-110,3.888996512209779e-107,-22.309605
MT-ND5,-22.585812,-1.6486759,5.975243329084945e-113,9.743630121961184e-110,-22.585812
MT-CO2,-23.154362,-1.1175753,1.3138833418800996e-118,2.337279021264526e-115,-23.154362
MT-ND4L,-26.192495,-3.8612566,3.235669159694108e-151,3.165778705844715e-147,-26.192495
RPL41,-29.014614,-2.1136072,4.304073005241554e-185,8.422210056656672e-181,-29.014614
