names,scores,logfoldchanges,pvals,pvals_adj
RPS2,136.90964,1.7402353,0.0,0.0
CD81,134.2269,3.0843983,0.0,0.0
KLF2,131.12727,2.6480412,0.0,0.0
LINC00987,119.99626,5.2256193,0.0,0.0
EEF1G,106.55047,2.0323179,0.0,0.0
NDUFB8,105.725945,2.6000035,0.0,0.0
JUND,105.39298,2.2928014,0.0,0.0
ATP5PO,98.930725,2.5377665,0.0,0.0
U2AF1,98.820145,3.4103806,0.0,0.0
RPS10,98.4751,2.4143705,0.0,0.0
IL2RG,95.41742,1.9415783,0.0,0.0
ABHD17A,95.173485,2.0635548,0.0,0.0
TAF10,94.36899,2.4752061,0.0,0.0
MZT2B,93.78554,2.0396466,0.0,0.0
APOO,93.41103,4.093156,0.0,0.0
GNAS,92.07855,1.8114966,0.0,0.0
KLRK1,91.14367,2.061993,0.0,0.0
URI1,87.860794,2.122433,0.0,0.0
GNAI2,85.16178,1.7663529,0.0,0.0
NDUFC2,85.12636,2.1335876,0.0,0.0
SMAP2,85.08147,1.9391439,0.0,0.0
SLC35F1,84.639305,4.119673,0.0,0.0
MAP2K2,84.02936,2.3177607,0.0,0.0
IRF9,83.052505,2.5742252,0.0,0.0
CSNK2B,82.680435,2.1161048,0.0,0.0
RBFOX2,81.61841,3.217363,0.0,0.0
UBE2M,81.096245,2.7090912,0.0,0.0
CUL3,80.47702,1.9334443,0.0,0.0
ARPC4,80.30588,1.8470368,0.0,0.0
OOEP,79.58743,2.3410304,0.0,0.0
SRSF9,79.47036,1.87449,0.0,0.0
TRAPPC10,78.59723,1.9571095,0.0,0.0
RORA-AS1,78.53545,2.5809677,0.0,0.0
SIK3,78.255516,1.775767,0.0,0.0
EIF4A1,77.7144,1.670051,0.0,0.0
HNRNPD,77.41435,1.6412394,0.0,0.0
CASK,77.25617,2.2203314,0.0,0.0
STEAP1B,77.18853,3.1959546,0.0,0.0
BRI3,76.607635,2.392502,0.0,0.0
FAF1,75.891556,1.8190464,0.0,0.0
ARIH1,75.660736,1.7515829,0.0,0.0
BRD7,75.55304,1.9507524,0.0,0.0
UTY,75.3664,2.0785086,0.0,0.0
SSBP4,75.26108,1.7327288,0.0,0.0
CCNY,75.19421,1.9973083,0.0,0.0
FKBP5,74.53617,1.8332561,0.0,0.0
NDUFA13,74.12586,1.6050881,0.0,0.0
A2M,73.83344,2.059305,0.0,0.0
ALYREF,73.81677,2.7055073,0.0,0.0
PPP1R14B,73.31123,3.1594725,0.0,0.0
TXNL4A,73.259575,1.9477752,0.0,0.0
UBALD2,73.219505,1.8929981,0.0,0.0
TNFSF12,73.18648,2.5688617,0.0,0.0
USP9Y,73.165955,2.2072346,0.0,0.0
TMBIM4,73.07022,1.7718875,0.0,0.0
PIP4K2A,73.02671,1.5005438,0.0,0.0
GLRX5,72.88194,2.4971132,0.0,0.0
HECA,72.27455,1.6904805,0.0,0.0
ATXN7,72.14554,2.2208965,0.0,0.0
COMMD7,71.652725,2.3049068,0.0,0.0
PLEKHA7,71.57335,2.896747,0.0,0.0
NCK2,71.5637,1.9045979,0.0,0.0
NDUFA11,71.524254,1.6524647,0.0,0.0
KLF12,71.430244,1.5616088,0.0,0.0
RPS6KA3,71.318306,1.6832882,0.0,0.0
KIZ-AS1,71.09645,2.8460166,0.0,0.0
MBD2,70.97536,1.9468802,0.0,0.0
TNRC6A,70.209045,1.7210066,0.0,0.0
BCL7C,69.736046,1.8609107,0.0,0.0
LINC00513,69.44429,2.1930737,0.0,0.0
PZP,69.30135,1.7727422,0.0,0.0
UBE2R2,69.05147,1.945904,0.0,0.0
RNF38,69.02585,1.6527885,0.0,0.0
FBXL17,68.944176,1.6143194,0.0,0.0
STK24,68.82094,1.9886923,0.0,0.0
STAG1,68.69559,1.5186918,0.0,0.0
CDV3,68.63934,1.693282,0.0,0.0
PLCL2,68.48462,1.602863,0.0,0.0
TRAC,68.112404,1.5072366,0.0,0.0
NDUFA7,68.00878,2.3167064,0.0,0.0
SRM,67.93491,2.334532,0.0,0.0
PDE7A,67.70479,1.5562514,0.0,0.0
PPP1R16B,67.52587,1.5902848,0.0,0.0
KLF13,67.49761,1.6100117,0.0,0.0
YPEL3,67.41882,1.5308256,0.0,0.0
CTSD,67.41561,1.870153,0.0,0.0
IMP3,67.30804,1.9375478,0.0,0.0
MAP2K4,67.19155,1.9945786,0.0,0.0
TMEM238,67.11002,3.186094,0.0,0.0
COP1,66.97664,1.5266275,0.0,0.0
ARHGEF18,65.84185,1.9793407,0.0,0.0
PLCB1,64.899025,1.6226661,0.0,0.0
STAT1,64.86713,1.5363977,0.0,0.0
PPP3R1,64.71621,1.5675763,0.0,0.0
FAM66A,64.71344,6.992508,0.0,0.0
FOXO1,64.68701,1.7091627,0.0,0.0
CHMP4A,64.57888,1.7770795,0.0,0.0
PALD1,64.57797,9.5243435,0.0,0.0
KCMF1,64.54524,1.816795,0.0,0.0
SMAD4,64.52886,1.8744453,0.0,0.0
ASXL1,64.25812,1.5920776,0.0,0.0
MAP3K5,64.2519,1.5088018,0.0,0.0
AMBRA1,64.15717,1.6961733,0.0,0.0
LRRC8C,63.761223,1.6522306,0.0,0.0
FAM89B,63.759033,2.1389518,0.0,0.0
HEBP2,63.62082,2.026295,0.0,0.0
CELF2-AS1,63.0964,5.945872,0.0,0.0
ZNRF2,63.03704,1.5387275,0.0,0.0
MALT1,62.637215,1.7216908,0.0,0.0
DDX39B,62.453243,1.5186528,0.0,0.0
KLRC4,62.442474,2.523552,0.0,0.0
PVRIG,62.361393,2.6900983,0.0,0.0
PHACTR2,62.306435,1.6440629,0.0,0.0
NFKB1,62.16736,1.7758852,0.0,0.0
TXNRD1,61.844547,1.7577609,0.0,0.0
CTDNEP1,61.755733,1.5527954,0.0,0.0
ZFPM1,61.537525,2.197519,0.0,0.0
RNF169,60.986553,1.8739865,0.0,0.0
SOS2,60.92198,1.637653,0.0,0.0
CHKB,60.654373,1.8718867,0.0,0.0
NR1D2,60.581047,1.6809556,0.0,0.0
CEBPB,60.5292,1.5772693,0.0,0.0
GPS2,60.34816,1.5469377,0.0,0.0
AUTS2,60.29,1.6271689,0.0,0.0
SIPA1L1,60.127316,1.6805146,0.0,0.0
SPIDR,60.04679,1.5110934,0.0,0.0
TM9SF3,59.89265,1.5065958,0.0,0.0
ACBD3,59.768093,1.9263177,0.0,0.0
PDE3B,59.687542,1.5518976,0.0,0.0
CHN2,59.382732,3.3975246,0.0,0.0
TSR3,59.280853,2.159479,0.0,0.0
S1PR4,59.007767,1.5761948,0.0,0.0
EPC2,58.69408,1.8468988,0.0,0.0
CPB2-AS1,58.273094,2.5859582,0.0,0.0
SPPL3,58.267,1.5702137,0.0,0.0
RFX7,58.255547,1.6190622,0.0,0.0
CEBPD,58.123394,2.545918,0.0,0.0
SLC2A4RG,58.048187,1.6752576,0.0,0.0
TSNAX,57.911243,1.9975783,0.0,0.0
ZEB1,57.545067,1.6073232,0.0,0.0
PMF1,57.403236,2.0757308,0.0,0.0
CNPY2,57.39543,1.7241908,0.0,0.0
TTC19,57.261993,1.5124377,0.0,0.0
NSMCE3,56.992893,1.664106,0.0,0.0
USP3-AS1,56.96577,2.2337132,0.0,0.0
RANBP9,56.397305,1.5437464,0.0,0.0
ABHD14A,56.26793,2.4024315,0.0,0.0
PTBP2,56.218533,1.5212291,0.0,0.0
HNRNPUL2,56.17875,1.9142528,0.0,0.0
UBE2Q1,56.151844,1.9268249,0.0,0.0
PARL,56.0963,2.140625,0.0,0.0
VEGFB,56.055042,2.5160518,0.0,0.0
PGP,55.909454,2.0778475,0.0,0.0
LINC00299,55.76444,1.9083143,0.0,0.0
MOSMO,55.72437,1.9912205,0.0,0.0
RRP36,55.19554,1.9266748,0.0,0.0
RYK,54.90807,1.7112207,0.0,0.0
ZSWIM6,54.890636,1.5984123,0.0,0.0
SNF8,54.818367,1.6881573,0.0,0.0
TG,54.73189,3.3649962,0.0,0.0
TAP2,54.419693,1.6750939,0.0,0.0
BACH2,54.19881,1.7750568,0.0,0.0
DUSP16,53.994347,2.0948753,0.0,0.0
UBE2S,53.949234,1.818721,0.0,0.0
ZC3H12B,53.906055,4.540812,0.0,0.0
ETV6,53.864426,1.6136426,0.0,0.0
VKORC1,53.84126,2.088468,0.0,0.0
SDHAF2,53.790356,1.768961,0.0,0.0
DNLZ,53.31845,3.096598,0.0,0.0
MXD4,53.073242,1.5260267,0.0,0.0
LINC00278,52.98348,2.0938358,0.0,0.0
MAPK14,52.979374,1.5870613,0.0,0.0
LINC00342,52.885433,1.5498677,0.0,0.0
ZXDC,52.754303,1.8032776,0.0,0.0
MAPK8,52.710583,1.5246638,0.0,0.0
TLK2,52.59579,1.5624857,0.0,0.0
MGAT5,52.572807,1.5409701,0.0,0.0
EIF3B,52.46764,1.6931214,0.0,0.0
MPZL3,52.261234,1.8288842,0.0,0.0
SLC35D2,52.202595,2.9415507,0.0,0.0
METRN,52.19933,2.8139708,0.0,0.0
MIR497HG,52.129444,6.55974,0.0,0.0
PPP2R2D,52.113968,1.5779194,0.0,0.0
EXOSC6,51.940487,1.5827558,0.0,0.0
PPP1R35,51.580513,1.5507106,0.0,0.0
NENF,51.400013,1.6700075,0.0,0.0
RALGAPA2,51.13771,1.5410248,0.0,0.0
OSBP,51.026634,1.7768553,0.0,0.0
DNAJC21,50.959553,1.6102093,0.0,0.0
RAB4B,50.955597,1.7795274,0.0,0.0
OTULIN,50.837082,1.9664322,0.0,0.0
THAP11,50.75355,1.6385089,0.0,0.0
ESR2,50.65214,1.7479495,0.0,0.0
BRD1,50.4032,1.5938563,0.0,0.0
ZNF708,50.26578,1.5351589,0.0,0.0
MCM9,50.176846,1.5297242,0.0,0.0
DUS1L,50.108154,1.6013112,0.0,0.0
GIMAP5,49.959217,1.598266,0.0,0.0
PLEKHM2,49.912514,1.8433726,0.0,0.0
SBF2,49.886806,1.5953099,0.0,0.0
UST,49.870014,1.8863817,0.0,0.0
PRKCA,49.74811,1.7773349,0.0,0.0
VPS54,49.715973,1.6569352,0.0,0.0
MFSD6,49.669506,1.5377793,0.0,0.0
CLPTM1L,49.66459,1.7098589,0.0,0.0
FOXK2,49.57271,1.6288544,0.0,0.0
RUNX2,49.533054,1.7004886,0.0,0.0
CASD1,49.345818,1.6581511,0.0,0.0
CNNM3-DT,49.129063,5.4925346,0.0,0.0
PDE12,48.927,1.79289,0.0,0.0
ZBED4,48.723015,1.7356926,0.0,0.0
FAM193A,48.706703,1.5502601,0.0,0.0
PATJ,48.54751,1.6739906,0.0,0.0
SNX25,48.41154,1.7654963,0.0,0.0
ZFP91,48.333164,1.8075472,0.0,0.0
MAPK9,48.20414,1.8802973,0.0,0.0
TBC1D2B,48.202103,1.66018,0.0,0.0
PDCD7,48.14972,1.7051798,0.0,0.0
YRDC,48.13129,2.578142,0.0,0.0
HABP4,48.130257,2.209678,0.0,0.0
SH3GLB2,48.080536,2.1148555,0.0,0.0
IFI30,48.0776,3.4802687,0.0,0.0
ANKUB1,47.715973,2.2007718,0.0,0.0
ABL1,47.663857,1.7988578,0.0,0.0
TMEM203,47.663544,1.8644094,0.0,0.0
SCMH1,47.641438,1.7119552,0.0,0.0
AP4B1-AS1,47.547832,4.2342424,0.0,0.0
MTMR1,47.26275,1.7445475,0.0,0.0
ZCCHC2,47.25699,1.6018806,0.0,0.0
ARPC1A,47.15471,1.6956147,0.0,0.0
SYNC,47.125126,2.572119,0.0,0.0
APPL2,46.958977,1.7468884,0.0,0.0
CDYL,46.91528,1.534002,0.0,0.0
GPHN,46.774208,1.5329431,0.0,0.0
LINC02580,46.369335,3.1845627,0.0,0.0
COMMD3,46.307213,1.6219519,0.0,0.0
RCOR1,46.306717,1.680884,0.0,0.0
ARL8A,46.29571,1.6371613,0.0,0.0
BAIAP2L1,46.19503,3.522906,0.0,0.0
PCAT1,46.098682,1.8664412,0.0,0.0
NR3C2,45.93623,1.5404927,0.0,0.0
EPHA4,45.837166,2.0162013,0.0,0.0
RPS10-NUDT3,45.671986,3.2813191,0.0,0.0
CHPT1,45.600704,2.0206764,0.0,0.0
GSK3A,45.256866,1.8627188,0.0,0.0
SNX9,45.22481,2.1583118,0.0,0.0
TMEM65,45.168526,1.5855613,0.0,0.0
CCZ1B,44.91779,1.5304745,0.0,0.0
ABHD15-AS1,44.90109,2.0112472,0.0,0.0
RASGRF2,44.863007,1.8518761,0.0,0.0
PELI2,44.65197,1.8114091,0.0,0.0
ECI1,44.521587,2.1176825,0.0,0.0
BICDL1,44.208637,1.5739084,0.0,0.0
LINC01801,44.09808,3.5894015,0.0,0.0
KLHL5,44.03601,1.92455,0.0,0.0
CSNK2A2,43.98012,1.6312784,0.0,0.0
TNFSF4,43.944885,5.0217953,0.0,0.0
PLEKHO1,43.790596,1.6281831,0.0,0.0
PITPNA,43.627407,1.7280545,0.0,0.0
F8A1,43.59512,1.7479945,0.0,0.0
TPGS1,43.22354,1.6147978,0.0,0.0
GIPC1,43.056076,1.6616081,0.0,0.0
DEXI,42.984673,2.4956942,0.0,0.0
EEF1E1,42.960064,1.6778387,0.0,0.0
PHC2,42.798977,1.8696338,0.0,0.0
ABCF2,42.637558,2.8878253,0.0,0.0
MRPL12,42.609962,2.2266297,0.0,0.0
IGKC,42.595856,1.792482,0.0,0.0
LINC01473,42.53569,1.6642027,0.0,0.0
MXRA7,42.392605,1.7124617,0.0,0.0
ADNP2,42.352383,1.6628832,0.0,0.0
ELL2,42.234665,1.6288211,0.0,0.0
SAP30,41.978653,2.1101623,0.0,0.0
CDC34,41.965027,1.8755974,0.0,0.0
BTBD6,41.957325,2.0575528,0.0,0.0
SMURF1,41.879063,1.5660607,0.0,0.0
PDE8A,41.684162,1.55009,0.0,0.0
LFNG,41.58815,2.0733879,0.0,0.0
PYCR2,41.581627,1.5366318,0.0,0.0
KIAA2013,41.545975,1.7342991,0.0,0.0
SELENOO,41.497303,1.6008958,0.0,0.0
SEC22A,41.486397,1.5435369,0.0,0.0
SH3D19,41.46154,2.0157206,0.0,0.0
RAB12,41.353012,1.546371,0.0,0.0
IFNG-AS1,41.31132,1.5771621,0.0,0.0
SKAP1-AS1,41.060898,1.7408657,0.0,0.0
SLC7A1,40.683357,1.6086857,0.0,0.0
SAP30L,40.618996,1.812887,0.0,0.0
FRAT2,40.576363,2.5122983,0.0,0.0
SLC33A1,40.54751,1.6331987,0.0,0.0
CTSZ,40.544884,2.1777947,0.0,0.0
DPYD-AS1,40.53873,2.1119044,0.0,0.0
WRNIP1,40.520313,1.6183212,0.0,0.0
KCNQ5,40.47864,1.6164109,0.0,0.0
PHF10,40.392765,1.5062323,0.0,0.0
WSB2,40.048546,1.5574608,0.0,0.0
LINC00881,39.941105,5.830214,0.0,0.0
PPAN,39.748566,2.0910099,0.0,0.0
LINC00667,39.695953,1.673294,0.0,0.0
NME1,39.57821,1.8787792,0.0,0.0
TERF2,39.338245,1.598399,0.0,0.0
SAMD12,39.214035,2.5415332,0.0,0.0
LRRC37A3,39.13908,1.9105451,0.0,0.0
ARMH4,39.006756,1.7258826,0.0,0.0
OGFRL1,38.991016,1.5212541,0.0,0.0
EID2,38.966213,2.0525577,0.0,0.0
SLC36A4,38.876114,1.5994339,0.0,0.0
ENTR1,38.814476,1.9590921,0.0,0.0
MGAT4B,38.804382,1.8339373,0.0,0.0
AVEN,38.464558,1.9613193,0.0,0.0
NPIPB13,38.36268,3.3005059,0.0,0.0
HOOK2,38.148323,1.5389869,0.0,0.0
LINC02320,37.82524,2.3020778,0.0,0.0
TAPT1,37.61265,1.724806,1.33529909422143e-309,2.1470117235599764e-308
INKA2,37.486103,2.7519221,1.5513415671620866e-307,2.468020470425017e-306
KDM4A,37.1969,1.6901882,7.659145094015466e-303,1.1923162386610553e-301
C11orf68,36.966206,2.079702,3.999619022553232e-299,6.104878707747398e-298
GCC2-AS1,36.59982,3.523666,2.879159861819078e-293,4.313889753145155e-292
DBP,36.575077,1.8716713,7.123317270724489e-293,1.0648515840606324e-291
UBAC1,36.468998,1.5815226,3.4398133425013685e-291,5.114761967026351e-290
SMARCD2,36.329807,1.5474474,5.476444927683189e-289,8.045275851719568e-288
B3GALT6,36.263268,2.3640122,6.140371627082499e-288,8.94008869038321e-287
LINC00115,36.21878,2.3323839,3.082441723988486e-287,4.484551647212393e-286
RGPD8,35.98733,2.1209648,1.3202795811075467e-283,1.8968598269539264e-282
TIPARP-AS1,35.95866,2.095684,3.706142610222782e-283,5.320748246283154e-282
CMC4,35.953667,1.8788301,4.4357944817373075e-283,6.358946990376236e-282
GMEB2,35.879677,1.5739663,6.338978419341914e-282,9.040898666886483e-281
LINC01964,35.548534,10.265695,8.75326548055832e-277,1.2208403344516408e-275
EXT1,35.53108,1.5687747,1.628689623607847e-276,2.2602977698410178e-275
FBXL14,35.171223,1.687028,5.50816841311661e-271,7.474607455469198e-270
SERPINB9P1,34.97416,2.428284,5.560472481339087e-268,7.442361526323068e-267
LDB1,34.967007,1.9096336,7.142211230488038e-268,9.552890591810658e-267
HDGFL2,34.95711,1.596052,1.0097825114955883e-267,1.3487661559689879e-266
CCNQ,34.731953,1.613018,2.59599622906856e-264,3.416170424372131e-263
HRAS,34.716938,1.9910125,4.3743773409969155e-264,5.744819852928029e-263
SNX15,34.655716,2.112068,3.6634897525988124e-263,4.801551740043775e-262
MAP4K3,34.57767,1.5846305,5.472549861212975e-262,7.134367467302831e-261
SP2-AS1,34.496845,3.14181,8.944222513040517e-261,1.1583093721719181e-259
CCDC71L,34.482296,1.944517,1.4779276138236784e-260,1.910177513031819e-259
SOCS1,34.47396,1.5301733,1.9704161274143027e-260,2.5450232858906322e-259
MRGBP,34.466965,1.9677742,2.5083132250536856e-260,3.237643350122066e-259
RCC1L,34.31823,1.5623703,4.196118110199279e-258,5.3491621615882406e-257
SLAIN1,34.211292,1.651815,1.642567068781057e-256,2.079026675414471e-255
EFCAB2,34.20757,1.6648867,1.866035322917553e-256,2.360347718089895e-255
TET2-AS1,34.150764,5.2801642,1.3026340675195904e-255,1.6392246580851025e-254
CDK2AP1,34.11308,2.386382,4.720030320189633e-255,5.9168195583261194e-254
ZNF451-AS1,33.68339,2.1268597,1.012119415561446e-248,1.2308982426169283e-247
DISC1,33.618866,1.8071079,8.892832528142583e-248,1.0754941094604083e-246
PVT1,33.545643,1.5256354,1.0421350222342542e-246,1.2556956967413722e-245
NFIL3,33.544094,1.6786649,1.097782992336307e-246,1.321120393237199e-245
DISP1,33.51173,1.9160022,3.252340511024106e-246,3.904404853970534e-245
KANSL1L,33.373215,1.7411313,3.3555310693795806e-244,3.979456482764827e-243
PMEPA1,33.110523,4.8063965,2.09691091501902e-240,2.4511560803519826e-239
ZNF787,33.104725,1.7214204,2.5413327525330607e-240,2.9671121301650918e-239
ENDOG,33.00783,2.0345807,6.2709229078920365e-239,7.282458128286729e-238
FRAT1,32.94515,1.9583923,4.9643341454530975e-238,5.731096788095943e-237
SLC39A3,32.931435,1.6837091,7.802545182169968e-238,8.991767027367605e-237
BORCS8,32.85496,1.7886976,9.675154647113354e-237,1.1084509726856799e-235
FILIP1L,32.851395,1.9580194,1.0880098256151257e-236,1.2450395478150163e-235
CERS6,32.82545,1.6385962,2.5524646193581907e-236,2.9123398059242608e-235
RFNG,32.81648,1.8617542,3.4274550081205177e-236,3.9084172260432566e-235
SIAH1,32.733543,1.5219698,5.206534849689383e-235,5.909598256306372e-234
TMEM250,32.697487,1.5613898,1.6956883914056736e-234,1.9190995050911637e-233
MYO1D,32.61386,1.5068384,2.6088040565103645e-233,2.935542137883543e-232
CTU1,32.606037,2.088879,3.3678038500398682e-233,3.7852490371958725e-232
ZSWIM5,32.40792,1.5962254,2.1227934029192115e-230,2.3574813455347973e-229
EP300-AS1,32.270283,5.688104,1.8274533618331352e-228,2.007838707712004e-227
GAB2,32.017174,1.7598476,6.289910965519956e-225,6.781321089437714e-224
SPAG6,31.897991,2.3609185,2.8469926904600025e-223,3.0409362973210334e-222
ZNF565,31.839708,1.6043555,1.8273414395858093e-222,1.945452518488309e-221
GAREM1,31.741608,3.3276687,4.1455876917168034e-221,4.375450914321166e-220
CCDC102A,31.582254,1.7675211,6.471287927904967e-219,6.739231621779903e-218
RETREG1,31.334564,1.9019806,1.5790285112447254e-215,1.618566260242891e-214
INO80B,31.285456,2.014496,7.359488888315002e-215,7.516204518087055e-214
TCEA2,31.052826,1.5003077,1.044906870571916e-211,1.0539555486263531e-210
ARMC9,30.862463,2.5549085,3.8118720330679277e-209,3.7863305554859495e-208
TXNDC5,30.840456,2.4420128,7.521234211220444e-209,7.440622398643157e-208
RRAS,30.78231,2.04994,4.520330534171767e-208,4.449387720959413e-207
SAP30L-AS1,30.541773,2.059602,7.27194080041111e-205,7.002821731419518e-204
ATP8B1,30.358126,1.5272887,1.9628129913537162e-202,1.861770461212289e-201
MIR181A1HG,30.314243,1.646041,7.441104204296171e-202,7.02739030259013e-201
KIAA0825,30.070024,1.5143148,1.1951046642315232e-198,1.102064470767316e-197
C11orf65,30.057316,1.8426915,1.7519413795098993e-198,1.61251123773517e-197
OPRM1,29.875177,2.3449373,4.135509631361824e-196,3.7534161626385976e-195
KIF5C,29.713444,1.9924512,5.148098965296049e-194,4.614658751851264e-193
CARD9,29.420713,3.8385353,2.9841344685440857e-190,2.6173708328314957e-189
SV2C,29.39935,4.73032,5.597757861368131e-190,4.89878916955508e-189
ZNF777,29.384842,1.787631,8.578826635597539e-190,7.50426819872028e-189
LSM14B,29.338263,1.7042303,3.373297809213248e-189,2.940253520297765e-188
OTUD1,29.279459,1.7124121,1.894189345947259e-188,1.6415189159209905e-187
LINC01126,28.94327,3.7577074,3.4107324411604187e-184,2.8879797667082245e-183
CUBN,28.91004,1.8273884,8.928750026167578e-184,7.54394561796404e-183
LINC01891,28.850065,1.5811832,5.057216423791228e-183,4.2581588201698254e-182
FRMPD3,28.82031,1.5244961,1.19393375136159e-182,1.0031299118352767e-181
MMP24,28.686077,1.610475,5.691506301652954e-181,4.753367277453906e-180
LINC01303,28.65425,2.5016055,1.4191146096671158e-180,1.181166936706343e-179
C2orf81,28.640875,3.4539764,2.0825724520575924e-180,1.7319072563477672e-179
CFLAR-AS1,28.596502,1.7081633,7.4266242916278895e-180,6.160414757887857e-179
HSPA14,28.464191,1.7974449,3.2524075111972186e-178,2.6729571683791335e-177
LINC01003,28.229742,1.6204538,2.523942947329288e-175,2.0493159997236308e-174
GAN,28.035011,1.525977,6.084755243525471e-173,4.871787667974894e-172
DLEU7,27.942085,2.8750286,8.22638409481713e-172,6.540994878804615e-171
ANGPT2,27.894962,1.6407735,3.0712255461280517e-171,2.4321222778888597e-170
PKD2L2,27.84848,1.742582,1.1237832306836984e-170,8.877751416236823e-170
LRRC8B,27.798365,1.6439515,4.539720870390482e-170,3.579099838509305e-169
MATR3,27.792208,3.8183632,5.388254743874897e-170,4.246370069599033e-169
SNTA1,27.716309,1.9250716,4.44099618316757e-169,3.470503726526478e-168
DIAPH2-AS1,27.681986,1.5635474,1.150573195995895e-168,8.98062078151084e-168
DOCK3,27.606066,1.8867745,9.409485143729845e-168,7.318156013215643e-167
MTCP1,27.577372,2.881211,2.0790073087115377e-167,1.6150065508879465e-166
NAGLU,27.525341,1.61815,8.734784257549991e-167,6.758491828854813e-166
BEST1,27.210274,2.7497606,4.9093072446490016e-163,3.703366390257967e-162
FAAH2,27.181198,2.34267,1.0836774997086825e-162,8.162202199499423e-162
ZMYND19,27.173195,2.1212215,1.347343031640567e-162,1.0140310939670236e-161
LENG8-AS1,27.097279,1.8053069,1.0601072987045216e-161,7.951007903813751e-161
MPND,26.99664,2.0234396,1.6184415234045038e-160,1.208304606256365e-159
CCDC85C,26.89146,2.0414732,2.7641747085550354e-159,2.0503931272556834e-158
GML,26.882029,2.3371124,3.563281133434541e-159,2.6411471673881477e-158
PXN-AS1,26.727438,1.8370672,2.259178578222585e-157,1.6483074727315266e-156
CENPM,26.528543,1.7388641,4.542352429665475e-155,3.2666208138072034e-154
C8orf82,26.368662,1.7036897,3.1359565823913545e-153,2.2371271747806787e-152
GNA12,26.361027,1.5092527,3.8364153936931933e-153,2.73383016838268e-152
TMLHE-AS1,26.243492,3.0614865,8.481048750447349e-152,5.993396964563154e-151
ITFG2-AS1,26.150196,1.7454916,9.804953930473575e-151,6.879287863445927e-150
PINK1,26.145561,1.6313833,1.1069977967751901e-150,7.761280145932255e-150
PKP4,26.105778,1.5063002,3.1346702691476687e-150,2.194605646750683e-149
PPP1R3F,26.02069,1.8636802,2.888843417051751e-149,2.008131011895867e-148
EVA1B,25.884727,2.170872,9.895645643853037e-148,6.827855922387737e-147
TBC1D16,25.637733,2.4835386,5.793663231003796e-145,3.939207856298898e-144
COPRS,25.60339,2.025275,1.3985751130497363e-144,9.492652727075005e-144
SNRK-AS1,25.57705,4.7923017,2.747071837301455e-144,1.861957108150844e-143
DIABLO,25.551422,2.9367502,5.294419870139422e-144,3.5823377599892188e-143
ME1,25.481583,1.74852,3.1545534484912777e-143,2.121976688899186e-142
DOK6,25.381065,1.5343196,4.0816294899289165e-142,2.7315090923026347e-141
TRPC1,25.340439,1.5930647,1.1454891877524322e-141,7.652759448938065e-141
LINC02245,25.326155,1.8202126,1.6458756747843613e-141,1.0988227637045507e-140
RASAL2,25.278257,3.8517878,5.540310794566371e-141,3.6862564307403857e-140
PIK3R2,25.236038,1.984018,1.612021940334199e-140,1.0682033636457707e-139
G2E3-AS1,25.224277,3.1948044,2.169877684026715e-140,1.4359204099098669e-139
MCM3AP-AS1,25.168745,1.7983713,8.811731367790092e-140,5.815445511127033e-139
SPINDOC,25.11951,1.9278888,3.044702370216451e-139,2.0046681016283823e-138
LINC00630,25.028624,1.9555199,2.9842741855681766e-138,1.9517472347325563e-137
THSD4-AS1,24.921711,3.5249066,4.328298830928346e-137,2.809159254514291e-136
IGLC2,24.874462,1.8664641,1.4062346331017796e-136,9.099602943298818e-136
RHOU,24.817509,1.6652045,5.802242325630258e-136,3.740964673078514e-135
LRRC8C-DT,24.78387,1.7683656,1.3380925365232209e-135,8.618760617079126e-135
P2RX5,24.603868,2.0332763,1.1483294838340982e-133,7.314619576714074e-133
INPP5A,24.503864,1.602272,1.3434958635882312e-132,8.505185072369624e-132
SPATA1,24.484684,1.9965866,2.150821616224372e-132,1.356778768094085e-131
LINC02298,24.410934,4.1929536,1.3090365875493557e-131,8.194250782202749e-131
LINC01284,24.313702,4.9775157,1.4042594431488406e-130,8.753918057832593e-130
ADCY3,24.221128,1.9016141,1.3327216736137343e-129,8.273698511825366e-129
CNNM4,24.066536,1.5362198,5.603944738711408e-128,3.4483644857580134e-127
SIPA1L2,23.99937,2.0890856,2.823126283131556e-127,1.731210752376004e-126
ZNF814,23.931393,1.5982926,1.4437357567977308e-126,8.809174084508262e-126
TUT1,23.891308,1.6271391,3.7711301330652283e-126,2.2952869189368706e-125
SIAH2-AS1,23.887768,1.9884971,4.104594518405428e-126,2.497472187069571e-125
NECTIN3,23.704594,1.7419349,3.2330765825229837e-124,1.9460117676656333e-123
SLC16A4,23.65969,2.026486,9.381241076561244e-124,5.63104679098621e-123
POC1B-AS1,23.529943,1.61211,2.0145525607194498e-122,1.1974715828723631e-121
SRRD,23.529585,1.5713706,2.0316668851558814e-122,1.2072777895150406e-121
USP12-AS1,23.522072,2.4739072,2.4251996783345934e-122,1.4398151488365087e-121
RNF215,23.332008,2.0853345,2.0990230106378638e-120,1.2271790341249393e-119
CITED4,23.329493,1.8307264,2.2260978710750342e-120,1.3010837258421824e-119
CEP19,23.320215,1.8361043,2.765015535429842e-120,1.6141355607783757e-119
MYH10,23.282364,1.6954288,6.690226940654875e-120,3.8974206839754267e-119
RNF43,23.232677,1.8876346,2.1292834135857931e-119,1.2363744165295787e-118
AFF3,23.124136,1.8739184,2.647632747982832e-118,1.5296391382500164e-117
SNED1,23.11428,2.1375012,3.3265348561726323e-118,1.9173382640820637e-117
GPSM2,23.08678,1.747605,6.28653872244609e-118,3.614898316803558e-117
DMTN,23.047932,1.5783007,1.5428885616118292e-117,8.845954694878485e-117
FDX2,22.99799,1.6803844,4.8823166419389625e-117,2.786152582369834e-116
ALCAM,22.871775,1.5089111,8.874866314225437e-116,5.023528609683638e-115
SLCO5A1,22.821917,5.2325354,2.7785228811568136e-115,1.5668627013970182e-114
LINC02288,22.78815,2.7966928,6.010106310604926e-115,3.382391725220512e-114
ELMO1-AS1,22.71001,1.5543869,3.567620139109347e-114,1.995175503918025e-113
RYR1,22.626371,2.4836714,2.3843120056717165e-113,1.3277238852300555e-112
ZBTB22,22.532978,1.5536908,1.97241577119792e-112,1.0912137916539694e-111
PRKX-AS1,22.519104,1.6583925,2.6976534431116274e-112,1.4907563562498821e-111
HMGA1P4,22.465704,1.6386466,8.98774746949506e-112,4.952752534020821e-111
IER5L,22.461195,1.8779306,9.947705084354607e-112,5.475575051776398e-111
SLC26A5,22.458427,2.2927852,1.0586811582974666e-111,5.824085719866412e-111
RSAD2,22.404474,1.6661122,3.559763179237841e-111,1.9511889605413466e-110
ALG13-AS1,22.398804,3.8525896,4.0428237712778975e-111,2.2134856059419668e-110
C1S,22.371603,1.6944062,7.441406976827878e-111,4.0640092582352196e-110
DGUOK-AS1,22.312782,3.528743,2.7767154219527626e-110,1.507205752476329e-109
TMEM163,22.299492,2.6379023,3.737240559282752e-110,2.0263320383498168e-109
ZCWPW2,22.280148,1.6661257,5.756897682566339e-110,3.117934510170443e-109
SLC24A1,22.273281,1.5609068,6.710339522769196e-110,3.63130320192333e-109
ZNRF1,22.200031,2.3987408,3.432084973222015e-109,1.8480748144196033e-108
PLCL2-AS1,22.148525,5.9239078,1.0778829002389792e-108,5.780217207968305e-108
TTC9,22.09697,1.5853788,3.380069226766109e-108,1.806149498344053e-107
CCT6B,22.055162,1.7103602,8.522585210082235e-108,4.5441402558825384e-107
VPS33B-DT,21.96612,3.6521935,6.074153577118985e-107,3.214143785750792e-106
C4orf19,21.921593,2.0151281,1.6170314140148133e-106,8.531159533416518e-106
LINC01876,21.875927,1.7726091,4.404709931394889e-106,2.3157271342701554e-105
DLG2,21.785084,1.5820287,3.213535436856921e-105,1.6822488343610547e-104
LINC00412,21.744413,24.08578,7.802490134922805e-105,4.0725293934427704e-104
MTHFD1L,21.735487,1.7055568,9.477357903003338e-105,4.9427755715876677e-104
MZF1-AS1,21.668928,1.6155527,4.030302745128494e-104,2.0896916830067402e-103
SCN11A,21.596214,2.7996058,1.9495079393341156e-103,1.0052166365451903e-102
ADAMTS17,21.40577,2.2870896,1.180546220711067e-101,6.011170556043236e-101
ABHD17C,21.348711,1.8607192,4.0083639376578144e-101,2.0314857687668509e-100
TCFL5,21.332022,1.7084866,5.727884833777008e-101,2.899204615296133e-100
B4GALT4-AS1,21.300215,1.7773451,1.13002658131003e-100,5.71231210102678e-100
CCNT2-AS1,21.237362,1.7366428,4.3145809907407185e-100,2.1714948772328802e-99
FAM217A,21.190626,2.6698093,1.1653634577502939e-99,5.844139451885636e-99
TIGD5,21.170828,1.8500363,1.7741439745052789e-99,8.890255900926838e-99
IPO4,21.156134,1.8920345,2.4229538413577675e-99,1.2122823003755765e-98
LINC01018,21.107344,23.853512,6.809271714997084e-99,3.399944601149858e-98
SPON1,20.973246,1.861085,1.1513466060438664e-97,5.713809380437833e-97
LINC01806,20.958242,1.6197177,1.5780666198002783e-97,7.821582476254267e-97
LINC01765,20.922556,1.9033653,3.337353469292026e-97,1.6499578748637284e-96
DIP2C,20.88465,1.5414281,7.384586165778136e-97,3.640755406700594e-96
HFM1,20.878761,5.7140226,8.352890007803547e-97,4.1160753380181265e-96
DIRC3,20.7865,1.848381,5.734382463843327e-96,2.8151127960985002e-95
LINC02422,20.755404,2.1047046,1.0956034854301475e-95,5.353000999474938e-95
TMOD1,20.61108,2.5001488,2.1830197700604127e-94,1.0560526788761967e-93
PDZD2,20.565912,1.7154906,5.544780467090266e-94,2.675055822978854e-93
SESTD1,20.526058,1.7220222,1.259898570450843e-93,6.057418974590195e-93
LINC01572,20.502792,1.8248459,2.0328968594909036e-93,9.766689355884607e-93
OTUD7A,20.4827,1.7588173,3.0714535977313854e-93,1.4749007116664478e-92
TTTY10,20.471178,2.7176197,3.891038255914391e-93,1.864801288065952e-92
ASPHD2,20.327175,2.0442686,7.393830139524893e-92,3.511710392481143e-91
PRTFDC1,20.311771,2.2939398,1.0118918952742993e-91,4.8024983280930124e-91
ANK2,20.288567,4.834761,1.622589210179785e-91,7.687851250556423e-91
LINC01350,20.24391,4.1358533,4.0198655814141583e-91,1.8991001858308125e-90
SIK1,20.222925,2.3022206,6.152531710265928e-91,2.901029891722498e-90
LINC00624,20.145391,2.321307,2.9536331861244934e-90,1.3863443076537319e-89
FAM89A,20.085394,2.164613,9.903520024384142e-90,4.6306351215567234e-89
CASTOR2,20.042755,1.6986971,2.334771481095288e-89,1.088299388805922e-88
INSL6,20.031437,2.2464068,2.9308292708433346e-89,1.3641880868663743e-88
SPATA21,20.005724,2.031438,4.910048673354127e-89,2.2827235077261478e-88
CHRM5,20.005655,1.9418379,4.9168036703398705e-89,2.2853210028791114e-88
AGBL4,19.944326,2.1850169,1.6789935020578007e-88,7.77806459476019e-88
GALNT12,19.936464,1.7468715,1.9647347647157327e-88,9.099628373007682e-88
ADAM12,19.91566,1.5931865,2.9769320288690554e-88,1.3777815974671162e-87
JAKMIP2-AS1,19.781939,1.9176244,4.259950005142301e-87,1.9544830410462965e-86
PLB1,19.627798,2.4745994,8.951152080383857e-86,4.06394765450003e-85
MILR1,19.598639,3.7423139,1.5881913557278366e-85,7.198917870947952e-85
LENG9,19.587078,1.6556723,1.9930749225583122e-85,9.029981496786537e-85
WNT5B,19.579159,2.7782822,2.328325187058621e-85,1.054645075471368e-84
CENPA,19.561718,1.5937529,3.278432930762942e-85,1.4829490427454748e-84
LINC02259,19.39602,4.097874,8.338158249864892e-84,3.724288533059945e-83
PPP2R3A,19.291086,1.8357282,6.381950250477728e-83,2.831791439939868e-82
LINC01376,19.242662,1.7615798,1.6263760663087426e-82,7.187201189143965e-82
OPN3,19.217882,1.8509942,2.6226045346555016e-82,1.1579225075392342e-81
ROR2,19.178583,1.5787371,5.588329877233232e-82,2.4640026822374917e-81
MBNL1-AS1,19.04116,1.5394475,7.778371317101907e-81,3.408131883856922e-80
SLC22A15,19.023909,1.9335392,1.0811391917548013e-80,4.731767323698938e-80
TTTY14,19.019892,2.654661,1.167236687885186e-80,5.107443539476144e-80
NLGN4Y,18.997986,1.8581669,1.7721819965528312e-80,7.74928654939571e-80
MED12L,18.87153,2.1354692,1.9555325601942203e-79,8.479029722552737e-79
C21orf91-OT1,18.86422,2.203052,2.245653405038426e-79,9.726194296102683e-79
TPRN,18.812708,1.6896347,5.942324374618297e-79,2.5691428051818567e-78
PLCG1-AS1,18.811213,2.2869887,6.112384638709914e-79,2.6415004993435425e-78
CC2D2A,18.756386,1.8915159,1.716835078251338e-78,7.406311466318824e-78
LY86,18.752563,1.9477413,1.8447829024726054e-78,7.949507120806858e-78
LINGO2,18.68672,1.8628231,6.349969217221898e-78,2.7243191765533457e-77
HLA-G,18.6849,2.195268,6.570135209413092e-78,2.816923877690521e-77
NME9,18.68291,1.8365643,6.819736195348379e-78,2.9226587356674787e-77
OPA1-AS1,18.534405,2.3123963,1.0898769207631325e-76,4.626184725703466e-76
CTBP1-AS,18.5213,2.7496064,1.3903965951808924e-76,5.900516281609131e-76
PWP2,18.519434,1.6181607,1.4394176054194442e-76,6.107225434268796e-76
LANCL1-AS1,18.506569,2.6612155,1.8278004512260195e-76,7.751712013348666e-76
PRKCA-AS1,18.453001,2.3660848,4.9328905486319786e-76,2.080319014129969e-75
ZNF579,18.358932,1.8280771,2.800591446176673e-75,1.1727364309605206e-74
OMG,18.285057,1.9565216,1.0884909927900153e-74,4.530864017637741e-74
RGPD2,18.217348,1.6904011,3.759404065613333e-74,1.558559719405121e-73
PLBD1,18.207924,1.9132321,4.465662111903877e-74,1.8497899281484982e-73
ZNF350-AS1,18.166552,2.2050142,9.498402614564765e-74,3.9253377478733544e-73
NCOA7-AS1,18.157974,3.1249738,1.1104628123299395e-73,4.5871936482314246e-73
SLC4A5,18.122885,1.6282979,2.1027367619840045e-73,8.671518010221918e-73
FAM85B,18.108683,2.9406862,2.72179887720147e-73,1.1207946218240396e-72
PLPP3,18.087797,1.7188869,3.9766398392632353e-73,1.6364855599306624e-72
MANEAL,18.067307,2.2431118,5.76609103003821e-73,2.367909113867528e-72
LINC01504,18.021053,1.6809558,1.3318377297457022e-72,5.455599894424095e-72
LINC01410,18.0037,1.5800376,1.82224648775948e-72,7.453536637223559e-72
C5orf58,17.991632,2.6093662,2.2658393138712275e-72,9.264091870838317e-72
STPG4,17.9853,2.713627,2.540105601503787e-72,1.037461624091549e-71
ASPHD1,17.923937,2.1122453,7.670321019587636e-72,3.1236803686012666e-71
SLC8A1,17.92362,1.958909,7.714018725748164e-72,3.1408222726891405e-71
CMTM8,17.906082,1.6593579,1.0572145202686186e-71,4.2982700462531325e-71
IRAK3,17.87366,2.2732728,1.8916598646865035e-71,7.665355194074447e-71
UFL1-AS1,17.852806,1.806291,2.7487195489249797e-71,1.1115301536136393e-70
FBXO10,17.83672,1.8512608,3.665980374114081e-71,1.481534571678322e-70
CATSPERE,17.829079,1.7057729,4.202862536392551e-71,1.6978037595402442e-70
PARD6G,17.811085,1.539627,5.797581576301433e-71,2.337668994128713e-70
SMARCA5-AS1,17.787712,3.1203394,8.800006729562587e-71,3.544638363196392e-70
AGAP6,17.738644,1.8647538,2.1096485847298108e-70,8.476715298971856e-70
KDM4A-AS1,17.710505,1.8759334,3.479381067056472e-70,1.3948889309600704e-69
PDE3A,17.703363,4.5889993,3.950007603626104e-70,1.582591089020385e-69
EYS,17.676285,1.9651265,6.386930189398334e-70,2.55424994780598e-69
SLC27A2,17.65704,2.1740172,8.982783353996823e-70,3.5872470341022417e-69
GCNT7,17.551588,3.2663732,5.783916291998035e-69,2.2966654626992198e-68
PIP5K1B,17.488451,2.4016747,1.754599434599856e-68,6.941771479225633e-68
MAML3,17.46244,1.6617604,2.768408523065924e-68,1.0928428077335889e-67
LRRC7,17.443388,1.6821597,3.864732149035766e-68,1.5231637198858385e-67
EDA,17.420412,2.0412762,5.775925527219372e-68,2.2722820811545773e-67
JMJD1C-AS1,17.416594,2.242135,6.174557809136861e-68,2.42861803435558e-67
P2RY14,17.411472,1.9174654,6.752427612319312e-68,2.6548423451449528e-67
IFIT1,17.356327,1.8878102,1.7667282388499083e-67,6.919803478345677e-67
SHPK,17.312153,1.7797766,3.808989696134317e-67,1.4891970104686577e-66
IQCH,17.305117,1.9462941,4.3041439949575986e-67,1.681778947550525e-66
RMI2,17.223398,3.0218732,1.7726771357237394e-66,6.883855168057577e-66
HORMAD2-AS1,17.211533,3.601179,2.1759545811962485e-66,8.44320429205794e-66
CHKA,17.174723,1.6008185,4.1061693913590453e-66,1.5907646535362068e-65
KCNK15-AS1,17.161661,4.589943,5.142125555174697e-66,1.9905264661455678e-65
ZNF775,17.13964,2.2151327,7.511374366841587e-66,2.903072755487975e-65
IGLC3,17.06781,2.7842171,2.5769006285665282e-65,9.922233667805948e-65
PPP1R3D,17.028404,1.6179229,5.056397170448275e-65,1.9408313030861484e-64
NBEA,17.02225,2.250176,5.6170790832363065e-65,2.155196147073883e-64
SDCBP2,17.01344,3.066213,6.529005018068633e-65,2.5041076086547825e-64
SLC10A1,16.89496,2.0044935,4.900473490927471e-64,1.8674287297072785e-63
TMEM72-AS1,16.877676,1.8625447,6.568006380923766e-64,2.499470028430888e-63
CCL18,16.81467,3.553012,1.905489245434934e-63,7.219092653372853e-63
ATP9A,16.801758,1.5490205,2.3691789880125966e-63,8.968871046127005e-63
ANKRD16,16.788065,1.7718008,2.984209813513852e-63,1.1288424053902775e-62
ZNF853,16.771303,1.5641795,3.957379893106629e-63,1.4946537299422991e-62
KCNQ1,16.561903,1.8370848,1.3137036972806052e-61,4.911454709282935e-61
RHOXF1,16.455793,4.1561074,7.621735327224268e-61,2.8316331285954906e-60
IL26,16.451506,1.8341095,8.180977379439796e-61,3.0382494849284105e-60
UBOX5-AS1,16.424429,2.0225072,1.2788185254593561e-60,4.739378959505432e-60
CCDC39,16.40607,3.7865112,1.7304665670628618e-60,6.401090696462397e-60
EGLN3,16.321323,2.0596683,6.961097143533081e-60,2.5604276109897617e-59
METTL24,16.30594,1.8583553,8.954993406682393e-60,3.288875956868639e-59
ALK,16.218239,1.6558611,3.747898073212094e-59,1.3697958441653765e-58
ICA1,16.18447,1.591842,6.4907383523197954e-59,2.3682783531268647e-58
CEP112,16.131207,1.8548666,1.5398388936007192e-58,5.603787887293821e-58
SYNGAP1-AS1,16.053926,2.2010002,5.365898497948721e-58,1.9437227287645422e-57
NT5M,15.9779825,1.7802304,1.8194014939583548e-57,6.552926271632079e-57
ZFY-AS1,15.975701,2.8714447,1.8872029585999684e-57,6.795875504947402e-57
LINC01214,15.958903,7.2245,2.4703421615841117e-57,8.879437071616072e-57
LINC02404,15.957584,2.4343085,2.523095668503662e-57,9.062396483347956e-57
APOA1-AS,15.910014,3.2202868,5.400110876328312e-57,1.9328584164622717e-56
LINC01705,15.902023,7.124096,6.135039081656688e-57,2.1939043265690437e-56
FBXL16,15.898632,1.774004,6.476399650407039e-57,2.3155525006242454e-56
SPRY3,15.87381,3.0861628,9.621864593832374e-57,3.437032609932675e-56
SLC18A2,15.842812,1.734701,1.5761411385736696e-56,5.623984281475122e-56
MKRN2OS,15.741937,2.237069,7.801898852378698e-56,2.763213696712151e-55
FBXL13,15.724757,1.5639089,1.023430906115909e-55,3.620118577526411e-55
NBL1,15.665943,2.18282,2.5856634229439114e-55,9.114801271872898e-55
TRBV11-3,15.659483,2.2513602,2.8621607209540908e-55,1.0085856471750342e-54
UBE2E2,15.616646,1.8290478,5.607935257229129e-55,1.9726060958738015e-54
TH2LCRR,15.60004,2.1942666,7.274783850133651e-55,2.5552498721848014e-54
CD44-AS1,15.519233,1.8620493,2.5710733910641364e-54,8.977652411909889e-54
GRIP1,15.427771,2.03259,1.0648554066721347e-53,3.703713223917585e-53
ADGRE3,15.39076,2.5329995,1.8879964462409905e-53,6.5562226193511445e-53
OVOL2,15.359041,1.9417677,3.0809584551810033e-53,1.0676145750129605e-52
MAFB,15.344026,1.9793856,3.8834860086038873e-53,1.3447541004487855e-52
ZNF460-AS1,15.3224,1.6215543,5.417901942329999e-53,1.875420223023411e-52
SLC1A2,15.236473,2.024758,2.0251175414900826e-52,6.979129984480088e-52
FUT7,15.223503,1.9863019,2.4694666651245575e-52,8.502995548681566e-52
PLA2G2C,15.192202,2.9471846,3.983165209002359e-52,1.36885452774426e-51
OSBP2,15.190459,1.6287253,4.0904227793239714e-52,1.4054678304795693e-51
CEMIP,15.169011,2.5317726,5.672519194390733e-52,1.946341497384497e-51
RNASEH2B-AS1,15.159207,1.6184781,6.585948483591471e-52,2.2581713672142613e-51
RBM47,15.144797,1.8145599,8.200663096358857e-52,2.8103428278380053e-51
TEC,15.094316,1.5495334,1.765112095087335e-51,6.02997791142964e-51
REC114,15.06722,2.777899,2.6607594726856984e-51,9.0738482679529e-51
UPK2,15.043451,2.0378554,3.811501396507547e-51,1.2976880947316147e-50
COL10A1,15.043445,2.2394416,3.8118924614254507e-51,1.2976880947316147e-50
ZNF358,14.976866,1.6303854,1.040082217721829e-50,3.526655490622206e-50
KCNC1,14.95077,2.7524893,1.5395675995022655e-50,5.212155499491407e-50
FAM66D,14.905463,2.8486402,3.037000616821249e-50,1.026745474601904e-49
LAPTM4B,14.781918,2.3628426,1.9163086273559736e-49,6.43085700910679e-49
LINC01890,14.776387,3.2676055,2.0803030121925027e-49,6.977608732016266e-49
PDZK1,14.732252,1.8000646,4.001436023214848e-49,1.3382344915786727e-48
LRMDA,14.711079,1.6922319,5.4727765201239746e-49,1.8281203643869226e-48
SMIM18,14.685974,1.7994478,7.928614116936258e-49,2.6444029493814336e-48
SYCE2,14.646754,1.9716175,1.4130740358657087e-48,4.701756968852268e-48
IGHG3,14.644867,3.2162428,1.452845166363182e-48,4.8332666126138626e-48
LINC01389,14.593175,1.5600396,3.104105069363008e-48,1.0279425959941673e-47
AQP11,14.529565,1.7017549,7.871925647472138e-48,2.596726922955745e-47
IMPG2,14.479635,1.993601,1.6295886440275422e-47,5.360193408359547e-47
S100A13,14.462639,1.8808272,2.0864142214186728e-47,6.858214931080227e-47
HIGD1B,14.42752,2.546212,3.4734860331572044e-47,1.1392754726252124e-46
LRFN4,14.335704,1.8781891,1.3091195839789753e-46,4.270898969539944e-46
FSCN3,14.323884,2.210783,1.5520151091695191e-46,5.058266431750358e-46
TAC4,14.284678,1.6805406,2.726633080158382e-46,8.871758582065052e-46
ZC2HC1C,14.282265,2.238369,2.8227798175735855e-46,9.183068241110545e-46
TRBV30,14.282087,1.8430771,2.8299733464707578e-46,9.204939900887598e-46
KATNAL2,14.272043,1.8902333,3.2685764823156278e-46,1.0620973863492562e-45
ESR1,14.233698,1.8048608,5.66075411211653e-46,1.8357579792160466e-45
SLFNL1-AS1,14.219518,1.5310149,6.932919368869683e-46,2.246082222020562e-45
SRGAP2-AS1,14.216088,1.9057443,7.281097499861477e-46,2.3581018847614924e-45
C1orf141,14.196862,2.9201913,9.580659478939133e-46,3.1007996143546304e-45
SPTBN4,14.165336,1.8972055,1.5014782568532753e-45,4.8523412931634835e-45
CXXC5-AS1,14.157897,5.4407215,1.6691549457000905e-45,5.3924424595442255e-45
HYAL2,14.113247,1.8886116,3.1474557330619155e-45,1.0138175108568816e-44
GPR153,14.027848,1.5433558,1.0529891458291005e-44,3.373426916434813e-44
FAM184B,14.024398,1.7408532,1.1054657300326522e-44,3.5398058264243063e-44
NUDT13,14.007008,1.7276025,1.4123100824766164e-44,4.518653318165864e-44
ELF3-AS1,13.965473,2.1129408,2.5321956459078276e-44,8.087155932613738e-44
EDRF1-AS1,13.946073,2.112225,3.3241286693613483e-44,1.0605992141213576e-43
OMD,13.943862,3.2608266,3.4287355603440853e-44,1.0937968282493162e-43
BCAR3,13.943123,1.6010182,3.464444064172747e-44,1.1048279245067195e-43
LINC02362,13.831037,1.5175669,1.656163614511233e-43,5.25418443721722e-43
IMPA2,13.782307,1.9412757,3.2569627308152323e-43,1.0297664681950633e-42
CRTC3-AS1,13.781819,1.6054887,3.279019523282923e-43,1.0365727630306985e-42
TRBV5-5,13.754293,1.627539,4.7994895404099874e-43,1.514536547762339e-42
LINC01344,13.737106,2.8783526,6.0859736616624975e-43,1.9189547633163347e-42
C7orf25,13.711589,1.8839742,8.654125503188267e-43,2.7265163072997584e-42
COPZ2,13.671607,1.6039286,1.50044525423992e-42,4.7165803590308044e-42
C14orf39,13.630884,5.538681,2.62382406284913e-42,8.218823317085285e-42
LINC00563,13.598859,4.379315,4.0672807954316096e-42,1.2715857262343143e-41
ACBD3-AS1,13.562841,3.5685894,6.650882977143326e-42,2.0726943477741773e-41
GRIN2C,13.560691,1.8684258,6.848803445664923e-42,2.1336950457693235e-41
CABP4,13.499325,1.5264436,1.578162566913604e-41,4.900267392790448e-41
SMC1B,13.479077,2.28797,2.0768821173692788e-41,6.441659418716444e-41
CDKN1C,13.416459,2.0043032,4.843060603339679e-41,1.4961952934346516e-40
TACR1,13.352079,1.9557841,1.1518810687578332e-40,3.540130163884605e-40
ITIH4,13.323295,1.5601548,1.694619807970529e-40,5.1999875180127514e-40
TAS2R14,13.317016,1.8153386,1.8433064185114376e-40,5.655349638982724e-40
EIF3CL,13.314356,2.649547,1.9101301710752745e-40,5.8594493161312075e-40
IGHG1,13.312783,2.1132488,1.9507633505783095e-40,5.983156307855229e-40
ZBTB20-AS2,13.298548,1.6556054,2.3600817864468444e-40,7.232902176537486e-40
IDI2-AS1,13.267643,2.039428,3.5662257968533145e-40,1.090203193138973e-39
FAM53B-AS1,13.255912,1.742177,4.170166099722273e-40,1.273635246439292e-39
NUCB1-AS1,13.244036,2.7559116,4.88515422154675e-40,1.490840577155752e-39
GLT8D2,13.222558,3.351641,6.50143979500515e-40,1.9810055108791774e-39
DEPDC4,13.2154,1.7544487,7.150554602076282e-40,2.1784532532061135e-39
GRK7,13.194759,1.9912676,9.405524830403682e-40,2.8618770001763216e-39
IGSF9B,13.177565,1.6225246,1.181433800710328e-39,3.589797610605543e-39
MYRIP,13.172359,1.9924419,1.2657882385074292e-39,3.8443185241523166e-39
TTC3-AS1,13.141026,2.098075,1.91612020024379e-39,5.8050224614290876e-39
LINC00534,13.055023,1.834729,5.949208863479711e-39,1.794298998775755e-38
LINC01524,13.043807,1.8243421,6.89276675698801e-39,2.0769581136547795e-38
ALPK2,13.018282,1.6505965,9.631336781402241e-39,2.8999230364437457e-38
GPR27,12.99531,1.5093582,1.3008041398481184e-38,3.913010823758337e-38
GREB1L,12.994539,1.5263944,1.3139628203396412e-38,3.951986546019997e-38
CD9,12.963774,1.6165779,1.9634573762104387e-38,5.894589435054597e-38
EEF1AKMT4,12.950956,1.8602698,2.3204504852637268e-38,6.962063032143608e-38
FRMPD3-AS1,12.942597,2.7425823,2.587317960514291e-38,7.76036754312441e-38
CP,12.848763,2.0144315,8.739578029816884e-38,2.6049666852620987e-37
SPTBN2,12.8133955,7.3725643,1.3796322196950861e-37,4.100963584231117e-37
LINC02182,12.811813,5.679856,1.4080548008472714e-37,4.184178639784268e-37
LINC01189,12.748212,22.490852,3.189799433442967e-37,9.437253600485633e-37
MLANA,12.718005,1.6893885,4.697012977766129e-37,1.3858737929572922e-36
TSPAN33,12.705423,1.7380338,5.517011991698961e-37,1.6263466504001997e-36
SYDE2,12.697752,1.9253155,6.085234296679758e-37,1.7922315580588423e-36
SNTG2,12.689747,2.1496303,6.740359933848096e-37,1.98428408583631e-36
NICN1,12.686639,1.8819973,7.013124218325194e-37,2.063651348935149e-36
GPR19,12.662983,1.7507907,9.482632856221614e-37,2.7869654510445262e-36
ZRANB2-AS1,12.655395,3.1717732,1.0444892827929297e-36,3.0683930769692314e-36
ADAP2,12.629983,2.1063504,1.443087242048495e-36,4.2355378959659445e-36
LINC01252,12.627877,1.8084042,1.4822387240321174e-36,4.3491449020633494e-36
HAR1B,12.626524,1.7448357,1.507940938833437e-36,4.4225701875138934e-36
RHCE,12.624428,1.6524118,1.5486288187448774e-36,4.5412211486887094e-36
CC2D2B,12.619157,1.8395717,1.6558389875119277e-36,4.8541509075106214e-36
GHRL,12.607204,1.9985405,1.927084396940121e-36,5.645688054443558e-36
BCL2L2-PABPN1,12.584936,2.931301,2.5554808326740724e-36,7.469103649554332e-36
DOCK9-AS1,12.527854,7.2290816,5.2565860787307664e-36,1.5322639116431347e-35
CIB2,12.518274,2.0723522,5.931055529234673e-36,1.727323926120912e-35
LINC01191,12.4276495,1.6849686,1.8499409103173003e-35,5.366885653534312e-35
AMZ1,12.426964,1.991713,1.8658671327290052e-35,5.412286992772187e-35
ZNRF3,12.422994,1.5054014,1.960851383405362e-35,5.685277799744573e-35
B4GALT2,12.40829,1.7532912,2.3563099151944733e-35,6.824788694571559e-35
ENO1-AS1,12.3415165,2.206211,5.412648969155472e-35,1.5635476089228563e-34
HCN2,12.290828,1.6728705,1.0146227167833904e-34,2.9223045808091526e-34
LRGUK,12.276296,1.8114572,1.214314184579061e-34,3.4959099549570493e-34
ARG1,12.245547,2.307779,1.7747684692384443e-34,5.101905304254132e-34
CFAP299,12.228775,1.9133027,2.182053134095576e-34,6.267197376777078e-34
EFCAB14-AS1,12.214097,1.7792896,2.6138626229235428e-34,7.498616596594031e-34
TRPA1,12.201024,2.3302488,3.0693895979044737e-34,8.80155563478821e-34
ASTN2-AS1,12.195003,3.3935287,3.304946715915532e-34,9.47285738055297e-34
ZNF295-AS1,12.158698,2.1936655,5.157416535283429e-34,1.4747965331349721e-33
TP53TG5,12.100128,1.6004106,1.0544595558566718e-33,3.0025705164440272e-33
USP50,12.081996,3.6073823,1.3148812022803143e-33,3.738136766848931e-33
DNAJC9-AS1,12.062999,2.1284394,1.6564066630697053e-33,4.7063402908302594e-33
IGHG4,12.053415,1.9236578,1.8607749150416834e-33,5.2854759090630944e-33
MKNK1-AS1,12.0504875,1.9501823,1.928058681226929e-33,5.475798588425042e-33
LINC00470,12.023722,2.151917,2.666822542729119e-33,7.565146928982805e-33
LINP1,11.942536,22.344517,7.10236292659495e-33,2.0054695201675318e-32
TFAP2E,11.937866,1.528739,7.512586969561118e-33,2.1206910245293126e-32
LINC00571,11.898245,1.6718228,1.2086279815779788e-32,3.4053898262804736e-32
FAM171A2,11.8861885,4.24338,1.3963431353770382e-32,3.9308937524180526e-32
DNAH7,11.828693,1.7950903,2.774271448888481e-32,7.787540340245272e-32
LINC01829,11.821281,2.2050903,3.0302646311315587e-32,8.501249935768077e-32
MYO5B,11.712922,2.3027766,1.0944111866065429e-31,3.0501977068105444e-31
KCNMB3,11.701182,1.8178034,1.256896662530139e-31,3.5000645926269764e-31
CCDC196,11.693391,2.75934,1.377732828530694e-31,3.8349183483198608e-31
LINC01556,11.629727,6.0642166,2.9102481672004937e-31,8.060542977463449e-31
MAMDC2-AS1,11.628323,2.6445081,2.9585427377118124e-31,8.191985890978455e-31
EGOT,11.627096,3.309478,3.0013435917929023e-31,8.309322496350242e-31
EDNRB-AS1,11.623188,2.2332819,3.141894868381494e-31,8.694753045465857e-31
MBOAT4,11.621914,1.8266053,3.1891043493858863e-31,8.824150722395788e-31
ACKR4,11.567663,2.4964685,6.0097131297902695e-31,1.6560775457504013e-30
DPP9-AS1,11.5566,2.469186,6.836256825249239e-31,1.8819903426628742e-30
ARHGEF37,11.552728,1.5716733,7.151385180542023e-31,1.967636462497839e-30
DEGS2,11.531319,1.8849368,9.17281440947218e-31,2.5213321023254895e-30
LINC02284,11.517751,1.7040011,1.0737790909914411e-30,2.9494257794105165e-30
TIMP2,11.512062,1.7246759,1.1470212957629463e-30,3.1488373618812197e-30
FOXP1-AS1,11.450589,1.607152,2.335528932715501e-30,6.386477103881628e-30
RAB19,11.425366,2.012399,3.1233622252538262e-30,8.530070066122383e-30
LOH12CR2,11.409969,1.853277,3.7285880690724924e-30,1.0173035601730414e-29
ITFG1-AS1,11.402052,2.5844252,4.083783172503681e-30,1.1140592376906739e-29
NUDT4B,11.394297,6.4601007,4.4642251652050926e-30,1.2175046415711952e-29
P4HA3,11.358864,1.5369506,6.701027451147132e-30,1.823976980999403e-29
FOXD1,11.33983,2.2573009,8.330575102656243e-30,2.2650089427369372e-29
C3orf20,11.302841,1.5529255,1.2703948107678147e-29,3.4473839491200385e-29
WDR64,11.298042,2.625709,1.3417564925469921e-29,3.6400237135948345e-29
CNTD1,11.28016,2.0390232,1.6444629383919853e-29,4.457521925260336e-29
CDK14,11.261926,2.092022,2.022883597974876e-29,5.479483145787981e-29
CCDC144NL-AS1,11.248212,2.4392698,2.3633483804002517e-29,6.3955194451213e-29
LINC02021,11.226109,1.8218664,3.03555663978774e-29,8.200990242629643e-29
PP2D1,11.193551,2.0463154,4.3851149183411996e-29,1.1820902152100922e-28
LINC00398,11.187917,3.8358371,4.6728323093831446e-29,1.2586095337922832e-28
KCNQ3,11.180468,2.420021,5.082152686262366e-29,1.3679169706297384e-28
CXCR5,11.158801,1.5660048,6.486039961922799e-29,1.744348955125142e-28
FNDC10,11.121747,1.5955449,9.832753143436348e-29,2.638608248913363e-28
RARRES1,11.076569,1.6924295,1.6300003877949132e-28,4.365705938731298e-28
TEX22,11.075327,1.5949787,1.6527651272543886e-28,4.426071987151208e-28
TOM1L1,11.073616,1.921384,1.684620907418571e-28,4.510763809026628e-28
SUSD4,11.07138,1.6884485,1.7272010644086483e-28,4.622879281678078e-28
LINC02211,11.059143,3.460036,1.979789606847468e-28,5.2953147931644685e-28
WDFY3,11.058388,1.9125246,1.9965305232590557e-28,5.339361661764823e-28
ZFX-AS1,11.055341,1.5549401,2.0655170288868357e-28,5.522344202931767e-28
STOX1,11.022826,2.5121646,2.9659741900384644e-28,7.918977070633466e-28
GATA3-AS1,10.984614,3.1752274,4.531709843581068e-28,1.205335030844017e-27
OCIAD1-AS1,10.912815,2.8849087,1.0010785739070042e-27,2.6529124504621153e-27
LINC01030,10.908349,6.4653034,1.051486420686422e-27,2.785741440562132e-27
CALY,10.782617,2.0789268,4.158826544250797e-27,1.092347890173149e-26
PRICKLE4,10.740838,5.0093274,6.544760753374284e-27,1.7148885701931975e-26
NPW,10.735052,1.6704164,6.967930442800413e-27,1.825280627907878e-26
C1QTNF7,10.674853,2.0848691,1.3346768396422603e-26,3.4892393317461257e-26
KLHL4,10.654202,1.7656084,1.66667429660936e-26,4.3531076663176666e-26
DYNLRB2,10.644531,1.6952518,1.849124421407252e-26,4.8270633241858475e-26
TAS2R20,10.55153,3.9941165,4.997685326601169e-26,1.299770155116051e-25
UNC5D,10.546617,2.2863863,5.265959301911433e-26,1.3691774065878676e-25
RAB32,10.532878,1.6092652,6.094220864527843e-26,1.584108845338481e-25
ZBED3,10.525122,1.72219,6.61760768511025e-26,1.719014299511979e-25
TCAF2C,10.518499,4.0756326,7.099504401659597e-26,1.842970312173985e-25
BRDT,10.466852,2.1921206,1.22653834029871e-25,3.175142511306411e-25
KCTD16,10.465333,2.6855273,1.246373035265883e-25,3.2260618457781483e-25
ADORA2A-AS1,10.434702,1.6786106,1.7215361303739502e-25,4.447718378552609e-25
LINC02536,10.327255,2.3198988,5.305715555930825e-25,1.3605325907280092e-24
FAXDC2,10.274714,1.5083888,9.161520094453126e-25,2.3446589747352703e-24
NCS1,10.261976,2.7216423,1.0454523471331775e-24,2.672424758811498e-24
FZD6,10.243718,1.5662398,1.2628729323067961e-24,3.2239918511910485e-24
IL20RB-AS1,10.180079,1.6546779,2.4336237585095297e-24,6.195024028426496e-24
LARS2-AS1,10.179074,2.9729247,2.4588829205126997e-24,6.257695537598193e-24
NT5C1B,10.141126,3.2041054,3.628923775782902e-24,9.219784529280685e-24
TYMS,10.136572,1.5653548,3.802074031694287e-24,9.658442769335818e-24
ECM2,10.106385,1.9389956,5.1758796985984914e-24,1.3114283820040823e-23
NRG4,10.085582,1.7877686,6.398523659179578e-24,1.619535777555633e-23
MARCKS,10.077225,1.5080037,6.966612681034685e-24,1.7621855861231478e-23
GLIPR1L1,10.049704,1.8410085,9.214377272182669e-24,2.3265410898331673e-23
CXCL17,10.049597,2.303711,9.224414521706755e-24,2.3287749111180208e-23
C5orf67,10.047396,5.431057,9.432727224972155e-24,2.3810578733005046e-23
MTMR7,10.0409565,1.7450616,1.0069331838158087e-23,2.5414250665429824e-23
SERPIND1,10.0090275,2.4367063,1.3911369144377382e-23,3.502543379016683e-23
LMO2,9.957162,1.8852174,2.3466601794132094e-23,5.896179557108074e-23
RNF32,9.952003,1.7011068,2.4715897104527014e-23,6.206887506947954e-23
VWA8-AS1,9.9459,3.2508328,2.6278674265744464e-23,6.595114762499521e-23
AQP9,9.896739,2.2376578,4.300699299381198e-23,1.0757520630230255e-22
MED4-AS1,9.872162,2.3965945,5.496691342930923e-23,1.3726296094751443e-22
GRB14,9.858717,2.4878612,6.284713498583307e-23,1.5682131310925547e-22
ASPN,9.84541,2.4572992,7.174563742878126e-23,1.7882035832459453e-22
IL1R2,9.832497,3.6437035,8.157105965553765e-23,2.0312833995158577e-22
SERPINE3,9.791517,2.2223387,1.2244454419485737e-22,3.040988502100481e-22
CFAP100,9.776143,1.8997853,1.425392356832113e-22,3.538256709183152e-22
RBM5-AS1,9.771507,1.576217,1.4921556872235756e-22,3.700228423215173e-22
CELF6,9.752367,1.5163505,1.8021565259404163e-22,4.465569064151205e-22
TRBV11-2,9.748111,1.5589998,1.8793242284369847e-22,4.6561935302677785e-22
LINC02455,9.732409,1.7390981,2.1933671258304497e-22,5.429450717046203e-22
LINC02109,9.727652,2.632743,2.2983871914752114e-22,5.68869726319086e-22
IL19,9.7073,2.6538062,2.806731042636325e-22,6.938990908693317e-22
TMEM121,9.687781,1.5074662,3.398309507088951e-22,8.388812972715604e-22
LINC01479,9.666572,2.7312489,4.181528271571913e-22,1.0309203126889152e-21
LINC01560,9.621175,2.0909848,6.508358169087472e-22,1.6013523532340457e-21
TRBV7-5,9.611521,5.5207415,7.148500174506512e-22,1.757309691139993e-21
FMNL2,9.600684,1.5462738,7.941549121085648e-22,1.9500593951738482e-21
SH2B2,9.572596,1.7078027,1.0425483057416533e-21,2.5551835228898635e-21
ECT2L,9.558986,1.5342345,1.1891585395688522e-21,2.9134160889299235e-21
MAPK11,9.548943,1.6469008,1.3102626401140455e-21,3.2065056705542327e-21
TOX2,9.530112,1.7035992,1.57112747881048e-21,3.840097739865535e-21
CRLF1,9.498372,1.7030649,2.1319777510618627e-21,5.204408761574168e-21
FSIP2-AS1,9.491088,3.160342,2.2863611184779872e-21,5.5791887225810266e-21
SIRPG-AS1,9.455403,2.350285,3.217775930992908e-21,7.837371100033512e-21
RRAGD,9.451856,1.6630034,3.328766011777823e-21,8.106694874731604e-21
BATF3,9.449929,1.7846348,3.390611920733877e-21,8.256283482444065e-21
LINC02421,9.42959,3.3282337,4.1169430092366645e-21,1.0006252739379338e-20
CHRNA1,9.404169,1.717509,5.2442777312904286e-21,1.271466071687413e-20
TP63,9.371488,1.5120887,7.151700710123172e-21,1.7313433068871734e-20
COX7B2,9.370335,3.1073568,7.230287642061501e-21,1.749718879295813e-20
ACMSD,9.3624935,2.498334,7.787664405746083e-21,1.882973150767816e-20
CHRM3,9.36222,1.531814,7.80789295508073e-21,1.887630953113661e-20
CCSER1,9.335598,1.5262017,1.0042240332364679e-20,2.4227167898374066e-20
SLC9A5,9.318764,2.0230856,1.177032009075625e-20,2.837871162344977e-20
HSD11B1,9.315783,1.7066212,1.2105705350596044e-20,2.9165777185479364e-20
PTCSC2,9.310649,1.9751775,1.2705419324569213e-20,3.0606874965304734e-20
LINC02197,9.307203,3.2679665,1.3124286144763177e-20,3.1608126926858563e-20
VPS37D,9.305849,3.031433,1.3292586538757217e-20,3.200951678444514e-20
FOXN3-AS1,9.300007,1.6242142,1.404370792433919e-20,3.380995037690321e-20
PRR7-AS1,9.286976,1.5061045,1.5873433282051528e-20,3.8186789090629984e-20
BTBD18,9.284943,2.271981,1.617942642684543e-20,3.891813353663323e-20
DNAH14,9.255875,1.8085614,2.124841910271653e-20,5.10295857881636e-20
CTNND2,9.213051,2.7956274,3.1698383746250794e-20,7.593022073039975e-20
LINC00882,9.203259,1.9590328,3.472535388247023e-20,8.315048027070209e-20
JARID2-AS1,9.193201,1.5583698,3.8132231386460203e-20,9.127480168443465e-20
GAB1,9.186646,1.6259474,4.0528031703269464e-20,9.696203990335945e-20
DRD3,9.122674,1.9045081,7.329304142237974e-20,1.7458286482691744e-19
ZNF625,9.121031,1.6638564,7.441343843416179e-20,1.771869266585152e-19
BAALC-AS1,9.109469,2.057928,8.278609019740311e-20,1.969314627987824e-19
OSMR,9.108784,1.5836312,8.33108391827097e-20,1.9815564618053523e-19
LINC01763,9.10689,4.6054955,8.477740401047333e-20,2.016193779383741e-19
NUTM2E,9.083167,3.7491593,1.0546053368093293e-19,2.5038239784864056e-19
UBE2R2-AS1,9.07693,1.6000087,1.1167989872629265e-19,2.6501967721029524e-19
CEP55,9.049095,1.9507359,1.4415767270312802e-19,3.4151057378387517e-19
CHST15,9.041716,1.8940042,1.542324192778619e-19,3.649800435880036e-19
ZSWIM8-AS1,9.0216055,1.6960471,1.8535188591914547e-19,4.383040125275938e-19
RMDN2-AS1,8.999873,2.130077,2.2597889292645043e-19,5.334083204806734e-19
GRIK2,8.977951,2.0220134,2.7585642237006514e-19,6.506700184350813e-19
SCN5A,8.93084,2.7106214,4.227887553013761e-19,9.93530727001e-19
TUBB6,8.930013,1.7865438,4.259581799798205e-19,1.0008585093473976e-18
KIF15,8.928618,2.2388625,4.313629007298069e-19,1.013436095747492e-18
LHX4,8.901096,2.315159,5.529751197364645e-19,1.2969695724563272e-18
TRPC5,8.894483,2.6952775,5.869194776657043e-19,1.3760891851141267e-18
CCDC192,8.88986,1.791478,6.118592899890185e-19,1.4343911089619162e-18
SLC5A11,8.853652,2.2596593,8.47011482721664e-19,1.9823371240159696e-18
DNAH9,8.851635,1.5578213,8.624604488830829e-19,2.0182523396010723e-18
CLDN20,8.816283,2.3581274,1.1832171930292462e-18,2.7639004456483574e-18
RSPH14,8.787169,1.907351,1.5337493523741222e-18,3.5758855388129185e-18
NOXRED1,8.761237,1.5036588,1.9311898136882886e-18,4.4944722019805456e-18
VAV3-AS1,8.750376,1.6060672,2.1264369644378108e-18,4.945343299277286e-18
EPB41L3,8.739024,1.9674507,2.351324843949022e-18,5.462510334369519e-18
DSCAML1,8.719157,2.0034308,2.8028091405161458e-18,6.5021184661078774e-18
NID1,8.700095,3.4651217,3.316070235097121e-18,7.681882604520002e-18
ALDH1A3,8.656984,3.0312045,4.844096340414773e-18,1.119249937291726e-17
PRKG2,8.637976,1.8944607,5.721801730560085e-18,1.3206442116489707e-17
DOCK9-DT,8.623411,1.669066,6.4988662465470534e-18,1.4991136945942797e-17
KCTD4,8.599274,4.9689646,8.022236556290312e-18,1.8474652810814267e-17
LINC02373,8.599021,4.593434,8.039882109851922e-18,1.8513110511365312e-17
NRIR,8.57768,1.8665942,9.680600405871505e-18,2.2259693154182563e-17
LINC01980,8.543418,2.5373292,1.3030960570570268e-17,2.988979444905861e-17
COL5A1,8.530038,2.3786082,1.4629974085696195e-17,3.353395020603293e-17
EVC,8.512612,1.9342283,1.700581784119846e-17,3.893866645408044e-17
ATXN2-AS,8.507628,1.763062,1.7752633058197224e-17,4.063440445465005e-17
FBXO16,8.490397,1.5654824,2.059322196278873e-17,4.710323405819402e-17
GATA2-AS1,8.473735,2.4142046,2.3764797468148156e-17,5.434492893031706e-17
GMPR,8.471583,1.5387444,2.420799250213731e-17,5.5345483967966226e-17
OGN,8.460034,1.5818393,2.672988329687582e-17,6.108260613724933e-17
RTN1,8.4457245,1.9855692,3.021661683628641e-17,6.89859710946742e-17
LINC02156,8.443613,2.374966,3.076777335903268e-17,7.023609298758184e-17
CLVS1,8.438217,2.3843598,3.222137466791211e-17,7.349433028344844e-17
ATP6V0E2-AS1,8.427347,1.583129,3.535890718780963e-17,8.061562066444333e-17
CCDC183-AS1,8.420678,2.0580952,3.743100430640804e-17,8.531740154546214e-17
SLCO4A1,8.403237,2.3011096,4.34337217559709e-17,9.882686829312076e-17
LINC02583,8.387873,21.209967,4.950162809410973e-17,1.1254186807779009e-16
LINC00184,8.387873,21.23808,4.950162809410973e-17,1.1254186807779009e-16
PDE6C,8.379121,1.654753,5.332464237906092e-17,1.2117716897845362e-16
ZDHHC23,8.378409,1.6127833,5.364756338724748e-17,1.2189683236898033e-16
LINC02315,8.35626,2.1979437,6.473783146095806e-17,1.4678909455712947e-16
ART3,8.342938,2.747386,7.2467139118834e-17,1.6416265087721042e-16
PAPPA,8.33953,2.1504407,7.458636085731881e-17,1.6892429505277946e-16
FOLR3,8.328839,2.2638273,8.163875327685475e-17,1.8476834653267334e-16
CFAP44-AS1,8.3109455,2.0011778,9.494258142867568e-17,2.1453076598109994e-16
EHMT2-AS1,8.294828,1.8395946,1.0874187980338817e-16,2.454563506739762e-16
KCNMB2-AS1,8.293484,1.6435868,1.0997865462749164e-16,2.481907869623753e-16
GP1BA,8.284659,1.9941984,1.184471713933138e-16,2.670862237640429e-16
UPB1,8.280944,1.5743705,1.2220320972741893e-16,2.7552395528818224e-16
SERPINE1,8.265822,2.2582824,1.387345991441206e-16,3.125441671715579e-16
PPL,8.257942,2.1021717,1.4820485154432404e-16,3.3372526294813957e-16
ITCH-AS1,8.246226,1.6282452,1.634747359527684e-16,3.6781345672344165e-16
SLC30A8,8.244458,2.5043836,1.659099055201641e-16,3.7320669401294066e-16
LINC02449,8.243806,2.2441363,1.6681714578671697e-16,3.7520435732810087e-16
E2F1,8.207719,1.7653326,2.2543000990923484e-16,5.05931234534225e-16
SPART-AS1,8.188946,2.6799438,2.635251915212845e-16,5.908181654088559e-16
LINC01962,8.188379,1.7898663,2.647665765203113e-16,5.93533322184609e-16
ARMC2-AS1,8.18038,2.458984,2.829504704535389e-16,6.340786538977153e-16
PTH2R,8.173748,1.8895394,2.9895435829963666e-16,6.697892011915835e-16
OVCH1,8.147917,2.0755835,3.702455944395154e-16,8.280907294539305e-16
TSPEAR,8.140756,2.6787055,3.928181579315686e-16,8.779743819994215e-16
LINC01258,8.13609,3.0455167,4.0824808920247304e-16,9.123570819454081e-16
ERICH2,8.130536,3.788428,4.273948197849285e-16,9.546012822225181e-16
NOP53-AS1,8.115709,2.0527709,4.829564088029096e-16,1.0779617893755373e-15
GPR156,8.078462,2.088881,6.558878017830046e-16,1.461112534755218e-15
NEURL2,8.069969,2.2082632,7.031570715710553e-16,1.5657006800753767e-15
TLDC2,8.069872,2.140264,7.037177078663336e-16,1.5667707483818884e-15
ADAMTS13,8.054954,1.7764208,7.950896526702323e-16,1.7683921713402028e-15
CAMP,8.0462675,2.2227063,8.535730799769133e-16,1.8978204782397725e-15
LINC01117,8.043441,2.015018,8.735034909763382e-16,1.9414716391895713e-15
ATP6V0A4,8.0001545,1.5796283,1.2426359803937636e-15,2.754094559332333e-15
DIO1,7.9792013,2.313498,1.4728347032436951e-15,3.258755028615177e-15
TBL1XR1-AS1,7.9488297,3.6235077,1.8828177585873632e-15,4.15741118258153e-15
DCDC2B,7.93256,2.456947,2.1467398068100807e-15,4.735896791393423e-15
LINC02413,7.88944,1.9118913,3.0354580784259383e-15,6.679919442042146e-15
XCR1,7.8819947,3.5838952,3.221953544318933e-15,7.0863422451649866e-15
TTLL2,7.870247,2.9627783,3.539419877803994e-15,7.77845554457194e-15
RASIP1,7.8435245,1.8587942,4.3807409753720616e-15,9.612282956501514e-15
CNGA4,7.8416443,1.8438158,4.4468433116273795e-15,9.754044380890547e-15
FAM182B,7.836821,1.7476808,4.620949460336063e-15,1.013480598967228e-14
EFNA3,7.8330154,1.9304608,4.7630489212886975e-15,1.0441781457738879e-14
GRIN2D,7.8322935,1.9055707,4.790496717783477e-15,1.0500777391462649e-14
LRRC4,7.8275833,2.751228,4.9733681242466064e-15,1.0897969479872071e-14
GRB10,7.8186955,2.5706353,5.337362011829763e-15,1.1685108508333499e-14
CNGB3,7.7979264,3.03274,6.293268144380183e-15,1.3765556790658553e-14
LINC01721,7.777171,1.8525378,7.416423006453823e-15,1.6202362999920553e-14
LINC01412,7.76652,2.5138285,8.067169942960449e-15,1.7614191189896235e-14
KRT23,7.7613406,2.8510063,8.403627567571496e-15,1.833859532086975e-14
LRRN1,7.754436,1.6415609,8.873709377887974e-15,1.935794259827334e-14
RAD54L,7.7538013,2.0566416,8.918190308174706e-15,1.945280882291413e-14
LINC01483,7.7476406,1.5004869,9.361557971198088e-15,2.040625669827383e-14
LINC01098,7.7186503,3.6572633,1.1756813074212288e-14,2.5578976899731605e-14
VWC2L,7.7085185,1.9268084,1.272868756940504e-14,2.7687300840164275e-14
ZNF649-AS1,7.684596,3.3870032,1.5348057011531365e-14,3.3366379246933206e-14
MAP3K20-AS1,7.663656,1.7255468,1.8071344334258462e-14,3.9217041802458644e-14
ACER1,7.6214676,1.5161682,2.508078727138259e-14,5.4319960744484176e-14
BMP8A,7.6002884,2.3054276,2.95471270509589e-14,6.386592092490485e-14
LINC01476,7.597221,2.0379884,3.025582890810285e-14,6.538333076463352e-14
ITGB3,7.5895715,1.5645648,3.2096505351227666e-14,6.934574546900994e-14
BOK-AS1,7.570126,2.3629088,3.728624573039729e-14,8.044291691867853e-14
KIF4A,7.5588937,1.6584849,4.065112895300163e-14,8.761551837783192e-14
ATP2C2,7.5392156,2.586618,4.728074660223279e-14,1.0180343854670899e-13
CCDC150,7.5334644,1.501024,4.941143326930787e-14,1.0634436056025256e-13
RGS20,7.472685,1.7717212,7.857490627373497e-14,1.6855445800969589e-13
ANPEP,7.4623075,1.5356857,8.50201060002307e-14,1.8228042447819812e-13
ADAM23,7.459211,1.8330901,8.704220691553029e-14,1.865748608744766e-13
PLCH1,7.452881,3.1441946,9.132374024377524e-14,1.9568801457404662e-13
PRKCG,7.397538,2.04216,1.3873236076659494e-13,2.9630155375253544e-13
CD163L1,7.3840575,3.6039984,1.5353704990592283e-13,3.275992795288516e-13
FBXO39,7.373845,2.3373218,1.6577585177339824e-13,3.5367442951393993e-13
ZBTB20-AS3,7.369905,1.9901097,1.707494183590815e-13,3.642455705276907e-13
LPP-AS1,7.368061,2.7425938,1.7312728906818456e-13,3.691973400704267e-13
TAT-AS1,7.325975,2.5207293,2.371681945277291e-13,5.044464380998482e-13
KMO,7.3217144,1.8449646,2.448231859757963e-13,5.205019668811802e-13
CCNE1,7.300007,1.5551635,2.8775313130373433e-13,6.111084516335439e-13
KCNN1,7.2765207,1.9739553,3.4253925463713785e-13,7.265129129351305e-13
IL34,7.255677,1.6442626,3.9965773043405513e-13,8.458254887663412e-13
TANC1,7.2499084,1.5006443,4.1705301237501575e-13,8.818773877409022e-13
SPOCK3,7.2394423,3.7369156,4.5053346173746017e-13,9.515422319782646e-13
LRP11,7.206187,1.5851789,5.754050154485017e-13,1.213049487426878e-12
ECSCR,7.1956096,2.3310156,6.218225237209438e-13,1.310199541743451e-12
MRC1,7.195111,2.721768,6.240997387726176e-13,1.3148561249249118e-12
KIF26B,7.1921725,1.6341419,6.376839319325614e-13,1.3431861334829238e-12
DIAPH3,7.1731277,1.7480276,7.330350017813495e-13,1.5425345644539677e-12
C2orf15,7.1683474,1.6529639,7.590857397691477e-13,1.5968382880888713e-12
LMNB1-DT,7.1682367,2.054246,7.596975429273643e-13,1.597953511770683e-12
EXO1,7.14432,1.5048828,9.044249247907805e-13,1.900127434862142e-12
RN7SL832P,7.135528,1.54994,9.64162525356895e-13,2.0245447254194356e-12
HTR2B,7.1353664,2.2880788,9.652976307693362e-13,2.0267107337869494e-12
CMTM2,7.1336,1.8476967,9.777697545325707e-13,2.0526765965769062e-12
RARB,7.1334124,2.0288706,9.791051420996271e-13,2.0552595387905496e-12
B4GALNT4,7.132803,1.7936354,9.834536398786854e-13,2.0641661294804374e-12
CUEDC1,7.103663,1.9017757,1.2149302339954854e-12,2.5448249645497387e-12
LINC01819,7.0792356,2.7120583,1.4495188157481737e-12,3.0316571383668513e-12
VPS9D1-AS1,7.072789,1.5283493,1.5184991767383552e-12,3.174571783164117e-12
NMU,7.049038,1.8367598,1.8015901213352796e-12,3.761980097565761e-12
PRUNE2,7.033722,1.5174987,2.010953983716763e-12,4.19558029143508e-12
FAM228A,7.027667,2.2395687,2.1001548831739917e-12,4.3798178358679175e-12
THSD8,7.014796,2.396003,2.3028500361592465e-12,4.797931165626505e-12
RDH10-AS1,7.0129843,1.9599986,2.332874194837476e-12,4.859450952158796e-12
LY86-AS1,6.995516,1.7018062,2.6428486489563584e-12,5.501623655614683e-12
CPLX2,6.9812584,2.4321845,2.9254739177341524e-12,6.0854335731074615e-12
SLC26A7,6.980324,2.0751665,2.9450047761798257e-12,6.12475857798776e-12
FOXP4-AS1,6.9692926,3.1583974,3.1853895868180144e-12,6.619061636917798e-12
USP2-AS1,6.964672,1.8697169,3.2916997755261847e-12,6.839242005467868e-12
LINC00582,6.9241147,3.5665243,4.3871093156174825e-12,9.095884200890326e-12
CMYA5,6.90283,1.6818819,5.097662456259387e-12,1.055343408210788e-11
SHBG,6.894049,2.7315073,5.4226238587464616e-12,1.121313575694291e-11
HTT-AS,6.8940153,2.5494525,5.423921894850802e-12,1.1214634788508083e-11
RNF157-AS1,6.8776956,1.5368372,6.0828587942360285e-12,1.2559091886587892e-11
IGLV3-19,6.830332,2.175769,8.471857940437027e-12,1.7441064300733483e-11
SPATA32,6.8254485,1.5564702,8.76509341992716e-12,1.8037159327072738e-11
LLPH-DT,6.8099494,1.5682366,9.763293917581795e-12,2.0070189660598862e-11
LINC02029,6.7962656,3.5964553,1.0736585996684558e-11,2.2043176454005188e-11
ABCC11,6.787113,1.7293087,1.1439926768933679e-11,2.3467500473267034e-11
LINC02585,6.7819533,2.1319,1.1856158959032286e-11,2.4311151473367263e-11
ITPKA,6.7710876,2.9259474,1.278176841999686e-11,2.61762055931448e-11
RGPD3,6.7702737,2.3865829,1.2853880325745178e-11,2.6321131248867898e-11
SAMD12-AS1,6.716215,2.3895242,1.8650514310984136e-11,3.808737883921285e-11
AFF2,6.7149715,2.1448927,1.8810322508917123e-11,3.840972460132425e-11
MYBL2,6.6838655,1.797487,2.327204661978456e-11,4.74016246753351e-11
THEM5,6.6518435,1.8757555,2.8944455201912434e-11,5.883298009670952e-11
GPC5,6.642022,1.5764891,3.094084874953278e-11,6.285171061256695e-11
CKMT2,6.6294174,2.1326907,3.3701407506975115e-11,6.837419824743276e-11
PRB1,6.624358,3.57918,3.487604804078277e-11,7.074266694952185e-11
DYRK3,6.6146855,1.7838223,3.7234198488175156e-11,7.549464262942819e-11
HSF2BP,6.609178,2.019534,3.8645950288204846e-11,7.83083727078381e-11
TMPRSS5,6.5965466,1.8055516,4.208445658248328e-11,8.524934227805723e-11
LINC01800,6.593262,4.158551,4.302655432737323e-11,8.712164891122096e-11
LATS2-AS1,6.591683,1.9167904,4.348682347763484e-11,8.804450717127352e-11
LINC00377,6.5916376,2.237707,4.3500118391945564e-11,8.806231292091772e-11
ZDHHC11B,6.590885,1.8029735,4.372121230013554e-11,8.850074296979955e-11
NECTIN3-AS1,6.5815854,2.1925077,4.654583855941367e-11,9.412100536639524e-11
PTGS2,6.581373,2.2759438,4.661225052943492e-11,9.424555883033505e-11
TNS3,6.5779967,1.6086035,4.7682884068634447e-11,9.638040238147287e-11
HSD17B3,6.57635,5.251397,4.821365099466201e-11,9.743310158665148e-11
PCOLCE-AS1,6.5672083,1.8868616,5.1267368374908995e-11,1.035293977667925e-10
RFPL3S,6.5433707,2.3132603,6.014757267506843e-11,1.2134938675180318e-10
TEX28,6.533982,3.6895223,6.404365395518689e-11,1.2912995575426038e-10
CELA2B,6.533597,3.4136717,6.420865943071492e-11,1.294493146239676e-10
MYOF,6.5188823,1.5586972,7.083321436828911e-11,1.427313704828217e-10
FAM81B,6.518737,2.5493882,7.090197543185421e-11,1.4285521573831582e-10
SEC62-AS1,6.5178533,2.0743706,7.132068419920627e-11,1.4365446715492213e-10
GYPE,6.513184,2.8735385,7.357427375419512e-11,1.4808695626641536e-10
HM13-AS1,6.4591665,2.0022578,1.0528111863113069e-10,2.113181792362258e-10
ANLN,6.4508934,1.675007,1.1119275792437677e-10,2.230694983662297e-10
PGLYRP1,6.4484363,2.9568787,1.130102314199915e-10,2.266691480551859e-10
PHLDA3,6.424886,1.6494212,1.3196829842460592e-10,2.6412556648999577e-10
FRY-AS1,6.424667,1.8859451,1.321587353558616e-10,2.644796618371343e-10
TTC23L,6.4102755,1.7880229,1.4525689216557947e-10,2.9033573706803464e-10
SLC5A10,6.358912,1.7217435,2.0318778079276567e-10,4.050095237397208e-10
GDAP1L1,6.33757,2.0596251,2.334167336367629e-10,4.6493267954032737e-10
TUBA4B,6.33538,1.5283573,2.3675658635122135e-10,4.71537188979206e-10
TOMM20L,6.3265553,1.7514062,2.5069487494126334e-10,4.988912145683556e-10
ZACN,6.3152857,2.106065,2.6966278851725967e-10,5.359294582272737e-10
LINC00472,6.298852,20.448412,2.99857789201244e-10,5.952741421416195e-10
CXorf58,6.2919936,2.8279636,3.1341400444253575e-10,6.216812203681236e-10
CCDC73,6.2862887,1.5606298,3.251453184648395e-10,6.446897954929556e-10
SLC2A12,6.2607336,3.4084551,3.831700433444021e-10,7.58510005883992e-10
LRRC24,6.213724,1.7233943,5.174329749086386e-10,1.0202668735401289e-09
IL5,6.199437,1.6434659,5.666549358922537e-10,1.116422048483651e-09
GPR173,6.18271,2.2247357,6.301030879750816e-10,1.2401787593538923e-09
ALKBH3-AS1,6.182294,2.2505474,6.317671974274043e-10,1.2433290273820223e-09
GJC2,6.180083,2.6757972,6.406790958605254e-10,1.260672984977148e-09
ARHGAP42,6.1662126,1.5584692,6.994509673509519e-10,1.3750107021421968e-09
LINC00200,6.158125,1.573537,7.361118031604209e-10,1.4464988716853903e-09
TMEM184A,6.149983,1.5610191,7.749136638734335e-10,1.5219823923191157e-09
C3orf49,6.144473,2.1518674,8.022949163338205e-10,1.5751286167171865e-09
GRIA3,6.143118,1.7798123,8.091708588393833e-10,1.588468636212786e-09
SIRPB2,6.115061,1.7808015,9.652012767749912e-10,1.892301230731693e-09
ADGRE1,6.098005,1.6843101,1.0740063583124974e-09,2.1041406106787093e-09
SHB,6.073108,1.5350689,1.2545802845005642e-09,2.454962700710704e-09
LINC02091,6.0685863,3.1830575,1.2904085248572326e-09,2.5245664881430043e-09
SMTNL1,6.0480623,1.9915845,1.4659813341183034e-09,2.8637638760134733e-09
IGHV3-30,6.0471845,3.02036,1.4739890803293612e-09,2.878832051490662e-09
CYP3A7,6.0461526,2.415516,1.4834548320003956e-09,2.896741258615282e-09
LMOD2,6.0452137,1.5569329,1.492122009166496e-09,2.9127936427942934e-09
LINC01727,6.030097,2.128411,1.6386122260047592e-09,3.193661756818837e-09
C6orf58,6.028536,3.6944077,1.6545155112384946e-09,3.224336174077767e-09
SEC23A-AS1,6.0102243,1.691784,1.852669995378786e-09,3.606909408971454e-09
LINC01878,6.004961,4.694772,1.913781180511323e-09,3.7247732385364595e-09
MYB,5.995062,1.5064151,2.0340825367090895e-09,3.956946722171534e-09
RNASE2,5.990868,1.8666354,2.0872379140459334e-09,4.059947465412607e-09
TMEM225B,5.990483,1.5719566,2.0921875087857562e-09,4.068766166956835e-09
CHODL-AS1,5.989892,2.0227816,2.099804650606254e-09,4.0831737457083546e-09
LINC00850,5.989794,2.1123962,2.1010726068275062e-09,4.0852333833863915e-09
LINC01786,5.95284,2.099257,2.6352891964311967e-09,5.112257261402365e-09
LINC01364,5.922136,2.8734393,3.177872743071353e-09,6.1495860202156085e-09
LHFPL4,5.90718,2.405534,3.4801375789703813e-09,6.7271887923829316e-09
CPHXL,5.8968906,2.2285147,3.704148952517353e-09,7.155260286560667e-09
LINC01392,5.8956656,1.767107,3.731743424271328e-09,7.2078526627323405e-09
PPP1R42,5.8911157,1.9660856,3.835971362038892e-09,7.4033225774116815e-09
EPHB1,5.8904204,1.7627444,3.852143731311112e-09,7.433068586361882e-09
CABLES1,5.890239,1.5611051,3.8563843635736575e-09,7.440517573102872e-09
LINC02332,5.8648367,1.5794575,4.495749891241981e-09,8.655335878770474e-09
KBTBD12,5.8571897,2.4316418,4.707648763162869e-09,9.057942084323603e-09
CCNB2,5.836368,1.5702537,5.33510197501472e-09,1.0255135112680553e-08
RRH,5.830783,2.9765067,5.516786601527724e-09,1.060124523408568e-08
CDC42BPA,5.8197985,1.6817214,5.891866854140362e-09,1.1313124384439073e-08
RAPGEF5,5.803417,2.0396166,6.497683603926871e-09,1.2465360074670687e-08
ARL14EPL,5.8032837,2.0993927,6.502856800859454e-09,1.2472838843287374e-08
ARHGEF17,5.801256,1.7040797,6.582004021957565e-09,1.262341024224891e-08
APOBEC3B,5.790785,2.2223635,7.00583175734019e-09,1.3428358882126832e-08
TUB,5.762846,2.1763315,8.270715910375626e-09,1.5831103290054804e-08
CCR3,5.757887,1.7188802,8.517333806788433e-09,1.629678184523673e-08
DGKI,5.721517,1.8489703,1.0557689435982128e-08,2.0157368219660288e-08
TEX52,5.7117615,2.1599689,1.1181274581841754e-08,2.1329224119465726e-08
FAM72D,5.68162,1.9639715,1.3342489302086396e-08,2.539745434467185e-08
TMEM158,5.6811323,3.2758813,1.3380588293138631e-08,2.5467498465143152e-08
PBK,5.6808844,3.1385245,1.3400009866402856e-08,2.550198337539108e-08
TMEM200B,5.6807823,2.5502355,1.3408014942633254e-08,2.551473659413085e-08
DCST1-AS1,5.6806946,2.6965368,1.3414880128776256e-08,2.552531839361083e-08
FREM3,5.6806655,2.4802475,1.341716928477257e-08,2.5527191887645082e-08
LINC01719,5.6643906,2.1991644,1.4754797602800986e-08,2.804486444794655e-08
CPNE9,5.6606297,1.5374764,1.5081836972319685e-08,2.8663693266739664e-08
LINC02125,5.657955,2.153367,1.5318693105270894e-08,2.910536816039818e-08
LIN7A,5.6570773,1.8763626,1.5397235290803978e-08,2.9248917597364553e-08
LINC02250,5.622645,2.2536526,1.8805567886394837e-08,3.5619722427739245e-08
KCNG2,5.621853,2.5281954,1.889202418512924e-08,3.577878262214913e-08
FPR2,5.621842,1.9445585,1.8893201187380775e-08,3.577878262214913e-08
JPH3,5.621198,2.0663574,1.8963782448778785e-08,3.590896990107444e-08
STX19,5.6188955,2.984584,1.921818049617039e-08,3.6387165549014235e-08
CTSV,5.617648,1.8158042,1.93574403453931e-08,3.664374505936463e-08
RUSC2,5.601805,2.1619864,2.1213062671542705e-08,4.009826220602276e-08
LINC00393,5.5849776,1.5515821,2.3373058452819958e-08,4.4138584038291926e-08
PRSS38,5.5694933,3.2322333,2.5548151792443163e-08,4.821342714099859e-08
BRWD1-AS1,5.5694766,3.5592418,2.5550553937661252e-08,4.821342714099859e-08
ABCB4,5.5662665,1.5345075,2.602550866136853e-08,4.909545488148649e-08
LINC02579,5.5514145,1.6073549,2.8336694041893233e-08,5.342445601809103e-08
PKDCC,5.53674,19.952724,3.081540296869912e-08,5.8047343597564926e-08
CDKL4,5.527448,2.4801066,3.249217736635781e-08,6.11646875136979e-08
PFN4,5.523029,1.9192139,3.3320505789009174e-08,6.269381319993572e-08
C19orf18,5.522894,1.723097,3.3346074768260395e-08,6.272382880566368e-08
KIF7,5.522894,1.9032086,3.3346074768260395e-08,6.272382880566368e-08
MYO1H,5.5226245,1.544336,3.3397269835844874e-08,6.281408844173514e-08
PROSER2,5.5221786,2.2486632,3.348213576740121e-08,6.29676533105725e-08
CAMK2N2,5.522154,2.063374,3.34868727227606e-08,6.29705098442225e-08
NCBP2-AS1,5.4973774,1.8868248,3.8548062990832264e-08,7.241129851248975e-08
LINC01277,5.4808106,1.8053777,4.233810214674498e-08,7.942402289401839e-08
ALPK3,5.473972,1.7628305,4.400589998396274e-08,8.249736069037967e-08
UBE2Q1-AS1,5.450103,3.247927,5.0340669421292785e-08,9.423765610215797e-08
LINC00951,5.449457,2.8136258,5.052372109311952e-08,9.457128126555986e-08
ALKAL2,5.445937,2.1399913,5.1533288319427766e-08,9.643333516635388e-08
SGK2,5.422199,1.8882756,5.887029878949646e-08,1.0997365219215911e-07
FLT3,5.413552,1.5736291,6.178675676083387e-08,1.1535571570422641e-07
GK-AS1,5.413262,1.5046678,6.188683729762561e-08,1.1553154285822724e-07
TMOD4,5.3825173,2.8962147,7.345133179615832e-08,1.3685923258305332e-07
FABP3,5.3821006,2.4174411,7.362161791261598e-08,1.371504016864118e-07
LINC02289,5.3760123,1.5639465,7.615357321673409e-08,1.4179970698497028e-07
RBP2,5.3743496,3.6428494,7.685953301001525e-08,1.4308698905337062e-07
UST-AS1,5.371376,19.93112,7.813811490335705e-08,1.4535665295454803e-07
PGC,5.370398,2.4745347,7.856305877801417e-08,1.4613326370419974e-07
HCFC1-AS1,5.3618927,1.8815974,8.235445220134738e-08,1.5314187215394522e-07
PRPH2,5.361726,1.5214912,8.243050922273406e-08,1.532687385471741e-07
SLC1A1,5.340701,1.5837287,9.258778791148071e-08,1.718935326235156e-07
RASGRF2-AS1,5.3220057,1.6243147,1.0262935698583644e-07,1.9010329964964477e-07
TBC1D12,5.306784,1.6451981,1.1157623910729492e-07,2.0649993822486966e-07
SLC22A4,5.306637,1.6774315,1.1166623770365869e-07,2.0664695851950001e-07
YIPF7,5.303156,1.5257118,1.1381776422073264e-07,2.105886923478911e-07
CCR9,5.2815676,1.626534,1.2808330269020345e-07,2.3655819415213793e-07
GRIN3B,5.273745,2.411938,1.336675299654384e-07,2.468251605514484e-07
DLL1,5.273625,1.8891171,1.337549998139475e-07,2.4696337387802645e-07
LRRC17,5.2734494,1.6642076,1.3388319048620941e-07,2.4717674039382453e-07
RBM24,5.2437477,1.533245,1.5734715410601945e-07,2.89839886241795e-07
ATP13A4-AS1,5.242474,3.8412704,1.584377873893764e-07,2.918214065921797e-07
TRBV12-2,5.231637,3.0670547,1.6801553824504026e-07,3.092295007880876e-07
SPARCL1,5.2294316,1.786801,1.7003198260956126e-07,3.1288187283279056e-07
NPPA,5.2268534,2.3860228,1.7241905541480134e-07,3.171849277387264e-07
SERINC4,5.205226,4.9465513,1.9376049443341652e-07,3.559430487301065e-07
GDF5,5.205189,5.0314927,1.9379914306399478e-07,3.559806281306909e-07
FIGNL2,5.20517,1.8572705,1.9381905733409808e-07,3.559837914317281e-07
WNT6,5.2050967,4.520205,1.938957972430795e-07,3.5609131491812104e-07
PLPPR3,5.1918354,1.9298732,2.0823090102031438e-07,3.820951116996917e-07
PLA2G4A,5.1917114,1.8183,2.0836993806791004e-07,3.8227854379456816e-07
FAM186B,5.1583376,1.5488337,2.4915183739764557e-07,4.5637022879314136e-07
AATK,5.151578,1.9541394,2.5830392252898056e-07,4.7295697165220276e-07
SLC23A1,5.142555,1.5856498,2.7102653558118995e-07,4.961129324838844e-07
LINC02365,5.1339436,2.8299844,2.8373337217416074e-07,5.187419066340257e-07
BOLL,5.1337113,3.1895707,2.840835750094652e-07,5.193336505778415e-07
CCDC144NL,5.130233,1.5960059,2.893841184773488e-07,5.289741644432284e-07
CABP7,5.0722036,4.3943453,3.9323524362156246e-07,7.164643619354502e-07
LINC02562,5.06872,2.8602934,4.0050007548656106e-07,7.294290280269012e-07
HCRTR1,5.06773,2.3167315,4.0258776396348626e-07,7.330948599699888e-07
LDLRAD3,5.0430546,1.7846652,4.581588785378728e-07,8.330471041840823e-07
LINC00858,5.024368,19.97097,5.050941738614894e-07,9.170238257674545e-07
LMLN-AS1,5.024368,19.650623,5.050941738614894e-07,9.170238257674545e-07
CNOT10-AS1,5.0126543,1.8674839,5.368427503022232e-07,9.733103806090896e-07
SOAT2,5.0121117,1.8737327,5.38360001709391e-07,9.758803625242579e-07
LINC02166,4.968782,2.7267137,6.737479512810417e-07,1.217462361313826e-06
PLSCR2,4.9623647,1.8158861,6.964004943939757e-07,1.2578147382593055e-06
STAR,4.94328,1.8759875,7.681885409586291e-07,1.3863242063523427e-06
SIGLEC1,4.926593,1.787555,8.367590507200983e-07,1.5078461280496254e-06
SH3RF1,4.9257817,1.9892553,8.40238534078883e-07,1.5138373662513196e-06
DACT3-AS1,4.9253755,2.0012352,8.41985051031493e-07,1.5168443637068915e-06
CASKIN1,4.895357,3.6477284,9.812728356165301e-07,1.764037376880502e-06
UPK1B,4.8906913,1.7422652,1.0048242662041396e-06,1.805546486784445e-06
ITPR1-DT,4.874939,1.560712,1.0884207834729306e-06,1.9527109095991844e-06
ADAM21,4.8738484,2.7719657,1.0944495039041318e-06,1.9633468914921205e-06
LINC01362,4.873176,1.5580862,1.0981837318082984e-06,1.969865181412117e-06
ERICH3,4.8619394,1.8688235,1.1624115665672608e-06,2.0827826695896128e-06
BEND4,4.8615665,1.8512719,1.1646029459141049e-06,2.0865180777922728e-06
TMEM198,4.8521557,2.4087994,1.2212679839706401e-06,2.185039033586677e-06
FOXH1,4.849293,3.2628186,1.2390225968596609e-06,2.215791827394429e-06
SLC24A5,4.841556,19.900253,1.2882623654284839e-06,2.3025865881169687e-06
UTS2R,4.841556,19.682537,1.2882623654284839e-06,2.3025865881169687e-06
LINC01820,4.841556,19.585634,1.2882623654284839e-06,2.3025865881169687e-06
MARVELD1,4.8374653,1.7208921,1.3150531944642435e-06,2.3500420921713532e-06
ENTPD3,4.8065653,2.128958,1.5354538090584497e-06,2.7364080269267526e-06
TMEM151B,4.8064013,1.7579006,1.5367143509732595e-06,2.738405101524883e-06
P2RY12,4.7997847,2.047658,1.5883632962013128e-06,2.828897149364457e-06
VSIG4,4.78723,3.5240877,1.6909917216513928e-06,3.010036023767348e-06
KLHL10,4.7870755,3.063448,1.6922918517753605e-06,3.0120763103092824e-06
LINC00867,4.786904,3.0477967,1.6937375669050474e-06,3.0143585827944125e-06
EGFR,4.7868867,3.0390155,1.6938822044361898e-06,3.0143585827944125e-06
LINC01954,4.769149,2.2595406,1.8500573827954909e-06,3.287497536010004e-06
CTAG2,4.7684984,2.173726,1.8560429740336928e-06,3.297235489413645e-06
LRRC9,4.767635,1.6116713,1.8640117623495002e-06,3.3107907929250267e-06
LINC02574,4.7488747,1.6117245,2.045518897737127e-06,3.6265936206324277e-06
ERICH6B,4.738118,2.108802,2.157118123359053e-06,3.8196079484109984e-06
PMFBP1,4.73607,1.7489216,2.179023412780832e-06,3.857348483923947e-06
LMF1-AS1,4.708751,1.7593749,2.4923903031857223e-06,4.402517914130548e-06
MUSK,4.6986885,2.5802062,2.61837190078966e-06,4.623380378510383e-06
FAM20C,4.666658,1.5486279,3.0613840826061055e-06,5.3963754372071235e-06
LINC01991,4.661574,4.25571,3.138005277570679e-06,5.528947170133536e-06
ZNF98,4.661574,3.1034904,3.138005277570679e-06,5.528947170133536e-06
LIPI,4.661574,3.4766533,3.138005277570679e-06,5.528947170133536e-06
ZNF32-AS1,4.651573,19.738901,3.2941268678020674e-06,5.795672949932643e-06
MMP8,4.651573,19.604374,3.2941268678020674e-06,5.795672949932643e-06
LINC00303,4.651573,19.833061,3.2941268678020674e-06,5.795672949932643e-06
SLFN14,4.6513505,1.817393,3.2976837253132433e-06,5.800887732553896e-06
RIBC2,4.650999,1.7667887,3.303309142461124e-06,5.810260970757687e-06
SNX7,4.6441526,2.1137629,3.4147489000632975e-06,6.002497886852192e-06
EPN2-AS1,4.6435413,2.0254114,3.424870619705632e-06,6.019749239773629e-06
GNRHR,4.6265078,2.5851488,3.7188260442887848e-06,6.525285871112172e-06
SPATA9,4.6262565,1.9865223,3.723341013771981e-06,6.532622339952491e-06
WWOX-AS1,4.626178,2.1858516,3.7247530190755416e-06,6.5345138136336915e-06
MIR210HG,4.620568,1.7133713,3.826913438266413e-06,6.709528013618597e-06
HLX,4.607674,1.9608092,4.071983871853907e-06,7.129615283145782e-06
DLGAP5,4.6076336,1.8336028,4.072775418707079e-06,7.130363191666827e-06
LINC00885,4.604641,2.5811443,4.131776213563186e-06,7.2317170793385e-06
TEAD2,4.5524735,1.6692517,5.3018788376944605e-06,9.235926742277683e-06
BMS1P14,4.5319314,1.8184127,5.844676904436576e-06,1.0175145699823391e-05
WASHC5-AS1,4.518386,2.813489,6.231280652338205e-06,1.0832773614512615e-05
ANGPTL7,4.5177326,1.9541346,6.250531135737106e-06,1.0865274341663295e-05
CEACAM4,4.5173836,2.0236466,6.260843291958082e-06,1.0882233215227907e-05
C1QA,4.4907846,1.7422539,7.096135045173458e-06,1.2308941633184488e-05
CLC,4.4900427,1.7407422,7.1208845874760875e-06,1.2350777309673115e-05
OIT3,4.4535003,19.572983,8.448165102202361e-06,1.4608845415331902e-05
AGT,4.4535003,19.299385,8.448165102202361e-06,1.4608845415331902e-05
KCNQ4,4.4425993,1.6349133,8.8878682000278e-06,1.5356980568489538e-05
LINC00222,4.416512,2.2173784,1.0030639825846554e-05,1.730707698722911e-05
FARSA-AS1,4.416383,2.974253,1.0036626826277195e-05,1.731588024480622e-05
RFPL2,4.4152765,1.8731465,1.0088089743799171e-05,1.7403133219312544e-05
RSPH9,4.4152503,1.7863158,1.00893286710133e-05,1.7403736198376962e-05
OR3A2,4.414865,1.6003458,1.0107309453936293e-05,1.7433215636370682e-05
TMPRSS11D,4.390406,2.2666793,1.1313904756820389e-05,1.947317163175841e-05
TLR9,4.3902984,1.879174,1.1319518558132511e-05,1.9481120417373523e-05
TRAPPC12-AS1,4.390252,2.1525633,1.1321925286905083e-05,1.948354885358884e-05
SMIM10,4.3485827,1.6976737,1.3702011162391688e-05,2.3511132447008113e-05
FNBP1L,4.3485107,1.5328803,1.370650340916757e-05,2.3516778492818146e-05
MRAP,4.3435645,1.7295405,1.401891543917721e-05,2.4019099668489592e-05
LCT,4.327485,3.3395314,1.5082152466637894e-05,2.5800118844931404e-05
CTAGE6,4.3274264,3.5440354,1.508618643593536e-05,2.5804763651956566e-05
ALPL,4.327308,2.8829887,1.5094257460950601e-05,2.581405610871188e-05
MANSC4,4.32723,2.4799087,1.5099640431328528e-05,2.5821005327294997e-05
WEE2,4.3055377,1.7388312,1.6658054496091757e-05,2.84405807277595e-05
STK32B,4.3055234,1.5197359,1.665913411189592e-05,2.84405807277595e-05
LINC00607,4.3053226,1.5333896,1.6674255736803953e-05,2.8461430238815404e-05
KIF18B,4.274484,1.5049922,1.9158019780776265e-05,3.264403788490334e-05
CXCL13,4.2633686,2.390133,2.0136809028084995e-05,3.429344552935495e-05
PRDM12,4.263352,2.270822,2.0138286108841872e-05,3.429344552935495e-05
PRB2,4.2624063,3.4214675,2.0223734947055487e-05,3.4432963146609395e-05
KRTAP5-1,4.246206,19.550953,2.1742091208436806e-05,3.6957283874567054e-05
OLIG1,4.2297235,1.6846182,2.3397891986078857e-05,3.9722096334283524e-05
DDIT4L,4.22971,1.7315412,2.3399254111063274e-05,3.9722096334283524e-05
ZNF341-AS1,4.2206845,2.2708793,2.4356150501596285e-05,4.1317080718686635e-05
LINC00536,4.220629,2.2347126,2.4362154000019102e-05,4.1317080718686635e-05
MSMP,4.2206106,2.1506364,2.436415547899249e-05,4.1317080718686635e-05
TEKT1,4.2206106,2.2336614,2.436415547899249e-05,4.1317080718686635e-05
RSPH1,4.208704,2.0309846,2.5683944498637746e-05,4.3498652064163355e-05
SGCG,4.2085943,1.6958659,2.5696448671054495e-05,4.3516062967996046e-05
SIGLEC14,4.192604,1.5109315,2.7577042481061675e-05,4.666443853938212e-05
LINC02381,4.165081,1.9224637,3.112420861008523e-05,5.253955435491268e-05
MERTK,4.1650505,2.0458846,3.112833463589151e-05,5.254198672950272e-05
NODAL,4.16496,2.0859313,3.114071583204365e-05,5.255835150952476e-05
DEFB131B,4.164567,1.7154051,3.119442177645627e-05,5.264445410277674e-05
RDH12,4.1376934,1.9917849,3.5081438723213396e-05,5.9107421468558616e-05
SPINK8,4.122546,2.9785638,3.747071279039031e-05,6.304616576804449e-05
RASL11B,4.1225057,3.3430066,3.747731478046036e-05,6.305185243092152e-05
TRAJ17,4.1022797,2.115244,4.090990966017243e-05,6.87087041653295e-05
RAB9B,4.1016026,1.6489198,4.102988155947678e-05,6.889837143704124e-05
LRRC66,4.0728593,1.9990449,4.643952625633949e-05,7.780877213665992e-05
SLC6A13,4.072608,1.7846841,4.648966909985182e-05,7.78794491007534e-05
MUC16,4.049773,1.6629279,5.126731574705279e-05,8.567026768047215e-05
MEF2C-AS2,4.0488143,3.4983938,5.147777230493964e-05,8.600726165155899e-05
SDC2,4.0487914,3.2925599,5.148276000839246e-05,8.600825133136034e-05
CPLX1,4.033288,1.5283022,5.500184575876813e-05,9.180110182596168e-05
IGKV1-9,4.031754,1.9000491,5.5362132883676376e-05,9.237880244459618e-05
ROPN1L-AS1,4.0282664,19.085228,5.618959313497354e-05,9.365570344677702e-05
CHRND,4.0282664,18.91754,5.618959313497354e-05,9.365570344677702e-05
CSTL1,4.0282664,19.136219,5.618959313497354e-05,9.365570344677702e-05
MUC4,4.0282664,19.197453,5.618959313497354e-05,9.365570344677702e-05
POU4F1,4.0282664,19.012026,5.618959313497354e-05,9.365570344677702e-05
SLC9A9-AS2,4.0282664,19.091536,5.618959313497354e-05,9.365570344677702e-05
LINC01273,4.0282664,19.059372,5.618959313497354e-05,9.365570344677702e-05
ZPBP,4.0212107,1.5220853,5.789984474447831e-05,9.644880922447872e-05
SLC6A3,4.017746,3.1521444,5.875750051167766e-05,9.783583815627201e-05
SSC4D,3.9809818,1.9754043,6.863121321106918e-05,0.00011391540728892213
LINC00051,3.9809663,1.790239,6.86356629158009e-05,0.00011391540728892213
CDC25A,3.9808738,1.8402063,6.866236687700805e-05,0.00011395006318796485
DEUP1,3.9490557,1.6434214,7.846012236212052e-05,0.00012993463730382316
BAALC,3.9374084,2.4495935,8.236637126856312e-05,0.00013623067813230017
LINC00332,3.9082124,2.3631208,9.298155188674561e-05,0.0001534634790249526
MS4A4A,3.9057465,1.8350911,9.39349352261018e-05,0.0001549847228081248
PRDM16,3.8758218,1.7094395,0.00010626546224467884,0.0001749896966425882
ARHGAP20,3.8757129,2.2779243,0.0001063129910872032,0.00017503850312111
SYP-AS1,3.87549,1.7634773,0.00010641035553904549,0.00017518406841561857
MYOCOS,3.8753629,1.5268322,0.00010646593821099616,0.00017526082938611702
MUC1,3.8721395,1.6159031,0.00010788415719871363,0.00017749093560319728
LINC02090,3.8720152,1.6619482,0.00010793918005313016,0.00017756653007815478
ELAVL4,3.827917,1.9130684,0.00012923227217865796,0.00021182920941464054
CNTNAP3,3.8277698,1.715532,0.00012930969024020704,0.00021193835485554664
LINC00315,3.824028,4.111558,0.00013128895943394746,0.00021514633265249845
KBTBD11-OT1,3.8240044,3.9183161,0.00013130157995895348,0.00021514899653632573
IGKV1D-39,3.823957,3.992245,0.00013132682443863343,0.00021517234368376278
ABCA12,3.8239334,3.3253262,0.0001313394483935008,0.00021517501056296246
SHISAL2B,3.7978506,19.099596,0.0001459563124264241,0.00023858266824494754
OR2B6,3.7978506,18.970617,0.0001459563124264241,0.00023858266824494754
ANKRD61,3.7912145,1.5829812,0.00014991236306574642,0.0002449879004902728
PARM1,3.7911046,1.7960349,0.0001499787818975778,0.000245055511370391
LINC00865,3.7911046,1.7190024,0.0001499787818975778,0.000245055511370391
IDI2,3.7910104,1.7264467,0.0001500357343740614,0.0002451280997104144
ST7-AS1,3.7909317,1.519052,0.00015008321032381524,0.0002451851944912687
EMID1,3.7908845,1.5124929,0.00015011170268204924,0.0002452112695619283
GPER1,3.7629962,1.6172614,0.00016788980694674746,0.00027354435822930513
DLG3-AS1,3.728784,2.49617,0.00019240583559370288,0.00031255166784804737
ZNF630-AS1,3.7287102,2.1639454,0.0001924623908865756,0.00031261758652515245
HSPB8,3.7286174,2.1784217,0.00019253310697193193,0.00031270649379372216
MIR503HG,3.7285805,2.1120398,0.0001925614002425633,0.00031272649016071696
MTOR-AS1,3.6834524,2.9397275,0.00023009625006074606,0.00037247877408907006
LINC02515,3.6833653,2.9924161,0.00023017497108740735,0.0003725753854113977
SHISA8,3.683278,2.9497745,0.00023025371729899015,0.00037264119939465904
LINC00158,3.683278,2.451877,0.00023025371738965772,0.00037264119939465904
NSUN7,3.6710975,2.0380688,0.0002415112753931653,0.00039076340639105826
SLC9A2,3.670869,1.5701514,0.00024172720040961117,0.0003910481033081408
TAS1R1,3.6707988,1.7639915,0.00024179367530401428,0.00039112330646845923
VCAN-AS1,3.6277845,2.3216085,0.0002858638057100279,0.0004608108534585902
BPI,3.62755,1.6631359,0.00028612349276686214,0.0004611914749968664
CAMSAP3,3.6274326,1.7446834,0.0002862534191627307,0.0004613628948337299
CCDC103,3.595525,2.0372143,0.00032373809264055073,0.0005204063909299512
LINC01740,3.5860782,4.1570373,0.0003356882519913906,0.0005392157920578158
NKAIN1,3.585979,3.789042,0.0003358161219841546,0.0005392157920578158
POU6F2-AS2,3.585979,3.6164315,0.0003358161219841546,0.0005392157920578158
IL13,3.585954,3.4171128,0.00033584809660256723,0.0005392157920578158
HTR1F,3.585954,3.2065065,0.00033584809660256723,0.0005392157920578158
NXF5,3.5859292,3.4381306,0.0003358800740695378,0.0005392157920578158
CRB2,3.5859292,2.457213,0.0003358800740695378,0.0005392157920578158
PLBD1-AS1,3.5859292,2.6270425,0.0003358800740695378,0.0005392157920578158
TRBVB,3.5834582,2.4348295,0.00033907513732944034,0.0005440303197125853
MIS18A-AS1,3.583438,2.705695,0.00033910148249869195,0.0005440303197125853
KCNQ5-AS1,3.5833364,2.592281,0.00033923323707371584,0.0005440985903495477
SLC22A14,3.5832958,2.0501976,0.00033928595231288056,0.0005440985903495477
PNMA6A,3.5832553,1.8174739,0.00033933867521595873,0.0005440985903495477
KCNK9,3.5832553,1.8049486,0.00033933867521595873,0.0005440985903495477
XIRP2,3.5832553,1.834913,0.00033933867521595873,0.0005440985903495477
DCUN1D2-AS,3.5832553,2.2588496,0.00033933867521595873,0.0005440985903495477
ZMYND10-AS1,3.5525305,18.945612,0.00038154491153532275,0.0006095746921067273
LINC02050,3.5525305,19.036686,0.00038154491153532275,0.0006095746921067273
LINC01213,3.5525305,18.856836,0.00038154491153532275,0.0006095746921067273
LINC00973,3.5525305,18.954699,0.00038154491153532275,0.0006095746921067273
PRH2,3.5525305,18.577194,0.00038154491153532275,0.0006095746921067273
PXDC1,3.5525305,19.046421,0.00038154491153532275,0.0006095746921067273
IGHGP,3.5525305,18.696577,0.00038154491153532275,0.0006095746921067273
CD177,3.5525305,19.085167,0.00038154491153532275,0.0006095746921067273
GLIS2,3.5368142,1.6447103,0.0004049843238089736,0.0006454942777790987
NXPH4,3.5338748,1.5126474,0.000409515226365422,0.000652078602776351
KCNC3,3.4582896,1.6496917,0.0005436164839606919,0.0008611834456358014
TMIGD1,3.4582717,1.8830513,0.0005436528569061251,0.0008611834456358014
TMIGD3,3.4580734,1.7567948,0.0005440531089753467,0.0008617477121927783
FZD8,3.446101,2.864792,0.0005687378226509185,0.0008999781568248453
GJA3,3.4460783,2.3624775,0.0005687855550961815,0.0008999781568248453
LINC01511,3.4460557,2.6424336,0.0005688332912719586,0.0008999781568248453
NNAT,3.4460557,2.3681118,0.0005688332912719586,0.0008999781568248453
CELF2-AS2,3.4460557,2.4077442,0.0005688332912719586,0.0008999781568248453
NYAP1,3.446033,1.972485,0.0005688810311785175,0.0008999809215054758
ARR3,3.420126,2.1133044,0.0006259217162373469,0.0009887814760097201
WLS,3.3926952,1.8432199,0.0006920862571968528,0.0010903102713813713
PRR36,3.392646,1.7893844,0.0006922104324076585,0.0010904181083040622
SAMSN1-AS1,3.3738036,1.7181369,0.0007413724200190196,0.0011660779290195464
ECHDC3,3.3737721,1.5909274,0.0007414570628800738,0.001166117328921177
LINC00161,3.3615918,1.6775534,0.0007749461386196314,0.001217221547640789
PTGFRN,3.361501,1.5874528,0.0007752007700779284,0.0012175237714812507
LINC01478,3.3503237,2.1515512,0.0008071715581529108,0.0012663138819799696
ADAMTS8,3.3502817,2.200825,0.0008072939471621975,0.0012663658993976772
INTS9-AS1,3.3502398,2.0492058,0.0008074163533914423,0.0012663658993976772
KRTAP5-2,3.3501978,2.4256754,0.0008075387768428525,0.0012663658993976772
RAP1GAP,3.3501768,2.139212,0.00080759999502756,0.0012663658993976772
FAM83A-AS1,3.3501558,2.2793028,0.0008076612175186336,0.0012663658993976772
RLN3,3.3501558,1.781536,0.0008076612175186336,0.0012663658993976772
MEIOB,3.3501348,2.185855,0.0008077224443163537,0.0012663658993976772
EDIL3,3.3501348,1.523655,0.0008077224443163537,0.0012663658993976772
PRRT1B,3.3324769,3.9973345,0.0008607660830573071,0.001347503166753483
AGBL5-AS1,3.3324246,3.8084066,0.0008609281037806852,0.001347503166753483
SERPINI2,3.3324246,3.929758,0.0008609281037806852,0.001347503166753483
THRSP,3.332346,3.7323363,0.0008611711878908711,0.001347503166753483
PKP4-AS1,3.3323197,3.5620062,0.0008612522300698789,0.001347503166753483
HPX,3.3323197,3.4303794,0.0008612522300698789,0.001347503166753483
ITIH6,3.3322935,3.4045646,0.000861333279320961,0.001347503166753483
LINC01111,3.3322935,3.2272654,0.000861333279320961,0.001347503166753483
LINC02087,3.3322935,2.7996135,0.000861333279320961,0.001347503166753483
OVOL3,3.3322935,3.0464082,0.000861333279320961,0.001347503166753483
NCBP2L,3.3322935,2.876216,0.000861333279320961,0.001347503166753483
ERICD,3.3322935,2.7626083,0.000861333279320961,0.001347503166753483
CTAGE15,3.288973,18.512497,0.001005536272675339,0.0015648428331247839
LHX1,3.288973,18.639275,0.001005536272675339,0.0015648428331247839
LZTS1-AS1,3.288973,18.467897,0.001005536272675339,0.0015648428331247839
SLPI,3.288973,18.543425,0.001005536272675339,0.0015648428331247839
LIMS1-AS1,3.288973,18.548506,0.001005536272675339,0.0015648428331247839
FNDC5,3.288973,18.667517,0.001005536272675339,0.0015648428331247839
TCP11,3.288973,18.241264,0.001005536272675339,0.0015648428331247839
KRTDAP,3.288973,18.600554,0.001005536272675339,0.0015648428331247839
DIO3OS,3.288973,18.464739,0.001005536272675339,0.0015648428331247839
EFS,3.288973,18.37744,0.001005536272675339,0.0015648428331247839
FAM72C,3.288973,18.334364,0.001005536272675339,0.0015648428331247839
ZAN,3.288973,18.424873,0.001005536272675339,0.0015648428331247839
TSHB,3.288973,18.735466,0.001005536272675339,0.0015648428331247839
TUBB8,3.288973,18.57743,0.001005536272675339,0.0015648428331247839
RXYLT1-AS1,3.288973,18.563116,0.001005536272675339,0.0015648428331247839
SHC2,3.288973,18.524075,0.001005536272675339,0.0015648428331247839
SYNGR4,3.288973,18.57042,0.001005536272675339,0.0015648428331247839
LINC01565,3.288973,18.4929,0.001005536272675339,0.0015648428331247839
NUDT10,3.288973,18.52741,0.001005536272675339,0.0015648428331247839
LINC02235,3.283398,2.0696366,0.001025637869963193,0.0015956178915121453
IL1RL2,3.2832801,1.8695638,0.0010260667498308358,0.0015961582129493438
KCTD14,3.283182,1.683227,0.0010264242765034058,0.001596444899833886
TSNAXIP1,3.2365968,2.0800602,0.0012096421177628675,0.0018739828169094918
NLRP9,3.2364209,1.5610045,0.00121038794926123,0.0018746930023067713
INSRR,3.2363284,1.5517595,0.0012107806626095723,0.0018748293405007946
GPR143,3.2363284,1.8438914,0.0012107806626095723,0.0018748293405007946
KL,3.1944613,2.1580546,0.0014009209405212518,0.0021624444379335517
TMEM121B,3.1944375,2.0010896,0.0014010359047486492,0.0021624444379335517
CLEC2L,3.1944375,2.0080209,0.0014010359047486492,0.0021624444379335517
BAAT,3.194414,2.3710651,0.0014011508776751924,0.002162451326945987
MAOA,3.1943903,2.1838064,0.001401265859301482,0.002162458228297429
C1orf105,3.1828437,1.840054,0.001458362917478911,0.0022484435525707007
KCNJ11,3.1758988,1.5556275,0.00149373032135893,0.0023022459773433795
PNLDC1,3.1622868,1.6103412,0.0015653533874167526,0.0024095999909511494
CFAP73,3.1619632,1.525839,0.0015670938746199404,0.0024118997120153368
CPO,3.104259,2.0785055,0.0019075632472158625,0.002919327266895067
INTS6L-AS1,3.104237,1.8617092,0.0019077037445362518,0.002919327266895067
GRIP2,3.1042154,1.8011347,0.0019078442513599239,0.002919327266895067
COL17A1,3.1041718,1.564163,0.0019081252935194148,0.002919327266895067
VSTM2L,3.1041718,1.8046011,0.0019081252935194148,0.002919327266895067
SCN3A,3.1041718,1.5783118,0.0019081252935194148,0.002919327266895067
TEX53,3.1041718,1.6277287,0.0019081252935194148,0.002919327266895067
EN1,3.0598748,4.0452914,0.0022142948453568413,0.0033743837062017007
COBL,3.0597637,3.612994,0.0022151163358526686,0.0033743837062017007
FNDC4,3.059736,3.5953794,0.002215321752113495,0.0033743837062017007
GOLGA8H,3.059708,3.0121498,0.0022155271858317225,0.0033743837062017007
VTN,3.059708,3.3675423,0.0022155271858317225,0.0033743837062017007
ZFAT-AS1,3.059708,3.419025,0.0022155271858317225,0.0033743837062017007
CNMD,3.0596805,2.6551766,0.00221573263700867,0.0033743837062017007
LINC01107,3.0596805,2.625618,0.00221573263700867,0.0033743837062017007
POU6F2,3.0596805,2.3764546,0.00221573263700867,0.0033743837062017007
CCL27,3.0596805,2.5534601,0.00221573263700867,0.0033743837062017007
BCAR4,3.0596805,3.0706394,0.00221573263700867,0.0033743837062017007
LINC01227,3.0596805,2.699871,0.00221573263700867,0.0033743837062017007
LINC00229,3.0596805,2.9838212,0.00221573263700867,0.0033743837062017007
HOXB-AS4,3.0596805,2.5790772,0.00221573263700867,0.0033743837062017007
LINC01499,3.0596805,2.488122,0.00221573263700867,0.0033743837062017007
SMIM24,3.0447552,2.6719742,0.0023286970337037375,0.0035411466947110125
FA2H,3.044735,2.2366138,0.002328854089034956,0.0035411466947110125
LINC01535,3.0445728,2.3166099,0.002330110880940925,0.0035427824178906
MNS1,3.0443294,1.824241,0.0023319972334364925,0.0035448241951281973
TBPL2,3.0443294,1.8338876,0.0023319972334364925,0.0035448241951281973
RLBP1,3.0442076,1.685539,0.002332940934021043,0.0035459832372940633
ARC,3.0048802,2.0302525,0.002656854988177142,0.004027995537975541
UNC5B,3.0045753,1.5971823,0.0026595192073211363,0.00403135025366474
KHDRBS3,3.0045562,1.6670871,0.0026596858020651974,0.00403135025366474
ODF2-AS1,3.0044038,1.5107768,0.0026610189034235615,0.004032433818802157
CRHBP,3.0023797,18.169865,0.0026787782641103535,0.004053068357852888
LINC01186,3.0023797,17.952137,0.0026787782641103535,0.004053068357852888
SCGB1A1,3.0023797,17.940786,0.0026787782641103535,0.004053068357852888
LINC02513,3.0023797,17.847393,0.0026787782641103535,0.004053068357852888
LINC01507,3.0023797,18.371344,0.0026787782641103535,0.004053068357852888
APOH,3.0023797,18.01919,0.0026787782641103535,0.004053068357852888
TUSC1,3.0023797,18.468733,0.0026787782641103535,0.004053068357852888
CPB2,3.0023797,17.882612,0.0026787782641103535,0.004053068357852888
GPR101,3.0023797,18.451082,0.0026787782641103535,0.004053068357852888
RORA-AS2,3.0023797,18.250061,0.0026787782641103535,0.004053068357852888
IQCA1L,3.0023797,17.975769,0.0026787782641103535,0.004053068357852888
ENO4,3.0023797,17.970127,0.0026787782641103535,0.004053068357852888
OR52H1,3.0023797,18.156525,0.0026787782641103535,0.004053068357852888
CISTR,3.0023797,18.315458,0.0026787782641103535,0.004053068357852888
PPP1R1B,3.0023797,18.044975,0.0026787782641103535,0.004053068357852888
CHRNG,2.9644873,1.6608099,0.0030318766135720224,0.004572114794572852
IGLV7-46,2.9576533,1.6683906,0.0030999053507907697,0.0046682274822436335
WNT8B,2.9258761,2.6658409,0.0034348763176507793,0.005160089684219765
CYP3A4,2.9258513,2.6814272,0.0034351506062538437,0.005160089684219765
TLX2,2.9258018,2.5721285,0.003435699243273817,0.005160089684219765
BCAR1,2.9258018,2.27802,0.003435699243273817,0.005160089684219765
FER1L6-AS2,2.9257767,2.1949625,0.0034359735916932982,0.005160089684219765
GNA14-AS1,2.9257271,2.2555745,0.003436522348357622,0.005160089684219765
GJA9,2.9257023,1.9419143,0.003436796756605033,0.005160089684219765
UBQLNL,2.9256775,2.1298516,0.0034370711847976497,0.005160089684219765
LINC02389,2.9256775,2.3130405,0.0034370711847976497,0.005160089684219765
CNTN3,2.9256775,2.1462212,0.0034370711847976497,0.005160089684219765
C17orf78,2.9256775,2.0901268,0.0034370711847976497,0.005160089684219765
LINC00487,2.9256775,1.7559667,0.0034370711847976497,0.005160089684219765
KCNK13,2.9256775,1.8240069,0.0034370711847976497,0.005160089684219765
MRGPRX2,2.8436143,2.396493,0.004460498900623952,0.006659777391073516
DMRT2,2.8435464,2.2585678,0.004461451329775541,0.00666069120477972
GNB3,2.843501,2.2875803,0.004462086384917009,0.00666113109399268
SLC4A11,2.843433,2.1901565,0.004463039121212959,0.006662045123494942
ZNF732,2.843365,1.5885767,0.004463992041837199,0.006662857212917923
LINC01545,2.843297,1.5733578,0.004464945146820969,0.006662857212917923
FBXO3-DT,2.843297,1.817332,0.004464945146820969,0.006662857212917923
BLACAT1,2.7923932,1.9504051,0.005231974536028322,0.007774854018909645
RAI1-AS1,2.7923303,1.8829743,0.00523299324582644,0.007775777343331443
F2,2.7922041,1.5778892,0.005235031203033394,0.00777821492642046
LINC01498,2.7921412,1.565071,0.005236050450497203,0.007779052855020905
S100A1,2.763594,3.996708,0.005716864688689321,0.008460858131440718
THOC7-AS1,2.7635345,3.4853508,0.005717905060189505,0.008460858131440718
SLC5A9,2.7635047,3.4867122,0.005718425309968209,0.008460858131440718
TTLL10,2.7635047,3.521166,0.005718425309968209,0.008460858131440718
NPB,2.7634752,3.1925483,0.005718945602436708,0.008460858131440718
TMEM51,2.7634454,3.1462834,0.005719465937598057,0.008460858131440718
ENPP7,2.7634454,3.3160725,0.005719465937598057,0.008460858131440718
CCL25,2.7634454,3.086901,0.005719465937598057,0.008460858131440718
OR1F1,2.7634158,2.4070315,0.005719986315455297,0.008460858131440718
HCG9,2.7634158,3.0303605,0.005719986315455297,0.008460858131440718
MIR4527HG,2.7634158,2.2186391,0.005719986315455297,0.008460858131440718
LYVE1,2.7634158,1.917572,0.005719986315455297,0.008460858131440718
GRHL3,2.7634158,2.4172876,0.005719986315455297,0.008460858131440718
PLA2G12B,2.7634158,1.8889776,0.005719986315455297,0.008460858131440718
TMEM178A,2.7634158,2.4493513,0.005719986315455297,0.008460858131440718
LINC02198,2.7634158,2.0746555,0.005719986315455297,0.008460858131440718
TP53TG3D,2.7615113,1.7745125,0.005753450428014915,0.008509714132682982
MID1IP1-AS1,2.761433,1.6215322,0.005754834804312671,0.008510343893144057
ACP4,2.7614133,1.7472622,0.005755180945317626,0.008510343893144057
AQP8,2.7614133,1.6190513,0.005755180945317626,0.008510343893144057
EPHX3,2.761374,1.6587464,0.005755873283650336,0.00851072452882498
LINC01058,2.7445018,1.8617839,0.006060280296745047,0.008946628807748554
