"group","gene","scores","logfoldchanges","pvals","pvals_adj","unique_group"
"MKPP","RPS2",118.009285,1.6769346,0,0,"MKPP_unique_upregulated"
"MKPP","ARHGEF18",75.46872,2.236903,0,0,"MKPP_unique_upregulated"
"MKPP","SMAP2",71.306915,1.7588003,0,0,"MKPP_unique_upregulated"
"MKPP","PDE7A",70.858826,1.8777761,0,0,"MKPP_unique_upregulated"
"MKPP","P2RX5",70.72739,2.0524511,0,0,"MKPP_unique_upregulated"
"MKPP","STEAP1B",68.45362,2.0652819,0,0,"MKPP_unique_upregulated"
"MKPP","LYN",68.37604,1.7799706,0,0,"MKPP_unique_upregulated"
"MKPP","SIK3",67.14749,1.8152931,0,0,"MKPP_unique_upregulated"
"MKPP","UTY",66.090546,2.1236508,0,0,"MKPP_unique_upregulated"
"MKPP","HNRNPD",65.96685,1.6784229,0,0,"MKPP_unique_upregulated"
"MKPP","ARIH1",64.11017,1.7737422,0,0,"MKPP_unique_upregulated"
"MKPP","MED13L",63.384243,1.6784428,0,0,"MKPP_unique_upregulated"
"MKPP","SNHG7",63.24463,1.642367,0,0,"MKPP_unique_upregulated"
"MKPP","FAF1",63.17448,1.7592736,0,0,"MKPP_unique_upregulated"
"MKPP","ASXL1",63.15556,1.7625822,0,0,"MKPP_unique_upregulated"
"MKPP","STAG1",62.304695,1.6313517,0,0,"MKPP_unique_upregulated"
"MKPP","ARHGAP15",61.794106,1.565259,0,0,"MKPP_unique_upregulated"
"MKPP","CDC42SE2",61.28707,1.5484077,0,0,"MKPP_unique_upregulated"
"MKPP","PPP3R1",60.97026,1.7388264,0,0,"MKPP_unique_upregulated"
"MKPP","FBXL17",60.734844,1.7232316,0,0,"MKPP_unique_upregulated"
"MKPP","PLCL2",60.48939,1.6276132,0,0,"MKPP_unique_upregulated"
"MKPP","TMEM131",60.412766,1.6285957,0,0,"MKPP_unique_upregulated"
"MKPP","KLF12",60.290092,1.6991687,0,0,"MKPP_unique_upregulated"
"MKPP","NCK2",60.23145,1.6394157,0,0,"MKPP_unique_upregulated"
"MKPP","RPS6KA3",60.071148,1.7471936,0,0,"MKPP_unique_upregulated"
"MKPP","USP9Y",60.003376,2.2048984,0,0,"MKPP_unique_upregulated"
"MKPP","MGAT5",59.906162,1.6376349,0,0,"MKPP_unique_upregulated"
"MKPP","KLHL5",59.8301,1.7521602,0,0,"MKPP_unique_upregulated"
"MKPP","CHST11",59.731873,1.735593,0,0,"MKPP_unique_upregulated"
"MKPP","TMBIM4",59.59607,1.5561215,0,0,"MKPP_unique_upregulated"
"MKPP","ZFAND3",59.575302,1.5706676,0,0,"MKPP_unique_upregulated"
"MKPP","COP1",59.456696,1.6062846,0,0,"MKPP_unique_upregulated"
"MKPP","CCSER1",59.323452,1.8494194,0,0,"MKPP_unique_upregulated"
"MKPP","DLEU2",59.266865,1.582281,0,0,"MKPP_unique_upregulated"
"MKPP","ARPC4",58.686558,1.6674362,0,0,"MKPP_unique_upregulated"
"MKPP","FAM107B",58.35467,1.5097768,0,0,"MKPP_unique_upregulated"
"MKPP","PACS1",57.975018,1.5067496,0,0,"MKPP_unique_upregulated"
"MKPP","AKT3",57.78997,1.6122806,0,0,"MKPP_unique_upregulated"
"MKPP","ACBD3",57.738583,1.7123456,0,0,"MKPP_unique_upregulated"
"MKPP","RFX7",57.38931,1.7643219,0,0,"MKPP_unique_upregulated"
"MKPP","RNF38",57.31535,1.6841594,0,0,"MKPP_unique_upregulated"
"MKPP","UST",57.03947,1.8264918,0,0,"MKPP_unique_upregulated"
"MKPP","DYRK1A",56.86631,1.5878924,0,0,"MKPP_unique_upregulated"
"MKPP","RAPGEF1",56.816597,1.6153436,0,0,"MKPP_unique_upregulated"
"MKPP","NFKB1",56.801826,1.6246208,0,0,"MKPP_unique_upregulated"
"MKPP","TRAF3",56.6644,1.6184714,0,0,"MKPP_unique_upregulated"
"MKPP","BRAF",56.65703,1.5397778,0,0,"MKPP_unique_upregulated"
"MKPP","PIP4K2A",56.099957,1.534485,0,0,"MKPP_unique_upregulated"
"MKPP","TRIO",55.913265,1.5082963,0,0,"MKPP_unique_upregulated"
"MKPP","HECA",55.868256,1.6661905,0,0,"MKPP_unique_upregulated"
"MKPP","FBXO11",55.839462,1.585218,0,0,"MKPP_unique_upregulated"
"MKPP","SPPL3",55.588493,1.6435982,0,0,"MKPP_unique_upregulated"
"MKPP","DENND5B",55.55861,1.6096978,0,0,"MKPP_unique_upregulated"
"MKPP","SPIDR",55.508316,1.5570928,0,0,"MKPP_unique_upregulated"
"MKPP","LINC02245",53.789722,1.7631489,0,0,"MKPP_unique_upregulated"
"MKPP","NDUFAF6",53.522713,1.6175623,0,0,"MKPP_unique_upregulated"
"MKPP","PTBP2",53.00934,1.5413305,0,0,"MKPP_unique_upregulated"
"MKPP","ZEB1",52.972504,1.572088,0,0,"MKPP_unique_upregulated"
"MKPP","KCNQ5",52.879055,1.7202001,0,0,"MKPP_unique_upregulated"
"MKPP","CASK",52.788044,1.5814245,0,0,"MKPP_unique_upregulated"
"MKPP","QKI",52.678528,1.5068542,0,0,"MKPP_unique_upregulated"
"MKPP","MTMR1",52.509605,1.764683,0,0,"MKPP_unique_upregulated"
"MKPP","SMYD3",52.480453,1.5382249,0,0,"MKPP_unique_upregulated"
"MKPP","COMMD10",51.86671,1.5014608,0,0,"MKPP_unique_upregulated"
"MKPP","RYK",51.863907,1.7177275,0,0,"MKPP_unique_upregulated"
"MKPP","WWP2",51.385845,1.525757,0,0,"MKPP_unique_upregulated"
"MKPP","MAPK14",51.288315,1.8230203,0,0,"MKPP_unique_upregulated"
"MKPP","FNDC3A",51.277763,1.5086695,0,0,"MKPP_unique_upregulated"
"MKPP","SNX25",51.15685,1.6070552,0,0,"MKPP_unique_upregulated"
"MKPP","SOS2",50.837643,1.5159997,0,0,"MKPP_unique_upregulated"
"MKPP","BASP1",50.81806,1.5692621,0,0,"MKPP_unique_upregulated"
"MKPP","BRD7",50.811832,1.6643322,0,0,"MKPP_unique_upregulated"
"MKPP","LINC00278",50.6395,2.1087103,0,0,"MKPP_unique_upregulated"
"MKPP","CAB39",50.40871,1.7022878,0,0,"MKPP_unique_upregulated"
"MKPP","KDM3B",49.950127,1.504002,0,0,"MKPP_unique_upregulated"
"MKPP","FYN",49.912304,1.5746263,0,0,"MKPP_unique_upregulated"
"MKPP","TLK2",49.85118,1.5524548,0,0,"MKPP_unique_upregulated"
"MKPP","XKR6",49.312412,1.517781,0,0,"MKPP_unique_upregulated"
"MKPP","IP6K1",49.150555,1.6152003,0,0,"MKPP_unique_upregulated"
"MKPP","PPP3CB",48.948437,1.5244855,0,0,"MKPP_unique_upregulated"
"MKPP","AGFG1",48.60595,1.511431,0,0,"MKPP_unique_upregulated"
"MKPP","E2F5",48.44818,1.5431268,0,0,"MKPP_unique_upregulated"
"MKPP","CDYL",48.236797,1.6631734,0,0,"MKPP_unique_upregulated"
"MKPP","TM9SF3",47.495674,1.6194028,0,0,"MKPP_unique_upregulated"
"MKPP","USP3-AS1",47.044155,1.7521108,0,0,"MKPP_unique_upregulated"
"MKPP","MXI1",46.743927,1.7142924,0,0,"MKPP_unique_upregulated"
"MKPP","ORAI1",46.741787,1.8635716,0,0,"MKPP_unique_upregulated"
"MKPP","NR1D2",46.678963,1.5895548,0,0,"MKPP_unique_upregulated"
"MKPP","LINC01473",46.40925,1.6563528,0,0,"MKPP_unique_upregulated"
"MKPP","GALNT1",45.37326,1.6374757,0,0,"MKPP_unique_upregulated"
"MKPP","RUFY1",45.367912,1.5763295,0,0,"MKPP_unique_upregulated"
"MKPP","ABHD15-AS1",45.126183,1.9049604,0,0,"MKPP_unique_upregulated"
"MKPP","EXOSC6",45.046467,1.5291086,0,0,"MKPP_unique_upregulated"
"MKPP","GPHN",44.48262,1.6824625,0,0,"MKPP_unique_upregulated"
"MKPP","STXBP5",44.337337,1.5140926,0,0,"MKPP_unique_upregulated"
"MKPP","LYL1",44.28019,1.6712421,0,0,"MKPP_unique_upregulated"
"MKPP","KMT2E-AS1",44.172318,1.6519864,0,0,"MKPP_unique_upregulated"
"MKPP","PPP2R2D",44.15393,1.7294514,0,0,"MKPP_unique_upregulated"
"MKPP","EIF3B",44.079906,1.6223795,0,0,"MKPP_unique_upregulated"
"MKPP","SAMD12",43.89311,2.0195565,0,0,"MKPP_unique_upregulated"
"MKPP","DISP1",43.504997,1.8949817,0,0,"MKPP_unique_upregulated"
"MKPP","GRK5",43.4722,1.520019,0,0,"MKPP_unique_upregulated"
"MKPP","CSGALNACT2",43.130417,1.5098956,0,0,"MKPP_unique_upregulated"
"MKPP","RAB12",43.0496,1.6309578,0,0,"MKPP_unique_upregulated"
"MKPP","KLHL2",42.89332,1.6671252,0,0,"MKPP_unique_upregulated"
"MKPP","LINC00342",42.855404,1.6593676,0,0,"MKPP_unique_upregulated"
"MKPP","R3HCC1L",42.839977,1.524564,0,0,"MKPP_unique_upregulated"
"MKPP","UBE2Q1",42.59719,1.8814435,0,0,"MKPP_unique_upregulated"
"MKPP","STAT5B",42.546112,1.5108622,0,0,"MKPP_unique_upregulated"
"MKPP","TET3",42.057705,1.7375853,0,0,"MKPP_unique_upregulated"
"MKPP","SBF2",41.900707,1.5184828,0,0,"MKPP_unique_upregulated"
"MKPP","ANKUB1",41.886097,1.5131676,0,0,"MKPP_unique_upregulated"
"MKPP","APPL2",41.75014,1.7643877,0,0,"MKPP_unique_upregulated"
"MKPP","NBEAL1",41.67079,1.5771782,0,0,"MKPP_unique_upregulated"
"MKPP","THAP11",41.55831,1.9296198,0,0,"MKPP_unique_upregulated"
"MKPP","DNAJC21",41.1616,1.5504073,0,0,"MKPP_unique_upregulated"
"MKPP","SLC36A4",41.1169,1.6245039,0,0,"MKPP_unique_upregulated"
"MKPP","MTFR1",41.10744,1.6258548,0,0,"MKPP_unique_upregulated"
"MKPP","BTBD7",40.866543,1.5239365,0,0,"MKPP_unique_upregulated"
"MKPP","CCZ1B",40.135815,1.6960001,0,0,"MKPP_unique_upregulated"
"MKPP","MXD4",40.034397,1.7080702,0,0,"MKPP_unique_upregulated"
"MKPP","TTC9",40.02169,1.8545518,0,0,"MKPP_unique_upregulated"
"MKPP","RASGRP1",39.808315,1.5004529,0,0,"MKPP_unique_upregulated"
"MKPP","PDE3B",39.707966,1.6795444,0,0,"MKPP_unique_upregulated"
"MKPP","PPP1R35",39.645798,1.5461161,0,0,"MKPP_unique_upregulated"
"MKPP","CRIPT",39.121925,1.6015875,0,0,"MKPP_unique_upregulated"
"MKPP","SEC22A",38.75211,1.6773055,0,0,"MKPP_unique_upregulated"
"MKPP","PHF10",38.725082,1.5161979,0,0,"MKPP_unique_upregulated"
"MKPP","OPN3",38.231766,1.668292,0,0,"MKPP_unique_upregulated"
"MKPP","ABHD17B",37.96586,1.5919214,0,0,"MKPP_unique_upregulated"
"MKPP","SLC15A4",37.291626,1.5689316,2.24324793308255e-304,5.09824338612768e-303,"MKPP_unique_upregulated"
"MKPP","CLPTM1L",37.185375,1.5669986,1.17607202302702e-302,2.64825976370457e-301,"MKPP_unique_upregulated"
"MKPP","NBEA",36.957367,1.5216898,5.54649668858962e-299,1.23193924179707e-297,"MKPP_unique_upregulated"
"MKPP","MPP7",36.061485,1.6781993,9.1121583800959e-285,1.85736161647622e-283,"MKPP_unique_upregulated"
"MKPP","MAPK9",36.054447,1.7133192,1.17474141208677e-284,2.39202288779541e-283,"MKPP_unique_upregulated"
"MKPP","PMEPA1",35.963295,1.5488256,3.13670348243716e-283,6.31471334818213e-282,"MKPP_unique_upregulated"
"MKPP","CCNQ",35.827957,1.7824049,4.05468430483098e-281,7.99819178194886e-280,"MKPP_unique_upregulated"
"MKPP","F8A1",35.018536,1.9152186,1.17517991573047e-268,2.16127073223814e-267,"MKPP_unique_upregulated"
"MKPP","SLC33A1",34.522522,1.7350414,3.68461144493244e-261,6.44905874368854e-260,"MKPP_unique_upregulated"
"MKPP","FBRSL1",34.409157,1.5115623,1.83956071603932e-259,3.1968493864527e-258,"MKPP_unique_upregulated"
"MKPP","GMEB2",34.035515,1.5633788,6.64899896029167e-254,1.12065126317819e-252,"MKPP_unique_upregulated"
"MKPP","MEF2C-AS2",33.94807,1.8130298,1.30238944134028e-252,2.17450141537086e-251,"MKPP_unique_upregulated"
"MKPP","DBP",33.653942,1.9080602,2.73018443116571e-248,4.44091844963015e-247,"MKPP_unique_upregulated"
"MKPP","CRK",33.553482,1.5233829,8.00898831794701e-247,1.28669855012797e-245,"MKPP_unique_upregulated"
"MKPP","MYO1D",33.35889,1.5501359,5.41394173507414e-244,8.52292935413763e-243,"MKPP_unique_upregulated"
"MKPP","WRNIP1",33.330475,1.6193253,1.39750423544802e-243,2.19121497429862e-242,"MKPP_unique_upregulated"
"MKPP","TENT4A",32.427734,1.5561637,1.11616265318796e-230,1.60478110195312e-229,"MKPP_unique_upregulated"
"MKPP","SMARCD2",32.26434,1.6607252,2.21423347767857e-228,3.15113605027012e-227,"MKPP_unique_upregulated"
"MKPP","PHACTR2",31.597696,1.5202124,3.97125324164816e-219,5.36667703263613e-218,"MKPP_unique_upregulated"
"MKPP","AKT1",31.37666,1.5545864,4.21272658106297e-216,5.58878872801628e-215,"MKPP_unique_upregulated"
"MKPP","ZHX3",31.18355,1.5375526,1.78071776076554e-213,2.32766099817369e-212,"MKPP_unique_upregulated"
"MKPP","KDM4A",30.529179,1.6164523,1.06867789872225e-204,1.32186404059399e-203,"MKPP_unique_upregulated"
"MKPP","TNFSF8",30.158188,1.8076671,8.37730116618434e-200,1.00692278390599e-198,"MKPP_unique_upregulated"
"MKPP","EPM2A",30.140387,1.605125,1.43368239338159e-199,1.72006726386824e-198,"MKPP_unique_upregulated"
"MKPP","JAM3",29.975044,1.6621335,2.07587460969879e-197,2.45888101468437e-196,"MKPP_unique_upregulated"
"MKPP","C8orf82",29.480349,1.7673403,5.14285344083973e-191,5.82717754084261e-190,"MKPP_unique_upregulated"
"MKPP","RAP2C-AS1",29.47727,1.5033932,5.63212124891725e-191,6.37416706760051e-190,"MKPP_unique_upregulated"
"MKPP","LINC02324",29.415195,2.2599647,3.51081946145487e-190,3.9596377649423e-189,"MKPP_unique_upregulated"
"MKPP","TTTY14",28.785555,1.9931072,3.25277380438318e-182,3.44987955578157e-181,"MKPP_unique_upregulated"
"MKPP","ANKRD33B",28.635353,1.6760359,2.43985582329968e-180,2.5682140263759e-179,"MKPP_unique_upregulated"
"MKPP","HDGFL2",28.634382,1.6676403,2.50872328521933e-180,2.63928479812752e-179,"MKPP_unique_upregulated"
"MKPP","SLAIN1",28.266861,1.8402556,8.83320820087795e-176,9.04490937073677e-175,"MKPP_unique_upregulated"
"MKPP","SLC24A1",28.099775,1.5757971,9.85803307785015e-174,9.90256628682606e-173,"MKPP_unique_upregulated"
"MKPP","TXK",27.877409,1.8332042,5.01392460722394e-171,4.95267424099737e-170,"MKPP_unique_upregulated"
"MKPP","CHSY1",27.536545,1.6818359,6.41370504724426e-167,6.14911221775971e-166,"MKPP_unique_upregulated"
"MKPP","SBNO2",27.392923,1.5219134,3.33018300162775e-165,3.15569108841898e-164,"MKPP_unique_upregulated"
"MKPP","GLYATL1",26.863853,1.633723,5.81099795475449e-159,5.27654793404342e-158,"MKPP_unique_upregulated"
"MKPP","BOD1",26.757998,1.567875,9.9665004602379e-158,8.9707672955812e-157,"MKPP_unique_upregulated"
"MKPP","CNNM4",26.226173,1.5757368,1.3367846323293e-151,1.14628403529446e-150,"MKPP_unique_upregulated"
"MKPP","ITFG2-AS1",26.208143,1.6721641,2.14614452337466e-151,1.83788866666938e-150,"MKPP_unique_upregulated"
"MKPP","RGPD8",26.135288,1.6449159,1.4485760493966e-150,1.23457038913732e-149,"MKPP_unique_upregulated"
"MKPP","RGS7",25.808067,1.7070086,7.19835572045746e-147,5.96095745822732e-146,"MKPP_unique_upregulated"
"MKPP","POC1B-AS1",25.807098,1.7593136,7.38110845648336e-147,6.1097094025578e-146,"MKPP_unique_upregulated"
"MKPP","SAMD1",25.36629,1.5606979,5.94170530185781e-142,4.71481303109301e-141,"MKPP_unique_upregulated"
"MKPP","BCL9L",25.359892,1.5469975,6.9901662340913e-142,5.54003940334948e-141,"MKPP_unique_upregulated"
"MKPP","PPP2CB",25.216127,1.5604813,2.66590851165375e-140,2.09084159342848e-139,"MKPP_unique_upregulated"
"MKPP","FAM43A",25.027596,1.7967392,3.06211666221483e-138,2.3692961188699e-137,"MKPP_unique_upregulated"
"MKPP","LINGO3",24.993528,1.5796899,7.18861979205943e-138,5.54680252724838e-137,"MKPP_unique_upregulated"
"MKPP","GIMAP7",24.98797,1.7659465,8.26187484943789e-138,6.36740319235135e-137,"MKPP_unique_upregulated"
"MKPP","MTHFD1L",24.818943,1.5116838,5.59907096524634e-136,4.26313699019224e-135,"MKPP_unique_upregulated"
"MKPP","IL7R",24.81132,1.5128243,6.76723497589295e-136,5.14857130669803e-135,"MKPP_unique_upregulated"
"MKPP","MPZL3",24.709394,1.5786852,8.47665703578692e-135,6.37475883459948e-134,"MKPP_unique_upregulated"
"MKPP","CD3D",24.491919,1.5859901,1.80112109072481e-132,1.32597206558703e-131,"MKPP_unique_upregulated"
"MKPP","MED12L",24.293259,1.859518,2.30979434093238e-130,1.66659497283794e-129,"MKPP_unique_upregulated"
"MKPP","ARHGAP19",23.741968,1.5066952,1.3300879750192e-124,9.15482289664989e-124,"MKPP_unique_upregulated"
"MKPP","CCNT2-AS1",23.555933,1.5309907,1.0913432082825e-122,7.38941311407335e-122,"MKPP_unique_upregulated"
"MKPP","ASPHD2",23.29027,1.7835587,5.56339762081331e-120,3.6840800217961e-119,"MKPP_unique_upregulated"
"MKPP","TUT1",23.25645,1.6485213,1.22405333665856e-119,8.07561554003195e-119,"MKPP_unique_upregulated"
"MKPP","DPYD-AS1",22.82692,1.5391216,2.47818288443375e-115,1.58681553280758e-114,"MKPP_unique_upregulated"
"MKPP","FAAH2",22.808538,1.6646245,3.7725235821232e-115,2.41165440885288e-114,"MKPP_unique_upregulated"
"MKPP","IRAK3",22.290098,1.5038238,4.60973211988278e-110,2.82768771541901e-109,"MKPP_unique_upregulated"
"MKPP","SPON1",21.9859,1.9086641,3.9291889977856e-107,2.3505463255478e-106,"MKPP_unique_upregulated"
"MKPP","PRR5",21.984594,1.5331982,4.04394886769741e-107,2.41845939618285e-106,"MKPP_unique_upregulated"
"MKPP","MTURN",21.803425,1.5119311,2.15291416756333e-105,1.2731406597425e-104,"MKPP_unique_upregulated"
"MKPP","SPAG6",21.7738,1.6333444,4.11094410011589e-105,2.42517196717117e-104,"MKPP_unique_upregulated"
"MKPP","SOX12",21.7459,1.7844884,7.55369711923303e-105,4.44543594674141e-104,"MKPP_unique_upregulated"
"MKPP","OVCH1-AS1",21.701912,2.400943,1.96806672251486e-104,1.1540644179254e-103,"MKPP_unique_upregulated"
"MKPP","LINC01340",21.689493,1.5989965,2.57809218513035e-104,1.51042239157577e-103,"MKPP_unique_upregulated"
"MKPP","SHISA8",21.525003,1.7544917,9.08124671930829e-103,5.24968495726513e-102,"MKPP_unique_upregulated"
"MKPP","STPG4",21.372725,1.8996521,2.39725404707682e-101,1.36882016904579e-100,"MKPP_unique_upregulated"
"MKPP","PLCB1",21.33633,1.5756226,5.22369044882548e-101,2.97315807744669e-100,"MKPP_unique_upregulated"
"MKPP","ADA",20.925117,1.7637486,3.16287617521223e-97,1.74685749355216e-96,"MKPP_unique_upregulated"
"MKPP","FRMD4A",20.824345,1.6069732,2.60468452983646e-96,1.42609028762842e-95,"MKPP_unique_upregulated"
"MKPP","PPP1R3F",20.26372,1.624826,2.68865955610746e-91,1.41619623671361e-90,"MKPP_unique_upregulated"
"MKPP","MSC-AS1",19.96304,1.831016,1.15470824435352e-88,5.9336478270771e-88,"MKPP_unique_upregulated"
"MKPP","CCT6B",19.79567,1.5449789,3.24417934668027e-87,1.64163696549882e-86,"MKPP_unique_upregulated"
"MKPP","LINC00624",19.552586,1.6878828,3.92129350909412e-85,1.94849851157831e-84,"MKPP_unique_upregulated"
"MKPP","PDZD2",19.302008,1.6923143,5.16630043202527e-83,2.51728503122187e-82,"MKPP_unique_upregulated"
"MKPP","GYPE",19.135569,1.6856687,1.27676864749697e-81,6.13250095587153e-81,"MKPP_unique_upregulated"
"MKPP","RASSF6",18.83766,1.6412967,3.71016269604713e-79,1.73851684952706e-78,"MKPP_unique_upregulated"
"MKPP","TRAT1",18.324736,1.8672366,5.25361450745008e-75,2.36219505243068e-74,"MKPP_unique_upregulated"
"MKPP","YES1",18.149662,1.7027974,1.29194349779704e-73,5.73519745120067e-73,"MKPP_unique_upregulated"
"MKPP","EGLN3",18.044764,1.8421962,8.67360367344557e-73,3.82608378453523e-72,"MKPP_unique_upregulated"
"MKPP","PTCHD1-AS",17.966799,2.2741077,3.54594569980787e-72,1.55506646019364e-71,"MKPP_unique_upregulated"
"MKPP","MAL",17.83964,1.5376214,3.47930379941529e-71,1.51261978997908e-70,"MKPP_unique_upregulated"
"MKPP","NAV2",17.745281,1.874374,1.87462507129308e-70,8.1030844698615e-70,"MKPP_unique_upregulated"
"MKPP","CD28",17.671984,1.6152192,6.89309657343482e-70,2.96448601646094e-69,"MKPP_unique_upregulated"
"MKPP","PINK1",17.587915,1.5523901,3.04884053924116e-69,1.30147713071272e-68,"MKPP_unique_upregulated"
"MKPP","LINC01342",17.574425,1.7087646,3.86787643177115e-69,1.65002411198818e-68,"MKPP_unique_upregulated"
"MKPP","CCL3",17.509197,1.9657463,1.21899521109487e-68,5.16864535009845e-68,"MKPP_unique_upregulated"
"MKPP","RASGRF2",17.31598,1.5779744,3.56402204905908e-67,1.49114354192833e-66,"MKPP_unique_upregulated"
"MKPP","S100Z",17.313921,1.7889549,3.69386704927149e-67,1.54513874348321e-66,"MKPP_unique_upregulated"
"MKPP","COL10A1",17.120594,1.918058,1.04208017227521e-65,4.31108346957321e-65,"MKPP_unique_upregulated"
"MKPP","NLGN4Y",16.881512,1.828365,6.15482838816507e-64,2.50026327381387e-63,"MKPP_unique_upregulated"
"MKPP","ZNF358",16.806738,1.5977373,2.17836259243768e-63,8.79616161964929e-63,"MKPP_unique_upregulated"
"MKPP","NME9",16.386803,1.5925417,2.37621200846503e-60,9.30140359704815e-60,"MKPP_unique_upregulated"
"MKPP","LINC01891",16.36409,1.9735258,3.45152992946874e-60,1.3489022899909e-59,"MKPP_unique_upregulated"
"MKPP","CHRM5",16.266994,1.5327495,1.69265857558962e-59,6.5757282126539e-59,"MKPP_unique_upregulated"
"MKPP","ACTN1",16.26401,1.5108364,1.77718095548135e-59,6.90134489717387e-59,"MKPP_unique_upregulated"
"MKPP","RNASEH2B-AS1",16.173018,1.5424472,7.81737693463615e-59,3.01360188843499e-58,"MKPP_unique_upregulated"
"MKPP","JAML",16.130295,1.8645117,1.56274564470165e-58,6.00428171520163e-58,"MKPP_unique_upregulated"
"MKPP","LENG9",16.091707,1.5017658,2.91678286150316e-58,1.11891015553605e-57,"MKPP_unique_upregulated"
"MKPP","CD4",15.845144,1.6070142,1.51871775698635e-56,5.72716690474252e-56,"MKPP_unique_upregulated"
"MKPP","LINC01252",15.838125,1.7626191,1.69807529706874e-56,6.39308494056386e-56,"MKPP_unique_upregulated"
"MKPP","DCLK2",15.702144,1.6846513,1.46215845811089e-55,5.43325421730228e-55,"MKPP_unique_upregulated"
"MKPP","DDAH1",15.5035095,1.7003976,3.28450072324172e-54,1.20493269877004e-53,"MKPP_unique_upregulated"
"MKPP","FAM184B",15.416855,1.7601225,1.26097657988823e-53,4.59065855167496e-53,"MKPP_unique_upregulated"
"MKPP","MBNL1-AS1",15.359426,1.5462143,3.06278546107795e-53,1.11089130495595e-52,"MKPP_unique_upregulated"
"MKPP","TMEM72-AS1",15.229471,1.6080824,2.25408598874656e-52,8.10212245183554e-52,"MKPP_unique_upregulated"
"MKPP","PROCR",15.117452,1.6954952,1.24258914099292e-51,4.42251442541823e-51,"MKPP_unique_upregulated"
"MKPP","TIAM1",14.889483,1.6523979,3.85738732393662e-50,1.35222778851293e-49,"MKPP_unique_upregulated"
"MKPP","PRKD1",14.848761,1.9713984,7.08665416806612e-50,2.47760673147611e-49,"MKPP_unique_upregulated"
"MKPP","PRKAR2B",14.794514,1.9341424,1.58928675085067e-49,5.53661440994231e-49,"MKPP_unique_upregulated"
"MKPP","ST18",14.718374,1.7479507,4.91332104375681e-49,1.7010592035427e-48,"MKPP_unique_upregulated"
"MKPP","ATRNL1",14.709688,2.2356632,5.58640876861431e-49,1.93101654803471e-48,"MKPP_unique_upregulated"
"MKPP","SLFNL1-AS1",14.428424,1.6205199,3.42824265620822e-47,1.16545956040102e-46,"MKPP_unique_upregulated"
"MKPP","IMPG2",14.380423,1.6248922,6.86740910950191e-47,2.32856457207994e-46,"MKPP_unique_upregulated"
"MKPP","PMFBP1",14.338682,1.7828072,1.25414996674056e-46,4.23708676608757e-46,"MKPP_unique_upregulated"
"MKPP","EYA2",13.987514,1.8786093,1.8579528272852e-44,6.12576595186465e-44,"MKPP_unique_upregulated"
"MKPP","A2M",13.723759,1.6121573,7.31714662660339e-43,2.37528077620065e-42,"MKPP_unique_upregulated"
"MKPP","LINC02562",13.695275,3.064862,1.08348650433254e-42,3.51020925774488e-42,"MKPP_unique_upregulated"
"MKPP","TRAM2-AS1",13.591902,1.5834562,4.4730613548093e-42,1.44104156389378e-41,"MKPP_unique_upregulated"
"MKPP","MIR2052HG",13.554989,2.9818792,7.40231593414694e-42,2.3780745066391e-41,"MKPP_unique_upregulated"
"MKPP","KCNMB2-AS1",13.497731,1.7032452,1.61265355927345e-41,5.15711796827308e-41,"MKPP_unique_upregulated"
"MKPP","SEMA6A",13.479136,1.501929,2.07521103317958e-41,6.62334521240549e-41,"MKPP_unique_upregulated"
"MKPP","PZP",13.465464,1.5556823,2.49746008801436e-41,7.96452069789193e-41,"MKPP_unique_upregulated"
"MKPP","CD40LG",13.42984,1.893222,4.04282523738129e-41,1.28508778825661e-40,"MKPP_unique_upregulated"
"MKPP","ZBTB20-AS2",13.1979685,1.5041832,9.01326199255837e-40,2.81923770253168e-39,"MKPP_unique_upregulated"
"MKPP","DLEU7",13.164684,2.0240524,1.4012214689494e-39,4.3702744189356e-39,"MKPP_unique_upregulated"
"MKPP","SYT9",13.15284,2.1602516,1.63901063439293e-39,5.1094726929745e-39,"MKPP_unique_upregulated"
"MKPP","EEPD1",13.137323,2.0213187,2.01218849711041e-39,6.26384099768636e-39,"MKPP_unique_upregulated"
"MKPP","ATP8B4",13.136,2.0105731,2.04769584271055e-39,6.37234609576338e-39,"MKPP_unique_upregulated"
"MKPP","PTGDR",12.938695,1.8833609,2.72215637427163e-38,8.37533898297913e-38,"MKPP_unique_upregulated"
"MKPP","KCNIP2-AS1",12.827432,1.6798172,1.15116630417214e-37,3.519141109208e-37,"MKPP_unique_upregulated"
"MKPP","OVCH1",12.801776,3.7623613,1.60243289767078e-37,4.89026932963535e-37,"MKPP_unique_upregulated"
"MKPP","CAMK2N1",12.697924,1.6890801,6.07190191955454e-37,1.83981072718865e-36,"MKPP_unique_upregulated"
"MKPP","SLC9C1",12.581152,1.608886,2.68091882504736e-36,8.05593052342241e-36,"MKPP_unique_upregulated"
"MKPP","SAMD12-AS1",12.52807,2.2953222,5.24225540423483e-36,1.56802894757058e-35,"MKPP_unique_upregulated"
"MKPP","KCNC1",12.427482,1.8688365,1.85383493013004e-35,5.50551554299357e-35,"MKPP_unique_upregulated"
"MKPP","ZNF625",12.371196,1.6937164,3.74207845078061e-35,1.10762352329262e-34,"MKPP_unique_upregulated"
"MKPP","ITGA2B",12.34515,1.8828754,5.17377008458426e-35,1.52884827869443e-34,"MKPP_unique_upregulated"
"MKPP","GIMAP8",12.345058,1.8103238,5.17964663495836e-35,1.53035369700838e-34,"MKPP_unique_upregulated"
"MKPP","GLYATL1B",12.22155,2.4821036,2.38492367763715e-34,6.98416440047946e-34,"MKPP_unique_upregulated"
"MKPP","FAM66D",12.1434965,2.2022934,6.21137036404506e-34,1.80869189410169e-33,"MKPP_unique_upregulated"
"MKPP","FARP1",12.090926,1.7479136,1.17950137658432e-33,3.41629409961545e-33,"MKPP_unique_upregulated"
"MKPP","METTL24",11.95519,2.2839727,6.09942677423386e-33,1.75056590082441e-32,"MKPP_unique_upregulated"
"MKPP","MARK1",11.867915,1.8741673,1.73742585376883e-32,4.95958411474085e-32,"MKPP_unique_upregulated"
"MKPP","IL12RB2",11.867522,1.5751569,1.74561006254898e-32,4.98076665266236e-32,"MKPP_unique_upregulated"
"MKPP","SRGAP2-AS1",11.614379,1.5142224,3.4831153941134e-31,9.77310037740335e-31,"MKPP_unique_upregulated"
"MKPP","LINC02315",11.6125555,2.3902247,3.55818463687643e-31,9.98087112591715e-31,"MKPP_unique_upregulated"
"MKPP","AGBL4",11.609225,2.0394087,3.69952970947646e-31,1.03758631725721e-30,"MKPP_unique_upregulated"
"MKPP","CP",11.605037,1.5071388,3.88521789632671e-31,1.08888490110743e-30,"MKPP_unique_upregulated"
"MKPP","C1QTNF7",11.452098,2.5371165,2.29523241793238e-30,6.36613861858269e-30,"MKPP_unique_upregulated"
"MKPP","HIGD1B",11.279289,1.8602965,1.66082940547341e-29,4.54851081963662e-29,"MKPP_unique_upregulated"
"MKPP","SLC38A4",11.264891,1.5018564,1.9559437598414e-29,5.34626449121058e-29,"MKPP_unique_upregulated"
"MKPP","CC2D2A",11.262706,1.5133128,2.00505992417223e-29,5.47975036259806e-29,"MKPP_unique_upregulated"
"MKPP","CTNNA3",11.212884,1.606668,3.52516684832936e-29,9.60998396323613e-29,"MKPP_unique_upregulated"
"MKPP","TTC3-AS1",11.211545,1.7844311,3.57889640760099e-29,9.75373884455936e-29,"MKPP_unique_upregulated"
"MKPP","MB21D2",11.174137,1.8706198,5.45782666349343e-29,1.48372814880855e-28,"MKPP_unique_upregulated"
"MKPP","PRKCA-AS1",11.004423,1.9177343,3.63836067846141e-28,9.78766040089812e-28,"MKPP_unique_upregulated"
"MKPP","OMG",10.987978,1.5191005,4.36597659496003e-28,1.17273067961809e-27,"MKPP_unique_upregulated"
"MKPP","LRGUK",10.729545,1.5904009,7.39594757629863e-27,1.9575801727717e-26,"MKPP_unique_upregulated"
"MKPP","LINC02284",10.569248,1.8190361,4.13799734746751e-26,1.08512908195181e-25,"MKPP_unique_upregulated"
"MKPP","UBASH3A",10.489642,1.5581796,9.63923535932807e-26,2.51527613696935e-25,"MKPP_unique_upregulated"
"MKPP","FSCN3",10.489128,1.8469518,9.69184540146654e-26,2.5286670775453e-25,"MKPP_unique_upregulated"
"MKPP","FNIP2",10.480875,1.5645835,1.0576022740272e-25,2.75751649542494e-25,"MKPP_unique_upregulated"
"MKPP","TREML1",10.427313,1.6600714,1.8607708155044e-25,4.82976035519169e-25,"MKPP_unique_upregulated"
"MKPP","PP2D1",10.418684,1.6494967,2.03752122908943e-25,5.28502325169963e-25,"MKPP_unique_upregulated"
"MKPP","CFAP100",10.405952,1.6325463,2.32914199529909e-25,6.03504377171778e-25,"MKPP_unique_upregulated"
"MKPP","TENM1",10.402275,1.5062248,2.42082937885768e-25,6.27095436662523e-25,"MKPP_unique_upregulated"
"MKPP","ANKRD55",10.362648,1.5393325,3.66668641135124e-25,9.47691450235387e-25,"MKPP_unique_upregulated"
"MKPP","ENTHD1",10.250558,1.9594635,1.17662517592041e-24,3.01877559229192e-24,"MKPP_unique_upregulated"
"MKPP","EDRF1-AS1",10.0408325,1.5653342,1.00819337827135e-23,2.54679235614719e-23,"MKPP_unique_upregulated"
"MKPP","MAP3K20-AS1",10.018687,1.7578713,1.26167728926289e-23,3.1827383261952e-23,"MKPP_unique_upregulated"
"MKPP","LINC00334",9.93399,1.734312,2.96164716851933e-23,7.42612913808127e-23,"MKPP_unique_upregulated"
"MKPP","DOCK3",9.927107,1.5661172,3.17329741028811e-23,7.95173309316401e-23,"MKPP_unique_upregulated"
"MKPP","TCEA3",9.892058,1.5917699,4.50663402060318e-23,1.1271193061754e-22,"MKPP_unique_upregulated"
"MKPP","TSPAN2",9.770083,1.5318644,1.51327720517302e-22,3.75355664226462e-22,"MKPP_unique_upregulated"
"MKPP","MTMR7",9.625141,1.6351118,6.26210303949212e-22,1.53882748055735e-21,"MKPP_unique_upregulated"
"MKPP","CNTD1",9.385145,1.5173913,6.28296891900833e-21,1.51727922753492e-20,"MKPP_unique_upregulated"
"MKPP","DOK6",9.31603,1.5961579,1.2077543047379e-20,2.90549990596399e-20,"MKPP_unique_upregulated"
"MKPP","TOM1L1",9.176567,1.5071874,4.45055200054625e-20,1.0608892867181e-19,"MKPP_unique_upregulated"
"MKPP","GP9",9.116473,1.655875,7.76085136592549e-20,1.84301382922852e-19,"MKPP_unique_upregulated"
"MKPP","UTF1",9.003236,1.7851863,2.19161438976593e-19,5.16817430452394e-19,"MKPP_unique_upregulated"
"MKPP","PTH2R",8.990299,1.710272,2.46559109302225e-19,5.81355422439564e-19,"MKPP_unique_upregulated"
"MKPP","LINC00470",8.986312,2.506002,2.55666154662006e-19,6.0239317452452e-19,"MKPP_unique_upregulated"
"MKPP","ECT2L",8.864697,1.5308267,7.67122876837893e-19,1.79193750196537e-18,"MKPP_unique_upregulated"
"MKPP","C21orf91-OT1",8.837029,1.9252311,9.82975690816451e-19,2.29122910278693e-18,"MKPP_unique_upregulated"
"MKPP","C17orf99",8.836567,2.2256722,9.87045256417791e-19,2.30016691408638e-18,"MKPP_unique_upregulated"
"MKPP","POLN",8.786668,1.8745774,1.54061877794122e-18,3.57910818553411e-18,"MKPP_unique_upregulated"
"MKPP","TEX53",8.772885,1.7298468,1.74145418164845e-18,4.04040495927162e-18,"MKPP_unique_upregulated"
"MKPP","LINC01393",8.712288,1.7733047,2.97802276962891e-18,6.88166622060681e-18,"MKPP_unique_upregulated"
"MKPP","SMIM15-AS1",8.667102,1.5902869,4.43256780162526e-18,1.02115006760305e-17,"MKPP_unique_upregulated"
"MKPP","LINC01829",8.611973,1.5357411,7.18138960426731e-18,1.64858554406737e-17,"MKPP_unique_upregulated"
"MKPP","RGS5",8.561727,1.665528,1.11189728985966e-17,2.54118268721957e-17,"MKPP_unique_upregulated"
"MKPP","GPR19",8.558227,1.5327004,1.14617382058924e-17,2.61890814120624e-17,"MKPP_unique_upregulated"
"MKPP","CMTM5",8.537317,1.8096743,1.3737445181328e-17,3.13376459907003e-17,"MKPP_unique_upregulated"
"MKPP","EDNRB-AS1",8.498268,2.088664,1.92440679818341e-17,4.38073432141146e-17,"MKPP_unique_upregulated"
"MKPP","PLB1",8.476104,1.7361429,2.32860198489111e-17,5.29222806508121e-17,"MKPP_unique_upregulated"
"MKPP","RTN1",8.428366,1.6030031,3.50526345309413e-17,7.93142868294935e-17,"MKPP_unique_upregulated"
"MKPP","ADAMTS17",8.402577,1.6379031,4.36783609920647e-17,9.86835432274244e-17,"MKPP_unique_upregulated"
"MKPP","HTR1F",8.390139,4.5259457,4.85569379852254e-17,1.0965518320772e-16,"MKPP_unique_upregulated"
"MKPP","MYLK4",8.232303,1.7921673,1.8364894472123e-16,4.10655073740719e-16,"MKPP_unique_upregulated"
"MKPP","OSMR",8.19633,1.8163258,2.4783742966645e-16,5.53111635916184e-16,"MKPP_unique_upregulated"
"MKPP","C8orf89",8.117585,2.3678942,4.75550143889607e-16,1.05601057826054e-15,"MKPP_unique_upregulated"
"MKPP","ACKR4",7.982735,1.6764393,1.43125808745228e-15,3.15321529557151e-15,"MKPP_unique_upregulated"
"MKPP","ASPN",7.9687433,1.602759,1.6029618462787e-15,3.5279223268453e-15,"MKPP_unique_upregulated"
"MKPP","MYZAP",7.935902,1.6317562,2.08970557093064e-15,4.58474701333903e-15,"MKPP_unique_upregulated"
"MKPP","MKNK1-AS1",7.8328595,1.6116033,4.76897298200818e-15,1.03814955291952e-14,"MKPP_unique_upregulated"
"MKPP","LINC01250",7.790413,1.7681719,6.67905199270218e-15,1.44767046292863e-14,"MKPP_unique_upregulated"
"MKPP","CCDC192",7.7511697,1.6935157,9.10498679003394e-15,1.96695055759974e-14,"MKPP_unique_upregulated"
"MKPP","LINC02531",7.7322946,2.254071,1.05625381731777e-14,2.2790577458677e-14,"MKPP_unique_upregulated"
"MKPP","MID2",7.456745,1.5125222,8.8686068420961e-14,1.87997940294807e-13,"MKPP_unique_upregulated"
"MKPP","PTCRA",7.43396,1.5545657,1.05393718190343e-13,2.23052593288841e-13,"MKPP_unique_upregulated"
"MKPP","ZBTB20-AS3",7.431961,1.7323409,1.06999279894251e-13,2.26377112008942e-13,"MKPP_unique_upregulated"
"MKPP","ALK",7.3732276,1.5181899,1.66545914517094e-13,3.50879678646695e-13,"MKPP_unique_upregulated"
"MKPP","GP1BA",7.3052087,1.8240267,2.7683638969023e-13,5.81112902108819e-13,"MKPP_unique_upregulated"
"MKPP","MAGI1",7.303806,2.262174,2.79739996997082e-13,5.86893134045127e-13,"MKPP_unique_upregulated"
"MKPP","C9orf153",7.202974,1.7723079,5.89131794360086e-13,1.22861888010638e-12,"MKPP_unique_upregulated"
"MKPP","HIGD1C",7.202293,2.2140675,5.92082329673397e-13,1.23464056127974e-12,"MKPP_unique_upregulated"
"MKPP","SLC22A4",7.2017303,1.6129825,5.94531664756864e-13,1.23961594203115e-12,"MKPP_unique_upregulated"
"MKPP","GK-AS1",7.179711,1.6458044,6.98589295864649e-13,1.45363625494252e-12,"MKPP_unique_upregulated"
"MKPP","ACOT12",7.115481,1.6366813,1.11523441243178e-12,2.31420010418506e-12,"MKPP_unique_upregulated"
"MKPP","PRSS57",7.108393,2.3527703,1.17401500002553e-12,2.43488346799147e-12,"MKPP_unique_upregulated"
"MKPP","ASB16",7.104856,1.9602422,1.20448030551254e-12,2.49727385232776e-12,"MKPP_unique_upregulated"
"MKPP","SUSD4",7.0807934,1.6099786,1.43331336628794e-12,2.96857281451337e-12,"MKPP_unique_upregulated"
"MKPP","RFPL3S",6.978117,1.6657506,2.99162456999515e-12,6.15175594637085e-12,"MKPP_unique_upregulated"
"MKPP","DACT1",6.975356,1.5312152,3.05096701497819e-12,6.27246507134831e-12,"MKPP_unique_upregulated"
"MKPP","ZBTB46",6.948864,1.8533113,3.68239682698741e-12,7.56187859276835e-12,"MKPP_unique_upregulated"
"MKPP","NRIR",6.9382796,1.5034277,3.96903026646188e-12,8.14279558126715e-12,"MKPP_unique_upregulated"
"MKPP","LINC02458",6.816912,2.206762,9.3018115934924e-12,1.89384922756695e-11,"MKPP_unique_upregulated"
"MKPP","PVALB",6.6890583,2.2318578,2.24611174302221e-11,4.52972426955154e-11,"MKPP_unique_upregulated"
"MKPP","MME-AS1",6.670309,4.6468506,2.55265436811106e-11,5.13998154714933e-11,"MKPP_unique_upregulated"
"MKPP","AKR1E2",6.617353,2.0252254,3.65687986891919e-11,7.32874081063199e-11,"MKPP_unique_upregulated"
"MKPP","GLIS3",6.617321,2.0943475,3.65766756055832e-11,7.32956874808041e-11,"MKPP_unique_upregulated"
"MKPP","RARB",6.5916815,1.746269,4.34872159584631e-11,8.69833222810187e-11,"MKPP_unique_upregulated"
"MKPP","TDRD1",6.516701,2.496971,7.18704474719178e-11,1.43155630713608e-10,"MKPP_unique_upregulated"
"MKPP","SLC1A1",6.499033,2.0594845,8.08378577102771e-11,1.60804635526553e-10,"MKPP_unique_upregulated"
"MKPP","S100B",6.469404,2.059104,9.83901877905726e-11,1.95382504027392e-10,"MKPP_unique_upregulated"
"MKPP","PCDH9-AS3",6.3979187,1.5071982,1.57509210103009e-10,3.11075920800937e-10,"MKPP_unique_upregulated"
"MKPP","STAR",6.3937664,1.6667403,1.61848659667284e-10,3.19549447318073e-10,"MKPP_unique_upregulated"
"MKPP","LOXL3",6.372548,1.618626,1.85913057907429e-10,3.66432989235754e-10,"MKPP_unique_upregulated"
"MKPP","VPREB1",6.3368134,1.9926553,2.34565449756423e-10,4.60794771692972e-10,"MKPP_unique_upregulated"
"MKPP","CLDN5",6.334652,1.5994747,2.37877739089787e-10,4.67160939232131e-10,"MKPP_unique_upregulated"
"MKPP","IGSF9B",6.1925797,2.2548573,5.91874706524549e-10,1.15195984257732e-09,"MKPP_unique_upregulated"
"MKPP","LINC01259",6.1389456,1.7078698,8.30709850780432e-10,1.61167265120677e-09,"MKPP_unique_upregulated"
"MKPP","ITGB5",6.138169,1.6449373,8.3478104230929e-10,1.61925277830929e-09,"MKPP_unique_upregulated"
"MKPP","ATP6V0E2-AS1",6.117933,1.5932586,9.47971279161752e-10,1.83698771941347e-09,"MKPP_unique_upregulated"
"MKPP","LINC02109",6.067225,1.9444852,1.30139335922577e-09,2.51239791370658e-09,"MKPP_unique_upregulated"
"MKPP","ENTPD3",5.9846864,1.6968191,2.16806952751097e-09,4.16296580456626e-09,"MKPP_unique_upregulated"
"MKPP","PPP1R42",5.9811325,1.9752297,2.21591343173553e-09,4.25356677788698e-09,"MKPP_unique_upregulated"
"MKPP","COL9A1",5.9805036,1.6036968,2.22449152026651e-09,4.26878984687408e-09,"MKPP_unique_upregulated"
"MKPP","GTSCR1",5.9690304,2.2678444,2.38667942329094e-09,4.57733440703295e-09,"MKPP_unique_upregulated"
"MKPP","KBTBD11",5.8796406,1.6237388,4.11158084135802e-09,7.83860228991559e-09,"MKPP_unique_upregulated"
"MKPP","AADACL2-AS1",5.8780003,2.4368703,4.15251973790392e-09,7.91510873088874e-09,"MKPP_unique_upregulated"
"MKPP","HKDC1",5.8538938,1.8540303,4.80195435410421e-09,9.13964038528462e-09,"MKPP_unique_upregulated"
"MKPP","LINC01269",5.8292646,2.4792628,5.56722213106175e-09,1.0574587717008e-08,"MKPP_unique_upregulated"
"MKPP","NOX1",5.8280063,1.972474,5.60934070807768e-09,1.06525212515202e-08,"MKPP_unique_upregulated"
"MKPP","NCBP2-AS1",5.820698,1.5968976,5.86023861024747e-09,1.11235958022429e-08,"MKPP_unique_upregulated"
"MKPP","IFI27",5.820542,1.5423833,5.86572094577405e-09,1.11329221597388e-08,"MKPP_unique_upregulated"
"MKPP","PPEF1",5.765433,1.9229783,8.14484585681052e-09,1.53914383125126e-08,"MKPP_unique_upregulated"
"MKPP","RNF212B",5.7379065,2.2613451,9.58541646814426e-09,1.80526881086282e-08,"MKPP_unique_upregulated"
"MKPP","ADGRB3",5.706925,1.7847557,1.15035550828808e-08,2.16235894199628e-08,"MKPP_unique_upregulated"
"MKPP","GRPEL2-AS1",5.70669,1.6039127,1.15194559415315e-08,2.16513988919305e-08,"MKPP_unique_upregulated"
"MKPP","CFAP97D2",5.6513567,1.7886695,1.59186185006696e-08,2.98138903925251e-08,"MKPP_unique_upregulated"
"MKPP","ME1",5.598335,1.8493589,2.16420330959186e-08,4.03825024907919e-08,"MKPP_unique_upregulated"
"MKPP","SGK2",5.5982814,1.8111701,2.16487136947898e-08,4.03911164740319e-08,"MKPP_unique_upregulated"
"MKPP","ZNF521",5.4990687,1.9194378,3.81802635705796e-08,7.06822514237561e-08,"MKPP_unique_upregulated"
"MKPP","SIGLEC1",5.454818,1.9642797,4.90230479202711e-08,9.05154747786248e-08,"MKPP_unique_upregulated"
"MKPP","RNF217",5.445725,1.7077545,5.15948535286208e-08,9.51831897660085e-08,"MKPP_unique_upregulated"
"MKPP","LINC01644",5.3610067,3.526342,8.27594492249591e-08,1.5170369109452e-07,"MKPP_unique_upregulated"
"MKPP","LINC00581",5.3610067,4.1066165,8.27594492249591e-08,1.5170369109452e-07,"MKPP_unique_upregulated"
"MKPP","SLC35F3",5.3527484,3.0684166,8.66283678235698e-08,1.58706478941261e-07,"MKPP_unique_upregulated"
"MKPP","KCNA2",5.310732,1.5146735,1.09185844722868e-07,1.99453753690914e-07,"MKPP_unique_upregulated"
"MKPP","SPATA45",5.300927,1.6982478,1.1521602436729e-07,2.10214187861924e-07,"MKPP_unique_upregulated"
"MKPP","FNDC5",5.2887225,2.50899,1.23173674005903e-07,2.24544666754939e-07,"MKPP_unique_upregulated"
"MKPP","MID1IP1-AS1",5.2540383,2.602327,1.48799901546938e-07,2.70605620211011e-07,"MKPP_unique_upregulated"
"MKPP","TIMD4",5.2293816,2.7136104,1.70078062843408e-07,3.08756613203433e-07,"MKPP_unique_upregulated"
"MKPP","POU6F2",5.21804,4.2994976,1.8082627382815e-07,3.27812537175211e-07,"MKPP_unique_upregulated"
"MKPP","LINC02295",5.202415,2.0328822,1.96715553657514e-07,3.5615562120376e-07,"MKPP_unique_upregulated"
"MKPP","LINC01954",5.181702,2.2118478,2.19870238021091e-07,3.97415556770433e-07,"MKPP_unique_upregulated"
"MKPP","CPA6",5.180289,1.5737913,2.21542664275846e-07,4.00216659393441e-07,"MKPP_unique_upregulated"
"MKPP","SLC24A3",5.180019,1.7053819,2.21863596277583e-07,4.0072243418495e-07,"MKPP_unique_upregulated"
"MKPP","ZDHHC1",5.178302,1.6101058,2.23914590090319e-07,4.04314911773309e-07,"MKPP_unique_upregulated"
"MKPP","DCST2",5.146907,1.5838219,2.64816976382648e-07,4.76938664873968e-07,"MKPP_unique_upregulated"
"MKPP","EXOC3L2",5.1253653,2.364766,2.96961821596982e-07,5.34241879655212e-07,"MKPP_unique_upregulated"
"MKPP","STAB2",5.1167674,1.6979052,3.10816486321418e-07,5.58345451605389e-07,"MKPP_unique_upregulated"
"MKPP","EQTN",5.0540338,1.7414922,4.32574835494554e-07,7.73590237704025e-07,"MKPP_unique_upregulated"
"MKPP","PDZD9",5.026639,1.682391,4.99151040990306e-07,8.90616173073612e-07,"MKPP_unique_upregulated"
"MKPP","MTUS2",4.9908013,1.5057341,6.0129313928102e-07,1.06993763294089e-06,"MKPP_unique_upregulated"
"MKPP","AGT",4.9737554,20.218811,6.56681087865738e-07,1.16584426849544e-06,"MKPP_unique_upregulated"
"MKPP","CCL23",4.939757,4.584989,7.82200573313427e-07,1.38479153339339e-06,"MKPP_unique_upregulated"
"MKPP","PRB2",4.9362698,2.95559,7.96309891209732e-07,1.40887811493599e-06,"MKPP_unique_upregulated"
"MKPP","GJA3",4.9091187,1.5478345,9.14865657728964e-07,1.61542060913557e-06,"MKPP_unique_upregulated"
"MKPP","OCA2",4.8796434,1.6349666,1.06277685318053e-06,1.87169628863617e-06,"MKPP_unique_upregulated"
"MKPP","NBAT1",4.825179,20.224642,1.39877450268707e-06,2.44976456355326e-06,"MKPP_unique_upregulated"
"MKPP","BAHCC1",4.8101945,2.8601959,1.5078363787764e-06,2.63911827011597e-06,"MKPP_unique_upregulated"
"MKPP","ANKRD61",4.8053493,1.5402684,1.54481424035455e-06,2.70238915208814e-06,"MKPP_unique_upregulated"
"MKPP","ABLIM3",4.7469406,1.5572628,2.06516668775718e-06,3.59370224508959e-06,"MKPP_unique_upregulated"
"MKPP","B3GNT8",4.7332034,2.0267155,2.21003934574143e-06,3.84102050958951e-06,"MKPP_unique_upregulated"
"MKPP","ASAP2",4.7277803,1.6682491,2.26987813019211e-06,3.942218447821e-06,"MKPP_unique_upregulated"
"MKPP","ACER1",4.7009983,2.1727352,2.58892762628709e-06,4.48359463591343e-06,"MKPP_unique_upregulated"
"MKPP","CKB",4.6754403,1.5446377,2.93323585096553e-06,5.07135175222597e-06,"MKPP_unique_upregulated"
"MKPP","BCL2L10",4.6753097,1.5247821,2.93510554833938e-06,5.07413599875475e-06,"MKPP_unique_upregulated"
"MKPP","SPOCK3",4.6629844,2.5820565,3.11656340688051e-06,5.3816548487326e-06,"MKPP_unique_upregulated"
"MKPP","PCLO",4.6600313,1.7369989,3.1616140928209e-06,5.45704018420388e-06,"MKPP_unique_upregulated"
"MKPP","FBXO39",4.62598,1.7409282,3.72831247299852e-06,6.41368074475912e-06,"MKPP_unique_upregulated"
"MKPP","CLEC10A",4.6167755,1.92088,3.89748151196534e-06,6.69939548718709e-06,"MKPP_unique_upregulated"
"MKPP","LINC01845",4.605804,1.9160532,4.10875430940979e-06,7.05759342753957e-06,"MKPP_unique_upregulated"
"MKPP","MLIP",4.5902267,1.9484323,4.42765242415436e-06,7.59536273221977e-06,"MKPP_unique_upregulated"
"MKPP","GDAP1L1",4.589786,1.6972809,4.43700366808569e-06,7.61073700710912e-06,"MKPP_unique_upregulated"
"MKPP","OR52N4",4.589744,1.7664455,4.43789524868653e-06,7.61159910827399e-06,"MKPP_unique_upregulated"
"MKPP","AGR2",4.589325,1.7555237,4.44682050019056e-06,7.62623869831104e-06,"MKPP_unique_upregulated"
"MKPP","SCN5A",4.553652,1.796786,5.2722554725241e-06,9.01813768237339e-06,"MKPP_unique_upregulated"
"MKPP","LINC02572",4.5235987,1.8702989,6.07969119705317e-06,1.03684327474234e-05,"MKPP_unique_upregulated"
"MKPP","PLA2G4C-AS1",4.48412,2.6080275,7.32154803838025e-06,1.24505129064939e-05,"MKPP_unique_upregulated"
"MKPP","FOXO6",4.464416,1.7625772,8.02874251765458e-06,1.36247015510767e-05,"MKPP_unique_upregulated"
"MKPP","KNDC1",4.463682,1.6247548,8.05630799520208e-06,1.36679239509376e-05,"MKPP_unique_upregulated"
"MKPP","SCG3",4.460393,2.6636703,8.18095426524467e-06,1.38745807819646e-05,"MKPP_unique_upregulated"
"MKPP","ZNF630-AS1",4.459122,1.7630047,8.22960513042936e-06,1.39534627148637e-05,"MKPP_unique_upregulated"
"MKPP","GNA14",4.402715,2.2162123,1.06904431834867e-05,1.80492314248894e-05,"MKPP_unique_upregulated"
"MKPP","PTX3",4.377431,2.2214925,1.20086452476358e-05,2.02486144080773e-05,"MKPP_unique_upregulated"
"MKPP","CABP5",4.3771853,2.1055605,1.20221774129694e-05,2.02696853021699e-05,"MKPP_unique_upregulated"
"MKPP","TRPM5",4.3491616,19.75585,1.36658839228914e-05,2.2989513119252e-05,"MKPP_unique_upregulated"
"MKPP","RAB44",4.3255677,1.5788176,1.5213937625789e-05,2.55476127573535e-05,"MKPP_unique_upregulated"
"MKPP","SLC9A9-AS1",4.3093367,2.3270664,1.63744979828407e-05,2.74611052903863e-05,"MKPP_unique_upregulated"
"MKPP","LINC02050",4.30896,1.7285328,1.64023925300579e-05,2.75055289252012e-05,"MKPP_unique_upregulated"
"MKPP","CCDC179",4.195044,2.133062,2.72818329076609e-05,4.53030300693406e-05,"MKPP_unique_upregulated"
"MKPP","LINC01543",4.1949377,2.158704,2.72946798966873e-05,4.5316672002238e-05,"MKPP_unique_upregulated"
"MKPP","RAB19",4.184975,1.5343733,2.8519709658861e-05,4.73184397663721e-05,"MKPP_unique_upregulated"
"MKPP","LINC01054",4.178477,19.899876,2.93467937219421e-05,4.86412044342676e-05,"MKPP_unique_upregulated"
"MKPP","ENPP7",4.158211,3.2838297,3.20749213137088e-05,5.30910218462742e-05,"MKPP_unique_upregulated"
"MKPP","ZNF341-AS1",4.1545234,1.8660687,3.25966174604735e-05,5.39271736951762e-05,"MKPP_unique_upregulated"
"MKPP","ANGPTL2",4.1544757,2.0049117,3.26034540678877e-05,5.39339241863578e-05,"MKPP_unique_upregulated"
"MKPP","C4BPA",4.146357,4.5697813,3.3780673141125e-05,5.58105548822638e-05,"MKPP_unique_upregulated"
"MKPP","TDRP",4.0873566,2.1888824,4.3631659994253e-05,7.17527754588489e-05,"MKPP_unique_upregulated"
"MKPP","TUBB8",4.0869994,1.8697982,4.36988066532968e-05,7.18569956799757e-05,"MKPP_unique_upregulated"
"MKPP","LINC01392",4.028838,2.2318692,5.60531346608096e-05,9.18402192952124e-05,"MKPP_unique_upregulated"
"MKPP","GBP7",4.000527,19.670122,6.32016065853326e-05,0.000103189740313875,"MKPP_unique_upregulated"
"MKPP","ATP2C2",3.9914463,1.7034576,6.56715396478337e-05,0.000107141961633217,"MKPP_unique_upregulated"
"MKPP","SLC16A9",3.9214544,1.9635526,8.80160729065955e-05,0.000142790753337801,"MKPP_unique_upregulated"
"MKPP","TRPC3",3.9214284,1.5240926,8.80255957437598e-05,0.000142790753337801,"MKPP_unique_upregulated"
"MKPP","LINC01498",3.9214284,1.5638007,8.80255957437598e-05,0.000142790753337801,"MKPP_unique_upregulated"
"MKPP","ZNF750",3.85709,2.4002087,0.000114744879082666,0.000185151133329728,"MKPP_unique_upregulated"
"MKPP","NLGN1",3.8567255,1.9570193,0.000114916087502185,0.000185381533408306,"MKPP_unique_upregulated"
"MKPP","FGFR4",3.8565853,1.8953531,0.000114982001025392,0.000185442000829544,"MKPP_unique_upregulated"
"MKPP","GPR143",3.8497245,1.7210648,0.000118250719819592,0.000190635202292781,"MKPP_unique_upregulated"
"MKPP","LINC01554",3.8319824,2.2232707,0.000127114805005032,0.000204621792064698,"MKPP_unique_upregulated"
"MKPP","CCNA1",3.8142955,19.340736,0.000136572001764693,0.000219340194561024,"MKPP_unique_upregulated"
"MKPP","MAL2",3.8142955,19.458483,0.000136572001764693,0.000219340194561024,"MKPP_unique_upregulated"
"MKPP","RFPL2",3.8142955,19.255209,0.000136572001764693,0.000219340194561024,"MKPP_unique_upregulated"
"MKPP","LINC01983",3.7845986,4.0928593,0.000153956801833613,0.000246371172577701,"MKPP_unique_upregulated"
"MKPP","PEAR1",3.7551312,1.6869733,0.000173250696296142,0.000276703364766806,"MKPP_unique_upregulated"
"MKPP","GATA1",3.7505548,1.6512285,0.000176443678105985,0.000281710989978616,"MKPP_unique_upregulated"
"MKPP","MIA",3.7354445,1.5232599,0.000187383865849589,0.000298690736961939,"MKPP_unique_upregulated"
"MKPP","ADAM20",3.6779423,2.1496606,0.00023512313363967,0.000372601998628204,"MKPP_unique_upregulated"
"MKPP","TMEM30B",3.6779134,1.6201751,0.00023514968929928,0.000372613905596267,"MKPP_unique_upregulated"
"MKPP","GATA2",3.6230538,1.8194892,0.000291145350816891,0.000459223942026835,"MKPP_unique_upregulated"
"MKPP","SLC24A5",3.6203513,2.7646427,0.000294203178481992,0.000463692529224853,"MKPP_unique_upregulated"
"MKPP","IL13",3.6203198,2.3771644,0.00029423907069629,0.000463692529224853,"MKPP_unique_upregulated"
"MKPP","KPNA7",3.618504,19.310978,0.000296310854260828,0.0004665817008269,"MKPP_unique_upregulated"
"MKPP","LINC01865",3.618504,19.43671,0.000296310854260828,0.0004665817008269,"MKPP_unique_upregulated"
"MKPP","NHS",3.5885885,1.7088431,0.000332473108228079,0.00052209564094431,"MKPP_unique_upregulated"
"MKPP","KCTD15",3.5259192,1.9409127,0.000422015606853558,0.000659848293640464,"MKPP_unique_upregulated"
"MKPP","IGLV3-24",3.4925783,2.8899207,0.000478381563182345,0.000745478253432518,"MKPP_unique_upregulated"
"MKPP","MAFA",3.492252,2.3459933,0.00047896608702811,0.000746210859153349,"MKPP_unique_upregulated"
"MKPP","OLFM1",3.492252,2.236753,0.00047896608702811,0.000746210859153349,"MKPP_unique_upregulated"
"MKPP","REG4",3.4920444,2.0956216,0.000479338403528378,0.000746612583001138,"MKPP_unique_upregulated"
"MKPP","HSD11B1",3.4920444,1.6338547,0.000479338403528378,0.000746612583001138,"MKPP_unique_upregulated"
"MKPP","JPH4",3.4878428,1.8767802,0.000486934329575657,0.000758202511429653,"MKPP_unique_upregulated"
"MKPP","IGKV2D-40",3.4279058,2.6587214,0.000608256277435981,0.000941567821918145,"MKPP_unique_upregulated"
"MKPP","SPATA41",3.425206,2.6214914,0.000614333469906641,0.000950674364502423,"MKPP_unique_upregulated"
"MKPP","KCNJ10",3.42501,1.9091233,0.000614776879531032,0.000950762285602866,"MKPP_unique_upregulated"
"MKPP","CYP4F22",3.4249773,2.0098574,0.000614850810082039,0.000950762285602866,"MKPP_unique_upregulated"
"MKPP","BMX",3.4249446,2.1789806,0.00061492474890586,0.000950762285602866,"MKPP_unique_upregulated"
"MKPP","PPFIA4",3.4249446,1.8949193,0.00061492474890586,0.000950762285602866,"MKPP_unique_upregulated"
"MKPP","HSPB8",3.4249446,2.4697762,0.00061492474890586,0.000950762285602866,"MKPP_unique_upregulated"
"MKPP","PVR",3.4162693,1.697453,0.000634854194358418,0.000980491466077784,"MKPP_unique_upregulated"
"MKPP","VWA2",3.4115071,19.30049,0.000646048135661951,0.000996285752906696,"MKPP_unique_upregulated"
"MKPP","LINC00433",3.4115071,18.885082,0.000646048135661951,0.000996285752906696,"MKPP_unique_upregulated"
"MKPP","LINC02513",3.4115071,18.778418,0.000646048135661951,0.000996285752906696,"MKPP_unique_upregulated"
"MKPP","LINC00315",3.4115071,18.818058,0.000646048135661951,0.000996285752906696,"MKPP_unique_upregulated"
"MKPP","UGT2B15",3.4115071,19.447681,0.000646048135661951,0.000996285752906696,"MKPP_unique_upregulated"
"MKPP","LRFN5",3.4115071,19.502365,0.000646048135661951,0.000996285752906696,"MKPP_unique_upregulated"
"MKPP","SMARCA1",3.3896656,1.8396156,0.000699779339589819,0.00107727811478983,"MKPP_unique_upregulated"
"MKPP","RLN3",3.3896375,2.0043046,0.000699850927931624,0.0010773035681062,"MKPP_unique_upregulated"
"MKPP","CKM",3.3868372,3.9202845,0.000707032961347645,0.00108776012168022,"MKPP_unique_upregulated"
"MKPP","SHISAL2B",3.38669,3.6197467,0.000707412958311637,0.00108795286013498,"MKPP_unique_upregulated"
"MKPP","SLC22A18AS",3.386653,3.0954895,0.000707507987200258,0.00108795286013498,"MKPP_unique_upregulated"
"MKPP","WNT3A",3.386653,3.1880484,0.000707507987200258,0.00108795286013498,"MKPP_unique_upregulated"
"MKPP","SPATA22",3.3866162,3.4270792,0.000707603027950629,0.00108795286013498,"MKPP_unique_upregulated"
"MKPP","TFCP2L1",3.3863087,1.6740006,0.000708396358172357,0.00108908704719647,"MKPP_unique_upregulated"
"MKPP","CADM3",3.305304,1.5369374,0.000948734143258728,0.00144822760865019,"MKPP_unique_upregulated"
"MKPP","PCP4L1",3.2981186,2.0908892,0.000973350377317766,0.00148422887280443,"MKPP_unique_upregulated"
"MKPP","KRTAP5-11",3.298088,2.2440445,0.000973456324283116,0.00148422887280443,"MKPP_unique_upregulated"
"MKPP","COL5A3",3.2979963,1.8422087,0.000973774229258018,0.00148436660575842,"MKPP_unique_upregulated"
"MKPP","SYP-AS1",3.2979963,2.0665495,0.000973774229258018,0.00148436660575842,"MKPP_unique_upregulated"
"MKPP","CLEC2L",3.2979352,2.162348,0.000973986219316769,0.00148457410341101,"MKPP_unique_upregulated"
"MKPP","LINC02466",3.2979045,2.1768641,0.000974092230371725,0.0014846200454797,"MKPP_unique_upregulated"
"MKPP","PPP1R36",3.297874,1.7425125,0.000974198252111701,0.00148466599667615,"MKPP_unique_upregulated"
"MKPP","GOLGA8Q",3.2200694,3.3204198,0.00128159538838085,0.00194104168419786,"MKPP_unique_upregulated"
"MKPP","CLCN1",3.2200017,2.4298437,0.00128189855679482,0.00194129690045761,"MKPP_unique_upregulated"
"MKPP","TBX20",3.2199337,2.050715,0.00128220179140766,0.00194129690045761,"MKPP_unique_upregulated"
"MKPP","MESP2",3.219866,2.2521493,0.00128250509223242,0.00194129690045761,"MKPP_unique_upregulated"
"MKPP","OR2B6",3.2198322,2.5494852,0.00128265676747836,0.00194129690045761,"MKPP_unique_upregulated"
"MKPP","LOXHD1",3.2198322,2.4049537,0.00128265676747836,0.00194129690045761,"MKPP_unique_upregulated"
"MKPP","HHIPL2",3.198163,1.6320592,0.00138306039299234,0.00208825044522177,"MKPP_unique_upregulated"
"MKPP","RASGRF2-AS1",3.1911247,18.443752,0.00141720052178642,0.00213534918074356,"MKPP_unique_upregulated"
"MKPP","SPINK13",3.1911247,19.147997,0.00141720052178642,0.00213534918074356,"MKPP_unique_upregulated"
"MKPP","ADARB2-AS1",3.1911247,18.970419,0.00141720052178642,0.00213534918074356,"MKPP_unique_upregulated"
"MKPP","KL",3.1911247,18.704762,0.00141720052178642,0.00213534918074356,"MKPP_unique_upregulated"
"MKPP","POU6F2-AS2",3.1911247,19.122257,0.00141720052178642,0.00213534918074356,"MKPP_unique_upregulated"
"MKPP","LINC01822",3.1911247,19.018929,0.00141720052178642,0.00213534918074356,"MKPP_unique_upregulated"
"MKPP","NAV2-AS3",3.1911247,18.981169,0.00141720052178642,0.00213534918074356,"MKPP_unique_upregulated"
"MKPP","VEGFC",3.1911247,19.312963,0.00141720052178642,0.00213534918074356,"MKPP_unique_upregulated"
"MKPP","S100A1",3.1911247,19.35225,0.00141720052178642,0.00213534918074356,"MKPP_unique_upregulated"
"MKPP","INTS6L-AS1",3.1911247,19.000261,0.00141720052178642,0.00213534918074356,"MKPP_unique_upregulated"
"MKPP","FLRT1",3.1911247,19.416986,0.00141720052178642,0.00213534918074356,"MKPP_unique_upregulated"
"MKPP","ZNF214",3.17072,3.9279695,0.00152061605490383,0.00228711875191069,"MKPP_unique_upregulated"
"MKPP","PSCA",3.1705654,3.607684,0.00152142554092853,0.00228780872857062,"MKPP_unique_upregulated"
"MKPP","SLC16A8",3.1705654,3.4951277,0.00152142554092853,0.00228780872857062,"MKPP_unique_upregulated"
"MKPP","FIGNL2",3.1186306,1.7137783,0.0018169354804685,0.00271942737355114,"MKPP_unique_upregulated"
"MKPP","USP43",3.094819,1.8116556,0.00196932991475241,0.0029423415875296,"MKPP_unique_upregulated"
"MKPP","VSIG2",3.0947244,2.1808455,0.00196995866976075,0.00294283160927386,"MKPP_unique_upregulated"
"MKPP","AIRN",3.0540485,1.8366147,0.00225775503203121,0.00336069910746894,"MKPP_unique_upregulated"
"MKPP","ARMCX1",3.0537097,1.6714568,0.00226030645054749,0.00336424101500823,"MKPP_unique_upregulated"
"MKPP","TRPM2-AS",3.0032978,2.9594228,0.00267070921436928,0.00395582756087942,"MKPP_unique_upregulated"
"MKPP","A3GALT2",3.0030155,2.2885368,0.00267318776351446,0.0039578803685682,"MKPP_unique_upregulated"
"MKPP","EYA4",3.0030155,2.0642042,0.00267318776351446,0.0039578803685682,"MKPP_unique_upregulated"
"MKPP","PCDHGA7",3.0029802,2.1136987,0.00267349772992338,0.0039578803685682,"MKPP_unique_upregulated"
"MKPP","ZNF697",3.002945,1.8458861,0.00267380772917946,0.0039578803685682,"MKPP_unique_upregulated"
"MKPP","CLYBL-AS1",3.0029097,2.093732,0.00267411776128578,0.0039578803685682,"MKPP_unique_upregulated"
"MKPP","EFS",3.0029097,1.7824724,0.00267411776128578,0.0039578803685682,"MKPP_unique_upregulated"
"MKPP","HTR6",3.0029097,1.9355575,0.00267411776128578,0.0039578803685682,"MKPP_unique_upregulated"
"MKPP","COL8A2",3.0011053,1.6969156,0.0026900155619411,0.00398080802511257,"MKPP_unique_upregulated"
"MKPP","RNF157-AS1",3.000606,1.5768133,0.00269442822475484,0.0039870365624624,"MKPP_unique_upregulated"
"MKPP","MXRA8",2.9984374,1.8504502,0.00271367997067713,0.00401400632445462,"MKPP_unique_upregulated"
"MKPP","IFNK",2.954363,19.02119,0.00313315109494888,0.00461112369328818,"MKPP_unique_upregulated"
"MKPP","GFOD1-AS1",2.954363,19.108286,0.00313315109494888,0.00461112369328818,"MKPP_unique_upregulated"
"MKPP","OR2T8",2.954363,19.059958,0.00313315109494888,0.00461112369328818,"MKPP_unique_upregulated"
"MKPP","LINC01608",2.954363,19.031166,0.00313315109494888,0.00461112369328818,"MKPP_unique_upregulated"
"MKPP","HCG9",2.954363,18.575993,0.00313315109494888,0.00461112369328818,"MKPP_unique_upregulated"
"MKPP","RFX8",2.954363,18.507355,0.00313315109494888,0.00461112369328818,"MKPP_unique_upregulated"
"MKPP","CRYBA4",2.954363,18.244118,0.00313315109494888,0.00461112369328818,"MKPP_unique_upregulated"
"MKPP","CSTL1",2.954363,18.858805,0.00313315109494888,0.00461112369328818,"MKPP_unique_upregulated"
"MKPP","CYP2C18",2.954363,18.494356,0.00313315109494888,0.00461112369328818,"MKPP_unique_upregulated"
"MKPP","ROPN1B",2.954363,18.891045,0.00313315109494888,0.00461112369328818,"MKPP_unique_upregulated"
"MKPP","PNCK",2.954363,18.713352,0.00313315109494888,0.00461112369328818,"MKPP_unique_upregulated"
"MKPP","DNAI1",2.954363,19.02714,0.00313315109494888,0.00461112369328818,"MKPP_unique_upregulated"
"MKPP","PRR15L",2.954363,18.683674,0.00313315109494888,0.00461112369328818,"MKPP_unique_upregulated"
"MKPP","GPR179",2.954363,18.760704,0.00313315109494888,0.00461112369328818,"MKPP_unique_upregulated"
"MKPP","LINC01740",2.954363,18.565681,0.00313315109494888,0.00461112369328818,"MKPP_unique_upregulated"
"MKPP","IGKV2OR22-4",2.939902,3.133133,0.003283159312465,0.00482635841389534,"MKPP_unique_upregulated"
"MKPP","DCUN1D2-AS",2.939902,2.945955,0.003283159312465,0.00482635841389534,"MKPP_unique_upregulated"
"MKPP","SGCG",2.9398613,2.4793806,0.00328359104477661,0.00482635841389534,"MKPP_unique_upregulated"
"MKPP","KBTBD11-OT1",2.9398613,2.7365777,0.00328359104477661,0.00482635841389534,"MKPP_unique_upregulated"
"MKPP","SPTSSB",2.9398613,2.2498677,0.00328359104477661,0.00482635841389534,"MKPP_unique_upregulated"
"MKPP","VWDE",2.8810568,1.8218447,0.00396344187461154,0.00579862658709522,"MKPP_unique_upregulated"
"MKPP","THSD7A",2.8809915,1.8578355,0.0039642636063076,0.00579939520396435,"MKPP_unique_upregulated"
"MKPP","ERICD",2.8808608,1.7129867,0.00396590753382517,0.0058009327718561,"MKPP_unique_upregulated"
"MKPP","NODAL",2.8144453,1.7904512,0.004886148510961,0.00710818184986134,"MKPP_unique_upregulated"
"MKPP","SMAD5-AS1",2.789251,1.8794532,0.00528300852849146,0.0076581903019128,"MKPP_unique_upregulated"
"MKPP","HEY2",2.78919,1.8508812,0.00528400572983508,0.00765906845343799,"MKPP_unique_upregulated"
"MKPP","LYPD1",2.7730372,2.6400862,0.00555357691252987,0.00803330095398759,"MKPP_unique_upregulated"
"MKPP","THRSP",2.7729635,2.136164,0.00555483498304437,0.00803330095398759,"MKPP_unique_upregulated"
"MKPP","SMIM10L2A",2.7729635,2.4510531,0.00555483498304437,0.00803330095398759,"MKPP_unique_upregulated"
"MKPP","IL22",2.7728899,2.536625,0.00555609331072803,0.00803330095398759,"MKPP_unique_upregulated"
"MKPP","MYOZ2",2.7728899,2.36791,0.00555609331072803,0.00803330095398759,"MKPP_unique_upregulated"
"MKPP","VAT1L",2.772853,2.0320628,0.00555672257102259,0.00803330095398759,"MKPP_unique_upregulated"
"MKPP","NPM2",2.7728162,2.1370058,0.00555735189562658,0.00803330095398759,"MKPP_unique_upregulated"
"MKPP","GPR61",2.7728162,2.2149127,0.00555735189562658,0.00803330095398759,"MKPP_unique_upregulated"
"MKPP","KRT2",2.7727423,1.9538643,0.00555861073778577,0.00803330095398759,"MKPP_unique_upregulated"
"MKPP","RBMS3-AS3",2.7727423,1.7176968,0.00555861073778577,0.00803330095398759,"MKPP_unique_upregulated"
"MKPP","HTR7",2.7189026,1.6111827,0.00654989066711609,0.009424829809113,"MKPP_unique_upregulated"
"MKPP","CASKIN1",2.7187583,1.7726535,0.00655274398557172,0.00942824222865201,"MKPP_unique_upregulated"
"MKPP","CYP2S1",2.7186143,2.07234,0.00655559842186062,0.00943096235251938,"MKPP_unique_upregulated"
"SKPP","VIM",76.638306,1.9267002,0,0,"SKPP_unique_upregulated"
"SKPP","IGLC3",67.34393,3.4234078,0,0,"SKPP_unique_upregulated"
"SKPP","CD63",63.90103,2.330831,0,0,"SKPP_unique_upregulated"
"SKPP","LGALS1",61.394234,2.1929297,0,0,"SKPP_unique_upregulated"
"SKPP","ODC1",61.117527,1.8938857,0,0,"SKPP_unique_upregulated"
"SKPP","BCL2",59.827934,1.5881813,0,0,"SKPP_unique_upregulated"
"SKPP","S100A6",59.76566,1.5303482,0,0,"SKPP_unique_upregulated"
"SKPP","ARHGAP24",59.296307,1.5825195,0,0,"SKPP_unique_upregulated"
"SKPP","NDUFA13",59.267265,1.6689482,0,0,"SKPP_unique_upregulated"
"SKPP","EIF4A1",58.06112,1.6402605,0,0,"SKPP_unique_upregulated"
"SKPP","TUBA1B",57.393684,1.583169,0,0,"SKPP_unique_upregulated"
"SKPP","VOPP1",56.2678,1.5851971,0,0,"SKPP_unique_upregulated"
"SKPP","ATXN1",55.919094,2.3415968,0,0,"SKPP_unique_upregulated"
"SKPP","SFMBT1",55.879944,1.9308583,0,0,"SKPP_unique_upregulated"
"SKPP","IGLC2",55.094482,2.1501102,0,0,"SKPP_unique_upregulated"
"SKPP","SRGN",54.932976,1.889922,0,0,"SKPP_unique_upregulated"
"SKPP","ROR1",54.245472,4.3930182,0,0,"SKPP_unique_upregulated"
"SKPP","S100A4",53.153214,1.5655652,0,0,"SKPP_unique_upregulated"
"SKPP","S100A11",52.950314,2.004859,0,0,"SKPP_unique_upregulated"
"SKPP","DDIT4",50.756905,1.8087193,0,0,"SKPP_unique_upregulated"
"SKPP","BMPR2",50.098534,2.0038612,0,0,"SKPP_unique_upregulated"
"SKPP","ARL2",50.004578,2.3140583,0,0,"SKPP_unique_upregulated"
"SKPP","CEMIP2",48.705875,1.5519158,0,0,"SKPP_unique_upregulated"
"SKPP","SAMSN1",47.586384,1.9161751,0,0,"SKPP_unique_upregulated"
"SKPP","CPED1",47.28336,1.9039569,0,0,"SKPP_unique_upregulated"
"SKPP","CHMP4A",45.75716,1.5379827,0,0,"SKPP_unique_upregulated"
"SKPP","ID3",45.590103,2.1354115,0,0,"SKPP_unique_upregulated"
"SKPP","YWHAH",45.367424,1.9285257,0,0,"SKPP_unique_upregulated"
"SKPP","PTPN12",44.8283,1.8832157,0,0,"SKPP_unique_upregulated"
"SKPP","UBASH3B",43.820656,2.8253944,0,0,"SKPP_unique_upregulated"
"SKPP","ELL2",43.381306,1.9285481,0,0,"SKPP_unique_upregulated"
"SKPP","TRAC",42.272415,2.1441796,0,0,"SKPP_unique_upregulated"
"SKPP","GSPT1",42.011227,1.5305563,0,0,"SKPP_unique_upregulated"
"SKPP","DGKG",41.574135,3.21349,0,0,"SKPP_unique_upregulated"
"SKPP","LYZ",40.580086,1.6688242,0,0,"SKPP_unique_upregulated"
"SKPP","SULF2",39.107723,2.0543063,0,0,"SKPP_unique_upregulated"
"SKPP","EFHD2",38.47493,1.5514637,0,0,"SKPP_unique_upregulated"
"SKPP","DLG2",38.376167,2.1376011,0,0,"SKPP_unique_upregulated"
"SKPP","ST3GAL5",38.254295,1.7104834,0,0,"SKPP_unique_upregulated"
"SKPP","RGS13",38.213276,6.4341407,0,0,"SKPP_unique_upregulated"
"SKPP","TESC",37.645546,2.3420365,3.86968429296429e-310,1.6789796506591e-308,"SKPP_unique_upregulated"
"SKPP","TNS3",37.239925,1.5165555,1.54233687575912e-303,6.44881367197745e-302,"SKPP_unique_upregulated"
"SKPP","ATP1B3",37.226105,1.5218136,2.5812884687979e-303,1.07469473951994e-301,"SKPP_unique_upregulated"
"SKPP","ACSL1",36.600025,2.3628955,2.85756546573854e-293,1.11166681975292e-291,"SKPP_unique_upregulated"
"SKPP","CLNK",35.959637,2.1431518,3.57844853356901e-283,1.29672372046071e-281,"SKPP_unique_upregulated"
"SKPP","APOD",35.953957,5.747894,4.38968964368427e-283,1.58775317832928e-281,"SKPP_unique_upregulated"
"SKPP","ECPAS",35.761734,1.5523628,4.3471762872689e-280,1.54946348978648e-278,"SKPP_unique_upregulated"
"SKPP","RGPD2",35.15967,2.5421994,8.27167006534209e-271,2.75741124086225e-269,"SKPP_unique_upregulated"
"SKPP","ABCA6",35.04045,4.5058,5.45033330755505e-269,1.79549027209154e-267,"SKPP_unique_upregulated"
"SKPP","ADTRP",34.646652,4.734111,5.01709713418365e-263,1.56578240385496e-261,"SKPP_unique_upregulated"
"SKPP","PYHIN1",34.104504,1.5345657,6.3251085759571e-255,1.8336255498419e-253,"SKPP_unique_upregulated"
"SKPP","CYSTM1",33.50153,1.5979404,4.57862548928563e-246,1.23578680792195e-244,"SKPP_unique_upregulated"
"SKPP","RABL3",33.282444,1.542983,6.93053528554863e-243,1.82771852382231e-241,"SKPP_unique_upregulated"
"SKPP","WEE1",33.13947,1.881864,8.03136891111815e-241,2.0624386726084e-239,"SKPP_unique_upregulated"
"SKPP","DNMBP",33.13755,1.6480021,8.55913260940813e-241,2.19221344111123e-239,"SKPP_unique_upregulated"
"SKPP","C1orf122",32.51327,1.6862911,6.92395189616736e-232,1.66857008256408e-230,"SKPP_unique_upregulated"
"SKPP","ETFDH",32.150066,1.6032411,8.81308214614367e-227,2.05547546407317e-225,"SKPP_unique_upregulated"
"SKPP","CPT1A",31.62567,1.6207533,1.6386365534279e-219,3.66036987185813e-218,"SKPP_unique_upregulated"
"SKPP","AFDN",31.262959,1.7507256,1.4883361203576e-214,3.16907085997361e-213,"SKPP_unique_upregulated"
"SKPP","MCOLN2",31.152454,1.5367179,4.6982244339049e-213,9.90677324597533e-212,"SKPP_unique_upregulated"
"SKPP","FCER1G",30.66634,2.2162828,1.60045623765827e-206,3.2622632977601e-205,"SKPP_unique_upregulated"
"SKPP","TOX",30.379585,1.7406616,1.02220334134713e-202,2.00626629723978e-201,"SKPP_unique_upregulated"
"SKPP","CRYM",30.093002,4.3948584,5.98255611825095e-199,1.14771233452877e-197,"SKPP_unique_upregulated"
"SKPP","FCN1",30.092518,2.356176,6.07069246807187e-199,1.16348002169667e-197,"SKPP_unique_upregulated"
"SKPP","RAB20",29.819412,3.4820395,2.18884918651813e-195,4.08696573299491e-194,"SKPP_unique_upregulated"
"SKPP","CNR1",29.626152,2.5915315,6.88177912882483e-193,1.25267585109622e-191,"SKPP_unique_upregulated"
"SKPP","LINC01754",29.57509,2.739905,3.12519495559301e-192,5.65715216383386e-191,"SKPP_unique_upregulated"
"SKPP","ATF5",29.537077,2.2673824,9.62417121302305e-192,1.73732271491176e-190,"SKPP_unique_upregulated"
"SKPP","RHOC",29.506083,1.6027898,2.40547453464678e-191,4.33428413388289e-190,"SKPP_unique_upregulated"
"SKPP","ACAA2",29.130062,1.5522703,1.49456716402855e-186,2.58811418280626e-185,"SKPP_unique_upregulated"
"SKPP","RBM47",29.129362,1.8507925,1.52541516811445e-186,2.63919752516919e-185,"SKPP_unique_upregulated"
"SKPP","FBXO10",28.88918,1.5022844,1.63276499466964e-183,2.79038824591227e-182,"SKPP_unique_upregulated"
"SKPP","RBM15B",28.841429,1.6039637,6.48997415889691e-183,1.1062353165618e-181,"SKPP_unique_upregulated"
"SKPP","SLAMF7",28.724762,2.8294287,1.87227646129019e-181,3.14208454498512e-180,"SKPP_unique_upregulated"
"SKPP","BBC3",28.602743,2.032476,6.21103805396307e-180,1.02910747366596e-178,"SKPP_unique_upregulated"
"SKPP","MAST4",28.469341,1.6177622,2.80839878266045e-178,4.57194237762892e-177,"SKPP_unique_upregulated"
"SKPP","ERN1",28.380054,1.9662534,3.56468231663596e-177,5.7128340353753e-176,"SKPP_unique_upregulated"
"SKPP","TMED7",28.182964,1.7380036,9.4581320929635e-175,1.48536700477616e-173,"SKPP_unique_upregulated"
"SKPP","FNDC3B",28.164352,1.6386799,1.59893549381693e-174,2.50905932181313e-173,"SKPP_unique_upregulated"
"SKPP","TYROBP",28.116653,1.7557684,6.13044071948435e-174,9.58916578727976e-173,"SKPP_unique_upregulated"
"SKPP","ZNF804A",27.631588,1.6186044,4.64551185091669e-168,6.92333403646137e-167,"SKPP_unique_upregulated"
"SKPP","TFEC",27.450182,1.5448364,6.91284239532107e-166,1.00572862447318e-164,"SKPP_unique_upregulated"
"SKPP","DMD",27.344776,1.8760856,1.24596338729617e-164,1.79404058591695e-163,"SKPP_unique_upregulated"
"SKPP","TPGS1",27.154163,1.6546335,2.26107812247988e-162,3.19687692924033e-161,"SKPP_unique_upregulated"
"SKPP","TIMP1",27.09893,1.6217481,1.01363524977255e-161,1.42185050663436e-160,"SKPP_unique_upregulated"
"SKPP","KLF11",26.74604,1.5698806,1.37292434666756e-157,1.87215216833386e-156,"SKPP_unique_upregulated"
"SKPP","HOMER3",26.70109,2.5089839,4.57157049788016e-157,6.22089648835319e-156,"SKPP_unique_upregulated"
"SKPP","LINC02365",26.417547,6.361571,8.61469432226287e-154,1.13977240363786e-152,"SKPP_unique_upregulated"
"SKPP","PIGR",26.099371,3.8360698,3.70631981133712e-150,4.77454022832421e-149,"SKPP_unique_upregulated"
"SKPP","AIF1",26.067719,1.9302721,8.47262630810946e-150,1.08589957648528e-148,"SKPP_unique_upregulated"
"SKPP","COL9A3",25.729214,1.6600674,5.50844911253304e-146,6.83075616185339e-145,"SKPP_unique_upregulated"
"SKPP","BCL3",25.469984,1.5124708,4.24093985009685e-143,5.1194763100984e-142,"SKPP_unique_upregulated"
"SKPP","SPATS2L",25.41588,2.9993632,1.68355646302749e-142,2.02482070488764e-141,"SKPP_unique_upregulated"
"SKPP","DAB1",25.391771,1.5031677,3.10904347242933e-142,3.73008967924569e-141,"SKPP_unique_upregulated"
"SKPP","B3GLCT",25.297338,1.5264663,3.41700661558106e-141,4.0671523998595e-140,"SKPP_unique_upregulated"
"SKPP","GAS7",25.12144,1.5796044,2.90036694852371e-139,3.37823693147095e-138,"SKPP_unique_upregulated"
"SKPP","PRDM1",24.324688,1.7176573,1.07454457625711e-130,1.14213407214553e-129,"SKPP_unique_upregulated"
"SKPP","BMPR1A",24.318924,1.6803073,1.23651123575623e-130,1.31357501961335e-129,"SKPP_unique_upregulated"
"SKPP","SYT1",24.00763,2.0496855,2.31467157250517e-127,2.37387281607868e-126,"SKPP_unique_upregulated"
"SKPP","ARHGAP44",23.942692,3.0709374,1.10108743212807e-126,1.12160743737023e-125,"SKPP_unique_upregulated"
"SKPP","LINC00944",23.7019,1.8330305,3.44654714157144e-124,3.43216460388143e-123,"SKPP_unique_upregulated"
"SKPP","PDGFD",23.007301,2.3451238,3.9393252387621e-117,3.6988827385843e-116,"SKPP_unique_upregulated"
"SKPP","ID2",22.723318,1.6807262,2.63530215691551e-114,2.39737762001501e-113,"SKPP_unique_upregulated"
"SKPP","DUSP5",22.64133,1.7139195,1.69840562061805e-113,1.52801844525306e-112,"SKPP_unique_upregulated"
"SKPP","CAMKK1",22.53854,2.3741736,1.73961208298395e-112,1.55579201278931e-111,"SKPP_unique_upregulated"
"SKPP","RXRA",22.503304,2.777261,3.85268804619004e-112,3.43459679671283e-111,"SKPP_unique_upregulated"
"SKPP","GZMA",22.366009,1.8263763,8.43532236489201e-111,7.40854524399492e-110,"SKPP_unique_upregulated"
"SKPP","HSPA1A",21.930777,1.6563892,1.32155034146913e-106,1.10560483462453e-105,"SKPP_unique_upregulated"
"SKPP","BCAR3",21.8459,1.582534,8.50350275642775e-106,7.05967509282046e-105,"SKPP_unique_upregulated"
"SKPP","TXLNB",21.70903,2.079249,1.68577567993095e-104,1.38022002112505e-103,"SKPP_unique_upregulated"
"SKPP","SELPLG",21.249945,1.5100256,3.30056711596264e-100,2.60320424527033e-99,"SKPP_unique_upregulated"
"SKPP","UGGT2",21.154533,2.0976632,2.50652021964866e-99,1.95642551488173e-98,"SKPP_unique_upregulated"
"SKPP","CABLES1",21.115473,4.2784634,5.73339074331373e-99,4.44672968946346e-98,"SKPP_unique_upregulated"
"SKPP","CST7",20.83502,1.5708095,2.08425727523863e-96,1.56924764762868e-95,"SKPP_unique_upregulated"
"SKPP","TOX2",20.513746,3.1628964,1.6230065361596e-93,1.18769603214551e-92,"SKPP_unique_upregulated"
"SKPP","SLC25A29",20.429403,1.7215248,9.16133368999895e-93,6.63222262840915e-92,"SKPP_unique_upregulated"
"SKPP","BFSP2",20.233053,2.2002282,5.0102093896445e-91,3.57548422088124e-90,"SKPP_unique_upregulated"
"SKPP","ADAM29",20.223663,3.653122,6.06120106547385e-91,4.31606923031995e-90,"SKPP_unique_upregulated"
"SKPP","FGFBP2",20.198977,2.0683074,9.99472920544447e-91,7.09897862403403e-90,"SKPP_unique_upregulated"
"SKPP","MAFG",19.98586,1.7902346,7.31159319658664e-89,5.07712049931893e-88,"SKPP_unique_upregulated"
"SKPP","FMNL2",19.874601,1.9731367,6.75195443785298e-88,4.63912375140123e-87,"SKPP_unique_upregulated"
"SKPP","TNFSF9",19.772936,2.213884,5.09240010054149e-87,3.45760184480902e-86,"SKPP_unique_upregulated"
"SKPP","TBX21",19.770445,1.6688634,5.35020424670428e-87,3.6313838605449e-86,"SKPP_unique_upregulated"
"SKPP","FPR1",19.704435,2.9904752,1.97529835619319e-86,1.33147220923143e-85,"SKPP_unique_upregulated"
"SKPP","SLC1A5",19.67978,1.690675,3.21400435401251e-86,2.15899887398959e-85,"SKPP_unique_upregulated"
"SKPP","HLA-G",19.627647,2.8638399,8.97756960660487e-86,5.99771533158225e-85,"SKPP_unique_upregulated"
"SKPP","SLC11A1",19.537281,1.7069999,5.29284050607834e-85,3.50610369068859e-84,"SKPP_unique_upregulated"
"SKPP","GLRA3",19.497152,2.674816,1.16066625175502e-84,7.66000580584899e-84,"SKPP_unique_upregulated"
"SKPP","CYFIP1",19.496302,1.7230998,1.18015228118194e-84,7.78598106479036e-84,"SKPP_unique_upregulated"
"SKPP","ZSCAN9",19.245337,1.5474682,1.54454775776596e-82,9.9387407181731e-82,"SKPP_unique_upregulated"
"SKPP","TBC1D2B",18.928354,1.5386536,6.66099536925375e-80,4.14574928071111e-79,"SKPP_unique_upregulated"
"SKPP","STX11",18.763508,1.5768142,1.50156976845005e-78,9.24566306766223e-78,"SKPP_unique_upregulated"
"SKPP","GZMH",18.676027,1.5685629,7.75831029580173e-78,4.73532800587175e-77,"SKPP_unique_upregulated"
"SKPP","PRF1",18.558447,1.6169366,6.96899939013859e-77,4.19211128392966e-76,"SKPP_unique_upregulated"
"SKPP","KLHL29",18.326614,1.9175674,5.07530667494302e-75,2.99407901764501e-74,"SKPP_unique_upregulated"
"SKPP","TESK1",18.240551,1.6688087,2.45964027196126e-74,1.43672360721606e-73,"SKPP_unique_upregulated"
"SKPP","PHF19",18.201984,1.6480284,4.97710140902539e-74,2.89598335925688e-73,"SKPP_unique_upregulated"
"SKPP","DOCK5",17.477343,2.0321352,2.13208271175968e-68,1.16342985230657e-67,"SKPP_unique_upregulated"
"SKPP","SLC25A23",17.473309,1.5898315,2.28834227299207e-68,1.24800115936201e-67,"SKPP_unique_upregulated"
"SKPP","RAB13",17.369759,1.7446442,1.3981484723676e-67,7.56399483198484e-67,"SKPP_unique_upregulated"
"SKPP","SERPINA1",17.251858,2.0280585,1.08357956207635e-66,5.82193434121638e-66,"SKPP_unique_upregulated"
"SKPP","CCDC85C",17.18924,1.9856169,3.19699810328633e-66,1.70553050395602e-65,"SKPP_unique_upregulated"
"SKPP","ACTA2",17.027966,1.7589334,5.09449274291218e-65,2.67262825719318e-64,"SKPP_unique_upregulated"
"SKPP","TRIB1",17.005072,2.7369626,7.53136910092379e-65,3.94258508739638e-64,"SKPP_unique_upregulated"
"SKPP","ZBTB6",16.870642,1.5117401,7.39872195083495e-64,3.83416819740303e-63,"SKPP_unique_upregulated"
"SKPP","GABRB2",16.804384,3.136733,2.26654746652736e-63,1.16439487595189e-62,"SKPP_unique_upregulated"
"SKPP","LRRC32",16.76926,4.585077,4.09577531224373e-63,2.09641986162661e-62,"SKPP_unique_upregulated"
"SKPP","SLC41A2",16.633991,1.688885,3.95360493446164e-62,1.99907342009161e-61,"SKPP_unique_upregulated"
"SKPP","BHLHE40-AS1",16.56096,2.1410758,1.33446142445337e-61,6.69557465479578e-61,"SKPP_unique_upregulated"
"SKPP","FMOD",16.508928,7.6821337,3.16450229499143e-61,1.58168533610197e-60,"SKPP_unique_upregulated"
"SKPP","LINC01435",16.468369,2.607883,6.19183268332558e-61,3.07907959205375e-60,"SKPP_unique_upregulated"
"SKPP","FCGR3A",16.33303,1.620812,5.74578206975199e-60,2.82212508887818e-59,"SKPP_unique_upregulated"
"SKPP","SH2D2A",16.204313,1.6765318,4.70114392185507e-59,2.28098150912125e-58,"SKPP_unique_upregulated"
"SKPP","FBXO2",15.90206,1.505016,6.13157028870446e-57,2.88975355032199e-56,"SKPP_unique_upregulated"
"SKPP","G0S2",15.849322,2.5131588,1.42106043626293e-56,6.65883874923205e-56,"SKPP_unique_upregulated"
"SKPP","MDK",15.826292,3.2546816,2.04948081236057e-56,9.58056391215278e-56,"SKPP_unique_upregulated"
"SKPP","ANGPTL6",15.819968,2.3763285,2.26605345384618e-56,1.05853745487854e-55,"SKPP_unique_upregulated"
"SKPP","SPRY2",15.780745,4.396077,4.22175798700146e-56,1.9645983422032e-55,"SKPP_unique_upregulated"
"SKPP","LATS2",15.751407,1.5350246,6.71702537903771e-56,3.11761747194047e-55,"SKPP_unique_upregulated"
"SKPP","RHOXF1-AS1",15.532083,2.4972203,2.10433042032824e-54,9.59849362820117e-54,"SKPP_unique_upregulated"
"SKPP","LRRN1",15.495098,2.1963027,3.74391255303509e-54,1.70215801203045e-53,"SKPP_unique_upregulated"
"SKPP","WIPI1",15.267468,1.5077949,1.25968496150473e-52,5.62645864568011e-52,"SKPP_unique_upregulated"
"SKPP","SLA2",15.1549015,1.5707638,7.03209800824103e-52,3.10829215778768e-51,"SKPP_unique_upregulated"
"SKPP","NEO1",15.067162,1.5764809,2.66309213073955e-51,1.16894093347491e-50,"SKPP_unique_upregulated"
"SKPP","CREB5",14.99768,1.9497337,7.60310750888825e-51,3.31058317164943e-50,"SKPP_unique_upregulated"
"SKPP","RRM2",14.955012,3.7820418,1.44454518147511e-50,6.25926928943864e-50,"SKPP_unique_upregulated"
"SKPP","PDXP",14.856425,1.6031252,6.32092302454781e-50,2.71423791407399e-49,"SKPP_unique_upregulated"
"SKPP","TNFRSF1A",14.826991,2.0942268,9.80292657974881e-50,4.19929219160518e-49,"SKPP_unique_upregulated"
"SKPP","RASGRF1",14.801963,2.2396123,1.42268978280056e-49,6.07975402267775e-49,"SKPP_unique_upregulated"
"SKPP","TTYH3",14.747139,1.5029242,3.20985370884876e-49,1.36544385597288e-48,"SKPP_unique_upregulated"
"SKPP","TBC1D8",14.547981,1.5277607,6.01520027158186e-48,2.51722495539593e-47,"SKPP_unique_upregulated"
"SKPP","PDCD1",14.525432,4.0466337,8.36137011809963e-48,3.49083188544855e-47,"SKPP_unique_upregulated"
"SKPP","CAMTA1-DT",14.445577,1.5877413,2.67309482284426e-47,1.11008318109967e-46,"SKPP_unique_upregulated"
"SKPP","LINC01118",14.415027,1.5483499,4.16278308460239e-47,1.72396485501586e-46,"SKPP_unique_upregulated"
"SKPP","RAPGEF3",14.336043,3.7484245,1.30274432867717e-46,5.35773455728349e-46,"SKPP_unique_upregulated"
"SKPP","DENND6B",14.335215,1.8627757,1.31839221336146e-46,5.42094953373757e-46,"SKPP_unique_upregulated"
"SKPP","LILRA5",14.153759,2.3417733,1.77035808881337e-45,7.17233272917185e-45,"SKPP_unique_upregulated"
"SKPP","LINC02137",14.133061,2.9803925,2.37588132210507e-45,9.61158687429232e-45,"SKPP_unique_upregulated"
"SKPP","LRP8",13.722804,1.5481933,7.41414408910973e-43,2.90043925501198e-42,"SKPP_unique_upregulated"
"SKPP","ENPP2",13.501254,3.2294016,1.53735896171217e-41,5.92652485476434e-41,"SKPP_unique_upregulated"
"SKPP","FLT3",13.434553,2.3456585,3.79351588050683e-41,1.45295593559909e-40,"SKPP_unique_upregulated"
"SKPP","GPR34",13.409862,2.0124586,5.29375167434818e-41,2.02399634161089e-40,"SKPP_unique_upregulated"
"SKPP","IL18R1",13.17451,1.5975139,1.23023040142904e-39,4.61171427110412e-39,"SKPP_unique_upregulated"
"SKPP","FRRS1",13.160557,1.8047714,1.47990406975783e-39,5.54340789376364e-39,"SKPP_unique_upregulated"
"SKPP","C5AR1",12.952171,1.973285,2.28401880762671e-38,8.41371988472127e-38,"SKPP_unique_upregulated"
"SKPP","LINC01224",12.878258,2.9515028,5.96670684734246e-38,2.18522402374691e-37,"SKPP_unique_upregulated"
"SKPP","MIR646HG",12.87269,1.644819,6.41293496685543e-38,2.34733092838435e-37,"SKPP_unique_upregulated"
"SKPP","B9D1",12.794094,1.6021589,1.76903179449428e-37,6.43547390865665e-37,"SKPP_unique_upregulated"
"SKPP","MCF2",12.71694,1.751069,4.76144467567946e-37,1.71872254959778e-36,"SKPP_unique_upregulated"
"SKPP","LINC02498",12.686513,23.400913,7.02440761812293e-37,2.5299762243959e-36,"SKPP_unique_upregulated"
"SKPP","KCNH2",12.5845785,2.5062642,2.56709004073031e-36,9.17326842896471e-36,"SKPP_unique_upregulated"
"SKPP","SLCO4A1",12.549217,2.1283863,4.0145991507972e-36,1.42884096367406e-35,"SKPP_unique_upregulated"
"SKPP","MTCL1",12.515736,1.6334912,6.12375412480402e-36,2.17121979913327e-35,"SKPP_unique_upregulated"
"SKPP","ABCA9",12.489923,2.3275125,8.47366090172712e-36,2.99571086766028e-35,"SKPP_unique_upregulated"
"SKPP","ADM",12.403766,4.0754533,2.49323947540692e-35,8.74802045091672e-35,"SKPP_unique_upregulated"
"SKPP","PTPRQ",12.387783,4.9771037,3.04341319592767e-35,1.06650267582222e-34,"SKPP_unique_upregulated"
"SKPP","GDF7",12.366054,1.5445727,3.98945530720079e-35,1.39677333067284e-34,"SKPP_unique_upregulated"
"SKPP","APOBEC3H",12.239397,2.0243902,1.91449021399449e-34,6.63644721123901e-34,"SKPP_unique_upregulated"
"SKPP","MS4A6A",12.210561,1.6401513,2.72999855488234e-34,9.43993845589993e-34,"SKPP_unique_upregulated"
"SKPP","PTGDS",12.182772,1.8925445,3.84006731191355e-34,1.32526344196692e-33,"SKPP_unique_upregulated"
"SKPP","TREM1",12.141978,2.2589571,6.32770917768439e-34,2.17458049155125e-33,"SKPP_unique_upregulated"
"SKPP","ARHGEF38",12.110466,1.60225,9.29645602082503e-34,3.18810114643365e-33,"SKPP_unique_upregulated"
"SKPP","ZNF295-AS1",12.095914,1.5089746,1.11000393865763e-33,3.80395045037696e-33,"SKPP_unique_upregulated"
"SKPP","CXCL8",12.05732,2.310313,1.77465582312058e-33,6.05940763336653e-33,"SKPP_unique_upregulated"
"SKPP","IGHGP",12.015328,2.505289,2.9519503776207e-33,1.00284314217503e-32,"SKPP_unique_upregulated"
"SKPP","ETS2",11.966611,1.731337,5.31559918891753e-33,1.79957863198509e-32,"SKPP_unique_upregulated"
"SKPP","MCEMP1",11.91857,3.3965547,9.47211353443976e-33,3.19404304052933e-32,"SKPP_unique_upregulated"
"SKPP","KCNC3",11.848065,1.6052839,2.20216366957097e-32,7.37749335493317e-32,"SKPP_unique_upregulated"
"SKPP","LRP1",11.769048,1.9415994,5.63572801361416e-32,1.87838401925399e-31,"SKPP_unique_upregulated"
"SKPP","LRRC4C",11.746798,2.2787921,7.33463338153785e-32,2.43964144161028e-31,"SKPP_unique_upregulated"
"SKPP","VIPR1",11.715208,1.8241285,1.06528928159119e-31,3.53614599867284e-31,"SKPP_unique_upregulated"
"SKPP","TMEM63C",11.557598,1.775367,6.75721756337953e-31,2.21854418255387e-30,"SKPP_unique_upregulated"
"SKPP","ENO1-AS1",11.264934,1.5547249,1.95499432590731e-29,6.27033748063503e-29,"SKPP_unique_upregulated"
"SKPP","NFE2",11.217236,2.922734,3.35598045636157e-29,1.07163553475984e-28,"SKPP_unique_upregulated"
"SKPP","PJVK",11.191707,1.7323072,4.4773395113003e-29,1.4276125070413e-28,"SKPP_unique_upregulated"
"SKPP","PLXND1",11.173454,1.8079821,5.49995502719217e-29,1.74996943044059e-28,"SKPP_unique_upregulated"
"SKPP","GP6",11.120898,1.5033213,9.92672438602581e-29,3.14263295236617e-28,"SKPP_unique_upregulated"
"SKPP","ADORA2A-AS1",11.081264,1.571617,1.5467396993025e-28,4.8824975699228e-28,"SKPP_unique_upregulated"
"SKPP","TGFBI",11.071701,1.8658226,1.72102485145294e-28,5.42914949108999e-28,"SKPP_unique_upregulated"
"SKPP","PRAM1",11.010898,1.903697,3.38613516624272e-28,1.06168711637618e-27,"SKPP_unique_upregulated"
"SKPP","GINS2",10.983069,1.8022798,4.6098896929717e-28,1.44260869202095e-27,"SKPP_unique_upregulated"
"SKPP","SH3D21",10.944935,2.156858,7.02681084116983e-28,2.19089602517545e-27,"SKPP_unique_upregulated"
"SKPP","ANPEP",10.872481,2.1924005,1.55902351554311e-27,4.83853642381403e-27,"SKPP_unique_upregulated"
"SKPP","ADAMDEC1",10.822381,1.7763937,2.69677940159242e-27,8.33790161642606e-27,"SKPP_unique_upregulated"
"SKPP","COL4A2",10.809399,4.734653,3.10698942106447e-27,9.59557591404506e-27,"SKPP_unique_upregulated"
"SKPP","PDK4",10.797033,1.9230514,3.55506146350945e-27,1.09534628748155e-26,"SKPP_unique_upregulated"
"SKPP","ABCA9-AS1",10.641987,5.4364395,1.9003320639354e-26,5.77776535535858e-26,"SKPP_unique_upregulated"
"SKPP","CDH23",10.467631,1.6018485,1.21649184622854e-25,3.64761146904689e-25,"SKPP_unique_upregulated"
"SKPP","RRAGD",10.362926,1.8009118,3.65605704208701e-25,1.0872602461939e-24,"SKPP_unique_upregulated"
"SKPP","FAM20A",10.327005,2.832437,5.31954581011519e-25,1.57573224965689e-24,"SKPP_unique_upregulated"
"SKPP","ST3GAL5-AS1",10.221338,1.7047306,1.59129092367902e-24,4.67683700729215e-24,"SKPP_unique_upregulated"
"SKPP","SH2D1B",10.211181,1.8932065,1.76701278656015e-24,5.18939009566397e-24,"SKPP_unique_upregulated"
"SKPP","MYO3B",10.134145,1.7819777,3.89769818452994e-24,1.13768135553225e-23,"SKPP_unique_upregulated"
"SKPP","ASGR1",10.107475,2.0712147,5.11864152653978e-24,1.49027789601741e-23,"SKPP_unique_upregulated"
"SKPP","DHCR24",10.086782,1.7513924,6.32075015166041e-24,1.83726142257414e-23,"SKPP_unique_upregulated"
"SKPP","ECHDC3",10.072231,1.5529529,7.32962134164102e-24,2.12672049841684e-23,"SKPP_unique_upregulated"
"SKPP","NOD2",10.010505,2.2873716,1.37051187889311e-23,3.9595713046184e-23,"SKPP_unique_upregulated"
"SKPP","HACD1",9.959917,2.0393014,2.28253103588311e-23,6.55674799033481e-23,"SKPP_unique_upregulated"
"SKPP","PLAUR",9.893723,1.5710088,4.43232881018853e-23,1.26763826597149e-22,"SKPP_unique_upregulated"
"SKPP","PPARG",9.872092,2.628052,5.50051955175552e-23,1.57061384194881e-22,"SKPP_unique_upregulated"
"SKPP","ADAMTS2",9.804804,3.4048188,1.07355660048437e-22,3.05073417924457e-22,"SKPP_unique_upregulated"
"SKPP","LINC01703",9.796147,1.7690843,1.16962063798354e-22,3.32082655891787e-22,"SKPP_unique_upregulated"
"SKPP","FRMD4B",9.774854,1.642556,1.44365219242839e-22,4.089964688206e-22,"SKPP_unique_upregulated"
"SKPP","NLRP3",9.731412,2.3373017,2.21496569562802e-22,6.2435103330523e-22,"SKPP_unique_upregulated"
"SKPP","PELI3",9.669137,1.8595412,4.07801099499042e-22,1.14472126165504e-21,"SKPP_unique_upregulated"
"SKPP","MGST1",9.629515,2.005981,6.00124308755666e-22,1.67952409521322e-21,"SKPP_unique_upregulated"
"SKPP","SPRED2",9.597438,1.5235177,8.19563899830323e-22,2.28809051104006e-21,"SKPP_unique_upregulated"
"SKPP","LRFN3",9.582735,2.3555222,9.45082857327997e-22,2.63476012996071e-21,"SKPP_unique_upregulated"
"SKPP","PLXNB2",9.522692,2.04865,1.68750334877992e-21,4.68118309171044e-21,"SKPP_unique_upregulated"
"SKPP","MAPK11",9.517758,1.8282313,1.76955031861503e-21,4.90530679057357e-21,"SKPP_unique_upregulated"
"SKPP","GNA15",9.477932,1.9828352,2.59372181561426e-21,7.16762441575198e-21,"SKPP_unique_upregulated"
"SKPP","LINC01535",9.463369,1.5561898,2.98177779186439e-21,8.22605777967043e-21,"SKPP_unique_upregulated"
"SKPP","BMP8B",9.435894,2.7341902,3.87673418674771e-21,1.06694704031335e-20,"SKPP_unique_upregulated"
"SKPP","XXYLT1-AS2",9.434025,1.9960762,3.94647219604385e-21,1.08583475720172e-20,"SKPP_unique_upregulated"
"SKPP","TK1",9.420035,1.541101,4.50938097350376e-21,1.23758158330325e-20,"SKPP_unique_upregulated"
"SKPP","NR2F6",9.339524,1.9052957,9.67678402167445e-21,2.64167563805979e-20,"SKPP_unique_upregulated"
"SKPP","GRAMD1B",9.32208,1.5575355,1.14082204315194e-20,3.1091372897489e-20,"SKPP_unique_upregulated"
"SKPP","LINC01415",9.188196,2.3404574,3.99483636837103e-20,1.0779227531203e-19,"SKPP_unique_upregulated"
"SKPP","DLGAP1-AS2",9.181265,1.6275641,4.26056783503867e-20,1.14930784940773e-19,"SKPP_unique_upregulated"
"SKPP","GFI1",9.159978,1.964368,5.19079997768773e-20,1.39735278529913e-19,"SKPP_unique_upregulated"
"SKPP","KIR3DL2",9.081903,1.8359563,1.0669192810364e-19,2.85055659357186e-19,"SKPP_unique_upregulated"
"SKPP","DACH1",9.072325,1.73002,1.16503957458428e-19,3.11058731006483e-19,"SKPP_unique_upregulated"
"SKPP","HK3",9.047444,2.2583537,1.46353732320668e-19,3.89745486397774e-19,"SKPP_unique_upregulated"
"SKPP","CD274",9.035293,1.6543714,1.6356424347081e-19,4.35222343790702e-19,"SKPP_unique_upregulated"
"SKPP","INAFM2",8.964937,1.5755471,3.10458391773888e-19,8.21285630692367e-19,"SKPP_unique_upregulated"
"SKPP","NCAPG",8.963977,2.1115625,3.13175906007786e-19,8.28138666048698e-19,"SKPP_unique_upregulated"
"SKPP","NPDC1",8.80057,1.963021,1.36123575553459e-18,3.55155483524012e-18,"SKPP_unique_upregulated"
"SKPP","COL5A2",8.798686,2.0498087,1.38427092011076e-18,3.61069226402658e-18,"SKPP_unique_upregulated"
"SKPP","MSMP",8.798111,1.6541868,1.39138374552719e-18,3.62876144641825e-18,"SKPP_unique_upregulated"
"SKPP","CDKN3",8.620284,1.8907057,6.67879836819256e-18,1.71600218577721e-17,"SKPP_unique_upregulated"
"SKPP","NCAPH",8.577101,1.890646,9.72946946782258e-18,2.49001122869935e-17,"SKPP_unique_upregulated"
"SKPP","TMEM44",8.561741,1.5490807,1.1117549403533e-17,2.84228124808378e-17,"SKPP_unique_upregulated"
"SKPP","ZWINT",8.5581,2.416842,1.14743325881588e-17,2.93196317687504e-17,"SKPP_unique_upregulated"
"SKPP","HYAL2",8.547613,1.7537242,1.25660046224461e-17,3.20505185677822e-17,"SKPP_unique_upregulated"
"SKPP","SH3PXD2B",8.425412,5.6824784,3.59483771956506e-17,9.08951860659634e-17,"SKPP_unique_upregulated"
"SKPP","ZFP57",8.398751,1.7010727,4.51249975606458e-17,1.13804092314308e-16,"SKPP_unique_upregulated"
"SKPP","LGALSL",8.369002,1.747546,5.81082139654217e-17,1.46245856061141e-16,"SKPP_unique_upregulated"
"SKPP","CHPF",8.343482,2.463913,7.21346036795225e-17,1.80942177259441e-16,"SKPP_unique_upregulated"
"SKPP","ROR2",8.264746,2.0624328,1.39992374915382e-16,3.48831120889367e-16,"SKPP_unique_upregulated"
"SKPP","DST",8.245204,1.6688924,1.64878789317379e-16,4.10372443317536e-16,"SKPP_unique_upregulated"
"SKPP","EEF1AKMT4",8.234403,1.734929,1.80455572925471e-16,4.4885657188326e-16,"SKPP_unique_upregulated"
"SKPP","FCAR",8.193364,2.4194438,2.54023543810397e-16,6.30004145156127e-16,"SKPP_unique_upregulated"
"SKPP","KLHDC9",8.132495,1.5539662,4.20544621366873e-16,1.03694772566872e-15,"SKPP_unique_upregulated"
"SKPP","DRAIC",8.121576,2.2597008,4.60168474177116e-16,1.13422051929686e-15,"SKPP_unique_upregulated"
"SKPP","SIGLEC9",8.086663,2.1627233,6.13213924453785e-16,1.50726919654713e-15,"SKPP_unique_upregulated"
"SKPP","NDRG4",8.076758,2.2093,6.65109176654633e-16,1.63380069906827e-15,"SKPP_unique_upregulated"
"SKPP","LINC01929",8.0620365,3.9244266,7.50335282090959e-16,1.84084262787812e-15,"SKPP_unique_upregulated"
"SKPP","BMP6",8.038869,1.683465,9.06711839845024e-16,2.21948177158962e-15,"SKPP_unique_upregulated"
"SKPP","PKN3",8.03499,1.6992569,9.3586364193003e-16,2.29026760196184e-15,"SKPP_unique_upregulated"
"SKPP","NDFIP2",8.015531,2.2459846,1.09662255229893e-15,2.67865561145742e-15,"SKPP_unique_upregulated"
"SKPP","CCNE1",7.9975233,1.5921981,1.2694660850313e-15,3.09852966844113e-15,"SKPP_unique_upregulated"
"SKPP","FMO3",7.9569836,2.8293107,1.76284189260754e-15,4.28939196152007e-15,"SKPP_unique_upregulated"
"SKPP","BIRC5",7.956499,3.1235995,1.76975126994216e-15,4.30513337272851e-15,"SKPP_unique_upregulated"
"SKPP","RTN4R",7.8930893,2.333643,2.94796054887264e-15,7.13490315650461e-15,"SKPP_unique_upregulated"
"SKPP","CDC6",7.8388467,3.1792438,4.54703625937793e-15,1.09684918051661e-14,"SKPP_unique_upregulated"
"SKPP","SRXN1",7.838206,2.187652,4.57029040575071e-15,1.1023227247594e-14,"SKPP_unique_upregulated"
"SKPP","ALDH1A2",7.8188634,2.8252606,5.33023500033006e-15,1.2830857237847e-14,"SKPP_unique_upregulated"
"SKPP","B4GALT2",7.8085294,1.6766865,5.78590171314492e-15,1.39106185923111e-14,"SKPP_unique_upregulated"
"SKPP","SPRED1",7.774075,1.9027768,7.60007240161739e-15,1.82163420816817e-14,"SKPP_unique_upregulated"
"SKPP","PKMYT1",7.707949,3.835823,1.27855452283779e-14,3.04846532263797e-14,"SKPP_unique_upregulated"
"SKPP","STAB1",7.6963687,2.5618656,1.39987716585001e-14,3.33448525640328e-14,"SKPP_unique_upregulated"
"SKPP","LINC02520",7.6863103,1.7383225,1.51439221421374e-14,3.60374885658939e-14,"SKPP_unique_upregulated"
"SKPP","SLC12A3",7.6180916,1.9244312,2.57453465865653e-14,6.08950733719219e-14,"SKPP_unique_upregulated"
"SKPP","QPCT",7.58687,1.5083462,3.27725575329447e-14,7.73201598510565e-14,"SKPP_unique_upregulated"
"SKPP","BMP8A",7.5297847,1.7363217,5.08241046910555e-14,1.19347903587492e-13,"SKPP_unique_upregulated"
"SKPP","IL1B",7.5012994,1.770372,6.3188171548695e-14,1.48132998785775e-13,"SKPP_unique_upregulated"
"SKPP","FRY-AS1",7.495417,1.835392,6.60879324741148e-14,1.54856743222785e-13,"SKPP_unique_upregulated"
"SKPP","PARD6G",7.465496,2.0983727,8.29864803823422e-14,1.93896053507065e-13,"SKPP_unique_upregulated"
"SKPP","DOCK9-DT",7.444633,1.9612975,9.72142239020059e-14,2.2668211647606e-13,"SKPP_unique_upregulated"
"SKPP","KLK15",7.4120684,21.870348,1.24344765680033e-13,2.88838838417246e-13,"SKPP_unique_upregulated"
"SKPP","LINC01970",7.3850436,1.5046026,1.52403248555808e-13,3.52842731630389e-13,"SKPP_unique_upregulated"
"SKPP","HES4",7.3611035,1.761164,1.82396278510576e-13,4.2138493245513e-13,"SKPP_unique_upregulated"
"SKPP","VASH1",7.3433547,1.5856894,2.08305400681981e-13,4.80334678357885e-13,"SKPP_unique_upregulated"
"SKPP","ASPM",7.340701,1.9569637,2.12477577883995e-13,4.89609190300755e-13,"SKPP_unique_upregulated"
"SKPP","RCN3",7.256681,1.6955844,3.96703693214303e-13,9.0770555061009e-13,"SKPP_unique_upregulated"
"SKPP","SLC36A3",7.237987,1.7312297,4.55393551140321e-13,1.04004913733821e-12,"SKPP_unique_upregulated"
"SKPP","LINC01361",7.2341194,2.5778399,4.68559578756953e-13,1.06912008361894e-12,"SKPP_unique_upregulated"
"SKPP","UBE2C",7.229665,2.1582785,4.84187586692434e-13,1.10400637338587e-12,"SKPP_unique_upregulated"
"SKPP","RPRML",7.21228,2.284911,5.50228609490288e-13,1.25298189578796e-12,"SKPP_unique_upregulated"
"SKPP","C22orf23",7.2094235,1.7154437,5.61892617225967e-13,1.27909664191225e-12,"SKPP_unique_upregulated"
"SKPP","ANXA3",7.1508036,1.5777502,8.62714522041501e-13,1.9550200077948e-12,"SKPP_unique_upregulated"
"SKPP","FAM114A1",7.126128,1.660783,1.03231531632346e-12,2.33503018261674e-12,"SKPP_unique_upregulated"
"SKPP","FGF2",7.1142864,2.243636,1.12493259293107e-12,2.54217357413964e-12,"SKPP_unique_upregulated"
"SKPP","GREM2",7.112536,1.8841022,1.13929890055849e-12,2.57374750474816e-12,"SKPP_unique_upregulated"
"SKPP","C6orf52",7.099442,1.6037314,1.25261551720605e-12,2.82647375930442e-12,"SKPP_unique_upregulated"
"SKPP","SMARCD3",7.075134,1.6733267,1.49304612276185e-12,3.36124327314818e-12,"SKPP_unique_upregulated"
"SKPP","LGALS9C",7.065018,4.2271314,1.60594909477763e-12,3.6104333509431e-12,"SKPP_unique_upregulated"
"SKPP","SECTM1",7.038199,2.1403239,1.94740375914588e-12,4.36954440533958e-12,"SKPP_unique_upregulated"
"SKPP","DGKI",7.026029,2.7807508,2.12494010114087e-12,4.76243590643966e-12,"SKPP_unique_upregulated"
"SKPP","BIK",6.9670596,1.6129522,3.23633902166024e-12,7.22023509016619e-12,"SKPP_unique_upregulated"
"SKPP","MMP9",6.9155293,1.6545038,4.66119632616376e-12,1.0364805648906e-11,"SKPP_unique_upregulated"
"SKPP","LINC00309",6.899556,1.9046305,5.21652494948579e-12,1.15772893514277e-11,"SKPP_unique_upregulated"
"SKPP","FSHR",6.857024,2.524796,7.03098403307692e-12,1.55653688832729e-11,"SKPP_unique_upregulated"
"SKPP","PFKFB4",6.838306,1.9130903,8.01351960837812e-12,1.77204827321441e-11,"SKPP_unique_upregulated"
"SKPP","KCNN3",6.8100576,1.7498907,9.7559597294471e-12,2.1537073554357e-11,"SKPP_unique_upregulated"
"SKPP","OSCP1",6.7831492,1.6761969,1.17584144684744e-11,2.58933889623122e-11,"SKPP_unique_upregulated"
"SKPP","RGL1",6.724636,1.504731,1.76031560836491e-11,3.85214223042771e-11,"SKPP_unique_upregulated"
"SKPP","CRLF1",6.700545,1.6034415,2.07643661516085e-11,4.53276569449661e-11,"SKPP_unique_upregulated"
"SKPP","DMKN",6.6334543,1.5398756,3.27920045683411e-11,7.12100705130727e-11,"SKPP_unique_upregulated"
"SKPP","CCDC68",6.6307373,2.3550196,3.34014398595349e-11,7.25254521938947e-11,"SKPP_unique_upregulated"
"SKPP","RSPH14",6.6156898,1.5958835,3.69823479018806e-11,8.02028797233736e-11,"SKPP_unique_upregulated"
"SKPP","SSH3",6.5857944,1.6050603,4.52459038678792e-11,9.79935635735097e-11,"SKPP_unique_upregulated"
"SKPP","IGSF3",6.572024,5.6888814,4.96359057846492e-11,1.07311391491992e-10,"SKPP_unique_upregulated"
"SKPP","TPX2",6.569762,1.8905962,5.03956444459231e-11,1.08905794645812e-10,"SKPP_unique_upregulated"
"SKPP","DUSP15",6.5475826,2.384323,5.84759282819848e-11,1.26228015953875e-10,"SKPP_unique_upregulated"
"SKPP","CDC20",6.5425296,2.9923966,6.04869012641783e-11,1.30540165869355e-10,"SKPP_unique_upregulated"
"SKPP","ZCCHC24",6.501724,1.9009302,7.9404813152942e-11,1.71028440701901e-10,"SKPP_unique_upregulated"
"SKPP","GAS6",6.4922576,1.5855355,8.45595638403388e-11,1.8197091666422e-10,"SKPP_unique_upregulated"
"SKPP","C1QA",6.4920073,2.2728148,8.47002041958101e-11,1.82253529327426e-10,"SKPP_unique_upregulated"
"SKPP","NT5DC2",6.491861,2.3301911,8.47824596649392e-11,1.82410464070756e-10,"SKPP_unique_upregulated"
"SKPP","KCNE3",6.48654,1.7942177,8.78302000126021e-11,1.88843133045445e-10,"SKPP_unique_upregulated"
"SKPP","NLRP12",6.483738,1.5297171,8.94774747734306e-11,1.92321531894386e-10,"SKPP_unique_upregulated"
"SKPP","GPRIN1",6.4816194,1.7890761,9.07434110259461e-11,1.94999677899815e-10,"SKPP_unique_upregulated"
"SKPP","CACNA1E",6.481378,1.627278,9.08885538068203e-11,1.95290130766648e-10,"SKPP_unique_upregulated"
"SKPP","KLK2",6.4418364,2.7017162,1.18036434741253e-10,2.5278942267887e-10,"SKPP_unique_upregulated"
"SKPP","LDB3",6.4173994,1.5717709,1.38621838160554e-10,2.96356618499479e-10,"SKPP_unique_upregulated"
"SKPP","VNN1",6.39164,2.3722384,1.64115878199529e-10,3.50247519315998e-10,"SKPP_unique_upregulated"
"SKPP","CCDC183-AS1",6.387415,1.5934346,1.68713469338289e-10,3.59980936431321e-10,"SKPP_unique_upregulated"
"SKPP","SNAP25-AS1",6.339528,1.74781,2.30470139769712e-10,4.89774076348146e-10,"SKPP_unique_upregulated"
"SKPP","ASIP",6.319498,1.7086922,2.62414437131946e-10,5.56752217911518e-10,"SKPP_unique_upregulated"
"SKPP","HIC1",6.3194194,1.8341862,2.6254747000715e-10,5.56974077742836e-10,"SKPP_unique_upregulated"
"SKPP","PFN4",6.30371,1.7568911,2.90604080388353e-10,6.15626355422679e-10,"SKPP_unique_upregulated"
"SKPP","VSIG4",6.2351427,2.4268446,4.51366870127379e-10,9.50327836739031e-10,"SKPP_unique_upregulated"
"SKPP","LLPH-DT",6.228465,1.9946046,4.71026467107645e-10,9.9118678442439e-10,"SKPP_unique_upregulated"
"SKPP","HDAC11-AS1",6.1274137,1.8948041,8.93189406544808e-10,1.86530739672026e-09,"SKPP_unique_upregulated"
"SKPP","EXO1",6.1269445,1.878124,8.95827649690335e-10,1.87061737798959e-09,"SKPP_unique_upregulated"
"SKPP","CD33",6.1236672,1.5098522,9.14458531964609e-10,1.90850304538006e-09,"SKPP_unique_upregulated"
"SKPP","AURKA",6.1062784,1.5308828,1.01981121972855e-09,2.12565679033321e-09,"SKPP_unique_upregulated"
"SKPP","KIR3DL1",6.0575743,1.5304412,1.38189522101022e-09,2.86632665727454e-09,"SKPP_unique_upregulated"
"SKPP","SRMS",6.0514855,2.661457,1.4351627188316e-09,2.97460693592806e-09,"SKPP_unique_upregulated"
"SKPP","LINC01122",6.049171,2.305291,1.45592967437455e-09,3.01701068179194e-09,"SKPP_unique_upregulated"
"SKPP","FCRL4",5.995332,4.2466536,2.03070704544928e-09,4.1890022628454e-09,"SKPP_unique_upregulated"
"SKPP","KIR2DL3",5.9928403,1.5944818,2.06207531770882e-09,4.25191673518717e-09,"SKPP_unique_upregulated"
"SKPP","EVC",5.987336,2.314731,2.13305797376553e-09,4.39642705189003e-09,"SKPP_unique_upregulated"
"SKPP","SLC22A1",5.952974,1.9379708,2.63313391799887e-09,5.41003407259575e-09,"SKPP_unique_upregulated"
"SKPP","ARHGAP5-AS1",5.948102,1.5722352,2.71269558477882e-09,5.57233122012932e-09,"SKPP_unique_upregulated"
"SKPP","LINC01932",5.933173,21.265675,2.9713486688619e-09,6.09405206501308e-09,"SKPP_unique_upregulated"
"SKPP","KCNE1",5.915375,1.6925873,3.31119510123632e-09,6.78252546226236e-09,"SKPP_unique_upregulated"
"SKPP","LRRIQ4",5.900278,2.4752245,3.62889103525963e-09,7.42395606669739e-09,"SKPP_unique_upregulated"
"SKPP","CSF1R",5.8642774,1.5965468,4.51093052920859e-09,9.20244876934463e-09,"SKPP_unique_upregulated"
"SKPP","SIGLEC7",5.85163,2.0958443,4.86777330213705e-09,9.92628053107731e-09,"SKPP_unique_upregulated"
"SKPP","ESRRB",5.8495483,1.8319908,4.92909644521493e-09,1.00492351781585e-08,"SKPP_unique_upregulated"
"SKPP","LINC01484",5.841028,2.2159424,5.18795737841239e-09,1.05626833816225e-08,"SKPP_unique_upregulated"
"SKPP","TDRD9",5.825781,1.8200692,5.68461604093338e-09,1.15630526703726e-08,"SKPP_unique_upregulated"
"SKPP","SEMA6B",5.811157,2.7155647,6.20424695956877e-09,1.2606926739859e-08,"SKPP_unique_upregulated"
"SKPP","OAF",5.788208,1.7093201,7.1141240968366e-09,1.44293250120657e-08,"SKPP_unique_upregulated"
"SKPP","KLF14",5.785909,2.982512,7.21211863386514e-09,1.46199873021313e-08,"SKPP_unique_upregulated"
"SKPP","HAR1B",5.745224,1.5533648,9.17993531036555e-09,1.85418016260563e-08,"SKPP_unique_upregulated"
"SKPP","CNGB3",5.7416835,1.8380778,9.37398083704863e-09,1.89278771044647e-08,"SKPP_unique_upregulated"
"SKPP","IGKV1D-16",5.736522,2.1622517,9.66403500227227e-09,1.95034897818135e-08,"SKPP_unique_upregulated"
"SKPP","THSD8",5.696465,2.6057947,1.22316911835188e-08,2.46219250158518e-08,"SKPP_unique_upregulated"
"SKPP","CCDC195",5.6907315,21.026684,1.26496400188736e-08,2.54396871417594e-08,"SKPP_unique_upregulated"
"SKPP","MYOF",5.690394,1.851417,1.26746673785592e-08,2.54874001915164e-08,"SKPP_unique_upregulated"
"SKPP","SLC8A1-AS1",5.665122,1.8654517,1.46920130009773e-08,2.94713798465529e-08,"SKPP_unique_upregulated"
"SKPP","SFTPB",5.663046,1.9323875,1.48709345115854e-08,2.98211156510251e-08,"SKPP_unique_upregulated"
"SKPP","NECTIN2",5.642842,1.6749917,1.67265989972757e-08,3.34839988929607e-08,"SKPP_unique_upregulated"
"SKPP","ACOXL",5.601112,1.6713942,2.12981274951191e-08,4.24920227186471e-08,"SKPP_unique_upregulated"
"SKPP","HP",5.5974016,1.7467372,2.17588545614287e-08,4.34067964173756e-08,"SKPP_unique_upregulated"
"SKPP","FASLG",5.571285,1.5102054,2.52867552284915e-08,5.03368490652209e-08,"SKPP_unique_upregulated"
"SKPP","CEP55",5.5389957,1.7160594,3.042110078302e-08,6.03487530537444e-08,"SKPP_unique_upregulated"
"SKPP","OR52N2",5.526966,4.730852,3.25815686405982e-08,6.45169130903892e-08,"SKPP_unique_upregulated"
"SKPP","FAM20C",5.5219803,2.4620926,3.35199839241784e-08,6.63482748764235e-08,"SKPP_unique_upregulated"
"SKPP","KLHDC8B",5.5185657,2.3373196,3.41777547543554e-08,6.76160453981626e-08,"SKPP_unique_upregulated"
"SKPP","RIBC1",5.489068,1.5172443,4.04059545787716e-08,7.98005368588416e-08,"SKPP_unique_upregulated"
"SKPP","LRRC17",5.476216,1.5300747,4.34517812776123e-08,8.57553662168752e-08,"SKPP_unique_upregulated"
"SKPP","KIFC1",5.4673333,1.7702425,4.56856981118162e-08,9.01005584208849e-08,"SKPP_unique_upregulated"
"SKPP","TNNT1",5.461425,3.0940664,4.72328827652821e-08,9.30299999950719e-08,"SKPP_unique_upregulated"
"SKPP","HTRA3",5.437521,20.91446,5.40269874387131e-08,1.06176568263607e-07,"SKPP_unique_upregulated"
"SKPP","MYB",5.4342203,1.6935216,5.50365293009829e-08,1.08138849820427e-07,"SKPP_unique_upregulated"
"SKPP","ZBTB12",5.4249353,1.5453811,5.7975597838631e-08,1.13810844553203e-07,"SKPP_unique_upregulated"
"SKPP","TRGV7",5.3879366,3.643091,7.12711387144762e-08,1.39407601196009e-07,"SKPP_unique_upregulated"
"SKPP","PIP",5.3844175,3.1408408,7.26796016756076e-08,1.42134164060393e-07,"SKPP_unique_upregulated"
"SKPP","TBC1D30",5.3557754,1.5992678,8.51903855790875e-08,1.66201940679121e-07,"SKPP_unique_upregulated"
"SKPP","SLC49A3",5.3079023,1.9664158,1.10894057147931e-07,2.15489067554192e-07,"SKPP_unique_upregulated"
"SKPP","EPAS1",5.304859,2.5978873,1.12760146415375e-07,2.19069910604708e-07,"SKPP_unique_upregulated"
"SKPP","DLL1",5.2852273,1.5217944,1.25548846819034e-07,2.43482639698202e-07,"SKPP_unique_upregulated"
"SKPP","CDCA2",5.25371,1.5254838,1.4906558734891e-07,2.88118867368971e-07,"SKPP_unique_upregulated"
"SKPP","LINC01010",5.215345,2.2072887,1.83475383890541e-07,3.53649163905645e-07,"SKPP_unique_upregulated"
"SKPP","AMPH",5.14502,1.8139018,2.67492557580285e-07,5.12462734162035e-07,"SKPP_unique_upregulated"
"SKPP","BMPER",5.1340704,1.6082435,2.83541960967007e-07,5.42307603577597e-07,"SKPP_unique_upregulated"
"SKPP","ABTB2",5.1209793,1.5036029,3.03952852852159e-07,5.80324853606308e-07,"SKPP_unique_upregulated"
"SKPP","C1QB",5.090684,2.899623,3.56773958489429e-07,6.79516529075447e-07,"SKPP_unique_upregulated"
"SKPP","HBQ1",5.089742,2.413799,3.5855101940851e-07,6.82834681049706e-07,"SKPP_unique_upregulated"
"SKPP","CEACAM8",5.083684,2.0004067,3.70183463011806e-07,7.04644942044263e-07,"SKPP_unique_upregulated"
"SKPP","TIGD4",5.0720577,1.6671551,3.93537393457159e-07,7.4822577877669e-07,"SKPP_unique_upregulated"
"SKPP","CNIH2",5.0410285,1.8335378,4.6303640388929e-07,8.77974452645894e-07,"SKPP_unique_upregulated"
"SKPP","HTR2B",5.039101,1.5660471,4.67723008969357e-07,8.86774909360758e-07,"SKPP_unique_upregulated"
"SKPP","SIRPD",5.009149,1.7186842,5.46711912652324e-07,1.0323322114041e-06,"SKPP_unique_upregulated"
"SKPP","TROAP",5.0022583,1.6873575,5.66626393608561e-07,1.06941987559147e-06,"SKPP_unique_upregulated"
"SKPP","SDC1",4.994811,5.851772,5.88933385795977e-07,1.11077093910898e-06,"SKPP_unique_upregulated"
"SKPP","OTOGL",4.9844756,3.936359,6.21301126948481e-07,1.17023972010086e-06,"SKPP_unique_upregulated"
"SKPP","LPP-AS1",4.9618373,1.6204288,6.98295443804326e-07,1.31298599446171e-06,"SKPP_unique_upregulated"
"SKPP","BAALC",4.9381905,2.43572,7.88509006334291e-07,1.47976831648119e-06,"SKPP_unique_upregulated"
"SKPP","KCTD16",4.9346056,1.8723443,8.03129659721999e-07,1.50662843269486e-06,"SKPP_unique_upregulated"
"SKPP","ALAS2",4.9262266,1.5626801,8.38328295719751e-07,1.57205635751261e-06,"SKPP_unique_upregulated"
"SKPP","CEACAM6",4.8920403,20.495985,9.97959918356951e-07,1.86407786200924e-06,"SKPP_unique_upregulated"
"SKPP","ORM1",4.8920403,20.427326,9.97959918356951e-07,1.86407786200924e-06,"SKPP_unique_upregulated"
"SKPP","PCDHGC3",4.8819194,2.3303008,1.05058229997295e-06,1.96087318255158e-06,"SKPP_unique_upregulated"
"SKPP","LINC00582",4.8710585,1.8614045,1.11002031638585e-06,2.0708244399884e-06,"SKPP_unique_upregulated"
"SKPP","SCGB1B2P",4.8708544,1.7927926,1.11116800267065e-06,2.07276791956713e-06,"SKPP_unique_upregulated"
"SKPP","CASC9",4.828858,2.2597132,1.37318501715417e-06,2.55131830760281e-06,"SKPP_unique_upregulated"
"SKPP","LINC00640",4.778647,1.6014988,1.76478892819483e-06,3.26495128551729e-06,"SKPP_unique_upregulated"
"SKPP","LINC01506",4.774123,1.7519819,1.80491880005065e-06,3.33761586461832e-06,"SKPP_unique_upregulated"
"SKPP","ST7-AS1",4.7449045,3.070953,2.08604803260196e-06,3.84620634146379e-06,"SKPP_unique_upregulated"
"SKPP","SKA3",4.738279,1.7083783,2.15541258804987e-06,3.96961068451388e-06,"SKPP_unique_upregulated"
"SKPP","PADI2",4.736652,1.924919,2.17278081514585e-06,4.00046810225574e-06,"SKPP_unique_upregulated"
"SKPP","CLDN23",4.700052,3.7578018,2.60095653800463e-06,4.77399095166256e-06,"SKPP_unique_upregulated"
"SKPP","C1QC",4.6996927,3.1935186,2.60553167015267e-06,4.78149148659359e-06,"SKPP_unique_upregulated"
"SKPP","MELTF-AS1",4.69645,2.3901794,2.64721400371761e-06,4.85616233474699e-06,"SKPP_unique_upregulated"
"SKPP","FGF22",4.687214,2.2972775,2.76949556192778e-06,5.07619793516325e-06,"SKPP_unique_upregulated"
"SKPP","NEIL3",4.6810226,2.441479,2.85447239575221e-06,5.22754476743839e-06,"SKPP_unique_upregulated"
"SKPP","ABCC11",4.673345,1.5778794,2.96333370994556e-06,5.42335522224231e-06,"SKPP_unique_upregulated"
"SKPP","MEFV",4.6389112,1.5358386,3.50249624530983e-06,6.39216998024834e-06,"SKPP_unique_upregulated"
"SKPP","LINC01888",4.618101,2.0215983,3.87267351536286e-06,7.04803528167973e-06,"SKPP_unique_upregulated"
"SKPP","LINC02363",4.6179605,1.5425599,3.87529881952473e-06,7.05215728638148e-06,"SKPP_unique_upregulated"
"SKPP","FSCN2",4.6178575,1.843427,3.87722775210872e-06,7.05501140536205e-06,"SKPP_unique_upregulated"
"SKPP","NTSR1",4.6027875,2.1592987,4.16873934741131e-06,7.5741774884071e-06,"SKPP_unique_upregulated"
"SKPP","KIR2DL4",4.6026716,2.396261,4.17105695003153e-06,7.57768474591189e-06,"SKPP_unique_upregulated"
"SKPP","MCM10",4.570512,1.7611248,4.8653428963833e-06,8.81446438259684e-06,"SKPP_unique_upregulated"
"SKPP","ENDOU",4.569739,3.0721276,4.8833269033719e-06,8.84458911932445e-06,"SKPP_unique_upregulated"
"SKPP","SNAP25",4.547782,1.7601572,5.42142944433299e-06,9.79742624369301e-06,"SKPP_unique_upregulated"
"SKPP","MARVELD1",4.547762,1.710007,5.42193867575742e-06,9.79744168503289e-06,"SKPP_unique_upregulated"
"SKPP","VEGFA",4.4853373,1.7619396,7.27986532021193e-06,1.3087037628471e-05,"SKPP_unique_upregulated"
"SKPP","VGF",4.482363,2.2035704,7.38210139166642e-06,1.32647346218667e-05,"SKPP_unique_upregulated"
"SKPP","TBX15",4.4576764,2.0729465,8.28529372376065e-06,1.48549228135009e-05,"SKPP_unique_upregulated"
"SKPP","NME8",4.457393,1.6259145,8.29623572677304e-06,1.48718157476635e-05,"SKPP_unique_upregulated"
"SKPP","KIF20A",4.439257,20.165283,9.02699760541379e-06,1.61551389375102e-05,"SKPP_unique_upregulated"
"SKPP","ZNF534",4.427762,1.7635703,9.52158243631747e-06,1.70262565214165e-05,"SKPP_unique_upregulated"
"SKPP","HTR4",4.4205694,2.7506373,9.84412295375305e-06,1.75917623706886e-05,"SKPP_unique_upregulated"
"SKPP","LINC00589",4.420193,1.9690322,9.86127181677634e-06,1.76175812024723e-05,"SKPP_unique_upregulated"
"SKPP","FAM182B",4.418284,1.5803014,9.94876708156154e-06,1.77657852027739e-05,"SKPP_unique_upregulated"
"SKPP","REEP1",4.4128003,1.7071097,1.02042160466496e-05,1.82086539851213e-05,"SKPP_unique_upregulated"
"SKPP","RNASE3",4.3997917,4.706331,1.08354778546977e-05,1.93069232071321e-05,"SKPP_unique_upregulated"
"SKPP","MAP6",4.3982935,3.1371558,1.09105373024693e-05,1.94318188709128e-05,"SKPP_unique_upregulated"
"SKPP","PXT1",4.3758235,1.6012759,1.20974762117626e-05,2.15046706496885e-05,"SKPP_unique_upregulated"
"SKPP","FZD1",4.3519015,2.3122802,1.34962016297491e-05,2.39236953973123e-05,"SKPP_unique_upregulated"
"SKPP","TMEM240",4.342746,1.83018,1.40712810953816e-05,2.4929545357576e-05,"SKPP_unique_upregulated"
"SKPP","TMEM255A",4.330233,1.8439481,1.48951671240484e-05,2.63605526167476e-05,"SKPP_unique_upregulated"
"SKPP","SLC1A3",4.275158,1.7215158,1.91001972434213e-05,3.36168968932602e-05,"SKPP_unique_upregulated"
"SKPP","COL17A1",4.2405267,3.0029433,2.22995745047583e-05,3.91457857638029e-05,"SKPP_unique_upregulated"
"SKPP","TSPAN8",4.2403064,3.1577013,2.23215100932912e-05,3.91772633873461e-05,"SKPP_unique_upregulated"
"SKPP","SEMA3G",4.23841,4.0200067,2.251082945138e-05,3.94989159527084e-05,"SKPP_unique_upregulated"
"SKPP","APOBEC3B",4.2149777,1.6469052,2.49802631916686e-05,4.37338990905047e-05,"SKPP_unique_upregulated"
"SKPP","CYP3A7",4.2120876,2.2262664,2.53021079388614e-05,4.42577677793546e-05,"SKPP_unique_upregulated"
"SKPP","DSC2",4.17789,1.5142127,2.94225895107999e-05,5.13412904893288e-05,"SKPP_unique_upregulated"
"SKPP","GABRA6",4.109832,20.000473,3.95947755758251e-05,6.8601962853528e-05,"SKPP_unique_upregulated"
"SKPP","ZNF32-AS1",4.109832,20.003212,3.95947755758251e-05,6.8601962853528e-05,"SKPP_unique_upregulated"
"SKPP","CEACAM3",4.1082373,2.5485675,3.98690458689162e-05,6.9056171730856e-05,"SKPP_unique_upregulated"
"SKPP","EME1",4.0854,1.5599793,4.40009619191241e-05,7.60677465176624e-05,"SKPP_unique_upregulated"
"SKPP","SAMSN1-AS1",4.076659,2.7563837,4.56873977830344e-05,7.89134963208066e-05,"SKPP_unique_upregulated"
"SKPP","LYPD2",4.0765743,2.4155147,4.57040471904349e-05,7.89352864450511e-05,"SKPP_unique_upregulated"
"SKPP","SKOR1",4.0747705,1.8483152,4.60597893339846e-05,7.95426668155864e-05,"SKPP_unique_upregulated"
"SKPP","ACOX2",4.0711436,4.499204,4.67828950290753e-05,8.07557948067171e-05,"SKPP_unique_upregulated"
"SKPP","WASHC5-AS1",4.055389,2.3278277,5.00509144210844e-05,8.62600223174018e-05,"SKPP_unique_upregulated"
"SKPP","PRSS51",3.996831,1.8414537,6.41961335114315e-05,0.000109979858216748,"SKPP_unique_upregulated"
"SKPP","PTPRN",3.9900255,1.989488,6.60662124912447e-05,0.000113094536438516,"SKPP_unique_upregulated"
"SKPP","PAK6",3.9890416,1.8626283,6.63408268221792e-05,0.000113554697275753,"SKPP_unique_upregulated"
"SKPP","CCDC83",3.9768248,1.8813235,6.98416243425371e-05,0.000119452924144285,"SKPP_unique_upregulated"
"SKPP","LINC02327",3.9443216,2.5425782,8.00261921139644e-05,0.000136383254423102,"SKPP_unique_upregulated"
"SKPP","DEPP1",3.9348059,20.462934,8.32639573731531e-05,0.000141765345678053,"SKPP_unique_upregulated"
"SKPP","PANX2",3.9348059,19.878317,8.32639573731531e-05,0.000141765345678053,"SKPP_unique_upregulated"
"SKPP","PHLDA3",3.9314451,1.5789531,8.44367706575217e-05,0.000143712162148942,"SKPP_unique_upregulated"
"SKPP","DKKL1",3.927075,1.517465,8.59852088285707e-05,0.000146271282826869,"SKPP_unique_upregulated"
"SKPP","SYN1",3.90766,4.282905,9.31943429437191e-05,0.000158245999889161,"SKPP_unique_upregulated"
"SKPP","BSN",3.907106,2.5318325,9.34082275503732e-05,0.000158567901162983,"SKPP_unique_upregulated"
"SKPP","TEX38",3.9070768,2.4328575,9.34194974666782e-05,0.000158573276060718,"SKPP_unique_upregulated"
"SKPP","PBK",3.9026186,2.0076253,9.51575406565339e-05,0.000161411473263441,"SKPP_unique_upregulated"
"SKPP","LINC01926",3.9023542,1.8581455,9.52616352980417e-05,0.000161566494967203,"SKPP_unique_upregulated"
"SKPP","VMO1",3.8970263,5.1117954,9.73810120972972e-05,0.000165025690198312,"SKPP_unique_upregulated"
"SKPP","RTP5",3.8534238,1.577428,0.000116477497204577,0.000196638052394026,"SKPP_unique_upregulated"
"SKPP","PRDM16",3.8414435,1.7715557,0.000122312857589475,0.000206311352237812,"SKPP_unique_upregulated"
"SKPP","DCC",3.8212726,1.8449107,0.000132764731694397,0.000223478732885675,"SKPP_unique_upregulated"
"SKPP","SYCE3",3.7750857,2.9730532,0.000159952669921194,0.000268182147632416,"SKPP_unique_upregulated"
"SKPP","MT1H",3.7516346,20.305895,0.00017568534901251,0.000293253511002031,"SKPP_unique_upregulated"
"SKPP","PCDHGB1",3.7516346,19.715355,0.00017568534901251,0.000293253511002031,"SKPP_unique_upregulated"
"SKPP","KCNK9",3.7406824,1.6504588,0.000183521347349581,0.000306046167115783,"SKPP_unique_upregulated"
"SKPP","SHISA3",3.730824,2.7671158,0.000190854460953189,0.000318090709894121,"SKPP_unique_upregulated"
"SKPP","FAM187B",3.7147374,4.0139723,0.000203414886951679,0.000338356214541862,"SKPP_unique_upregulated"
"SKPP","HJURP",3.6935217,2.0330417,0.000221169526207489,0.000367077632640215,"SKPP_unique_upregulated"
"SKPP","ATP1B3-AS1",3.6927414,1.5765847,0.000221849607326007,0.000368143920976535,"SKPP_unique_upregulated"
"SKPP","FILNC1",3.6898806,1.852488,0.000224359219564471,0.000372213752305008,"SKPP_unique_upregulated"
"SKPP","HOXA3",3.6654224,2.2071083,0.000246930544740511,0.000408724149846245,"SKPP_unique_upregulated"
"SKPP","AHSP",3.6651602,2.062587,0.000247183858186465,0.000409039639491988,"SKPP_unique_upregulated"
"SKPP","SPINK8",3.6648452,1.6992517,0.000247488156066951,0.000409508560622197,"SKPP_unique_upregulated"
"SKPP","LINC01833",3.661569,2.114869,0.000250675247451039,0.00041460681617124,"SKPP_unique_upregulated"
"SKPP","KCNK15-AS1",3.6614983,1.6481837,0.000250744496374256,0.000414686300291705,"SKPP_unique_upregulated"
"SKPP","PCDHGB5",3.6368024,1.8476061,0.00027604348316935,0.000455755895938056,"SKPP_unique_upregulated"
"SKPP","HOMER3-AS1",3.5986266,2.8104043,0.000319901976699945,0.000526169780622386,"SKPP_unique_upregulated"
"SKPP","FARP1-AS1",3.598315,2.0000565,0.000320285596845709,0.000526756476641186,"SKPP_unique_upregulated"
"SKPP","VSTM2L",3.5981734,1.8795881,0.000320460111949542,0.000526866364529377,"SKPP_unique_upregulated"
"SKPP","CFAP58-DT",3.5938075,2.0472329,0.000325880698110638,0.000535553330026788,"SKPP_unique_upregulated"
"SKPP","DSG3",3.5740955,2.0467665,0.000351440776539289,0.000576638698249271,"SKPP_unique_upregulated"
"SKPP","UNC5A",3.5590603,19.605267,0.000372183898178026,0.000609600277856166,"SKPP_unique_upregulated"
"SKPP","KCNE5",3.5590603,19.271994,0.000372183898178026,0.000609600277856166,"SKPP_unique_upregulated"
"SKPP","CA4",3.5590603,19.312624,0.000372183898178026,0.000609600277856166,"SKPP_unique_upregulated"
"SKPP","NAT8L",3.5590603,19.109829,0.000372183898178026,0.000609600277856166,"SKPP_unique_upregulated"
"SKPP","LPL",3.547369,4.0296674,0.000389099298641687,0.000636879554648308,"SKPP_unique_upregulated"
"SKPP","PCDHGB7",3.5471206,3.3231916,0.000389466290240489,0.000637426929359809,"SKPP_unique_upregulated"
"SKPP","KRTAP5-2",3.5470896,3.2930965,0.000389512186926707,0.000637448730767066,"SKPP_unique_upregulated"
"SKPP","SMOC1",3.5470586,3.2015674,0.00038955808866716,0.000637470536798711,"SKPP_unique_upregulated"
"SKPP","SLC14A2-AS1",3.5468721,2.396655,0.00038983360527748,0.000637868048170393,"SKPP_unique_upregulated"
"SKPP","LINC00536",3.5468102,2.2095888,0.000389925484604689,0.000637956058011087,"SKPP_unique_upregulated"
"SKPP","HTRA1",3.523791,3.1816428,0.000425419363469329,0.000693981537604725,"SKPP_unique_upregulated"
"SKPP","PRRX1",3.5237565,3.1344516,0.000425475087216061,0.000693981537604725,"SKPP_unique_upregulated"
"SKPP","GYPB",3.5237565,2.7875757,0.000425475087216061,0.000693981537604725,"SKPP_unique_upregulated"
"SKPP","EFNB2",3.4312906,1.9327633,0.000600716411642839,0.000972437023744794,"SKPP_unique_upregulated"
"SKPP","C10orf105",3.4148283,2.2876506,0.000638222495053402,0.00103084917731779,"SKPP_unique_upregulated"
"SKPP","TRGV8",3.4148283,2.027386,0.000638222495053402,0.00103084917731779,"SKPP_unique_upregulated"
"SKPP","NID1",3.401375,1.870571,0.000670477546269815,0.00108187553602769,"SKPP_unique_upregulated"
"SKPP","LINC01478",3.400888,1.5976481,0.000671673343912619,0.00108371569868751,"SKPP_unique_upregulated"
"SKPP","ARAP1-AS2",3.3987706,1.680795,0.000676894633840436,0.00109177993694277,"SKPP_unique_upregulated"
"SKPP","CASP5",3.3741078,1.5030115,0.000740553270308517,0.00119200019687399,"SKPP_unique_upregulated"
"SKPP","PTGFRN",3.3554647,19.373236,0.00079231780720133,0.00127092998207358,"SKPP_unique_upregulated"
"SKPP","RXFP2",3.3554647,20.179598,0.00079231780720133,0.00127092998207358,"SKPP_unique_upregulated"
"SKPP","CYYR1",3.3554647,19.162523,0.00079231780720133,0.00127092998207358,"SKPP_unique_upregulated"
"SKPP","XCR1",3.3554647,19.258688,0.00079231780720133,0.00127092998207358,"SKPP_unique_upregulated"
"SKPP","FOXC1",3.3544745,3.1927829,0.000795158945251538,0.00127527827560709,"SKPP_unique_upregulated"
"SKPP","SERINC4",3.354346,3.14964,0.000795528431013212,0.00127555722206379,"SKPP_unique_upregulated"
"SKPP","TMEM200B",3.3542173,2.6516562,0.00079589807611029,0.00127594081216829,"SKPP_unique_upregulated"
"SKPP","EFCAB9",3.3542173,2.5065963,0.00079589807611029,0.00127594081216829,"SKPP_unique_upregulated"
"SKPP","ADAMTS19",3.354121,2.5707057,0.000796175414534614,0.00127607179225271,"SKPP_unique_upregulated"
"SKPP","FXYD6",3.3271728,2.062629,0.000877319477077753,0.00140325220920856,"SKPP_unique_upregulated"
"SKPP","ZMYND15",3.3261652,1.8938631,0.000880497532892535,0.00140799050006533,"SKPP_unique_upregulated"
"SKPP","GAP43",3.3226976,2.9485474,0.000891515045118514,0.00142386274917394,"SKPP_unique_upregulated"
"SKPP","LRRC31",3.3226976,2.87892,0.000891515045118514,0.00142386274917394,"SKPP_unique_upregulated"
"SKPP","ITPKA",3.3226976,2.3081305,0.000891515045118514,0.00142386274917394,"SKPP_unique_upregulated"
"SKPP","GABRA4",3.309479,2.4459918,0.000934697753090073,0.0014905195691033,"SKPP_unique_upregulated"
"SKPP","SAPCD2",3.309148,2.030621,0.000935803596638969,0.00149216140637478,"SKPP_unique_upregulated"
"SKPP","SLC45A2",3.3087342,1.904427,0.000937187605587088,0.00149400301964384,"SKPP_unique_upregulated"
"SKPP","MIS18A-AS1",3.308679,1.5630696,0.000937372283323107,0.00149417569567176,"SKPP_unique_upregulated"
"SKPP","FAM222A-AS1",3.3086514,1.8023478,0.000937464634833546,0.00149420118713227,"SKPP_unique_upregulated"
"SKPP","ASAH2",3.2634919,1.7200508,0.00110048310720999,0.00174536014280152,"SKPP_unique_upregulated"
"SKPP","LINC01692",3.2632797,1.5819244,0.00110130770102358,0.00174652638735954,"SKPP_unique_upregulated"
"SKPP","MEOX1",3.2233884,2.028469,0.00126683668892087,0.00200044063337666,"SKPP_unique_upregulated"
"SKPP","KRT86",3.223268,2.2947295,0.00126736860594351,0.00200095763120079,"SKPP_unique_upregulated"
"SKPP","RAP1GAP",3.223268,2.0769162,0.00126736860594351,0.00200095763120079,"SKPP_unique_upregulated"
"SKPP","CH25H",3.2224767,1.9324172,0.00127087525832394,0.00200600847421818,"SKPP_unique_upregulated"
"SKPP","IGKV1D-37",3.151963,3.201223,0.00162176820048927,0.00254122038334193,"SKPP_unique_upregulated"
"SKPP","FARSA-AS1",3.151563,2.405773,0.00162399204512631,0.00254450126823859,"SKPP_unique_upregulated"
"SKPP","ERICH2",3.1387033,18.960001,0.00169697180138229,0.0026550207251498,"SKPP_unique_upregulated"
"SKPP","PPIC",3.1387033,18.833353,0.00169697180138229,0.0026550207251498,"SKPP_unique_upregulated"
"SKPP","EMID1",3.1387033,18.947563,0.00169697180138229,0.0026550207251498,"SKPP_unique_upregulated"
"SKPP","CLDN2",3.1387033,18.913498,0.00169697180138229,0.0026550207251498,"SKPP_unique_upregulated"
"SKPP","ELOVL2",3.1387033,19.07136,0.00169697180138229,0.0026550207251498,"SKPP_unique_upregulated"
"SKPP","PCDHB9",3.124055,1.560612,0.00178377157355502,0.00278592402836017,"SKPP_unique_upregulated"
"SKPP","CHST13",3.1202826,2.293836,0.00180677625943728,0.00281982755181598,"SKPP_unique_upregulated"
"SKPP","EPB41L1",3.119914,1.6074032,0.00180903756190744,0.00282268136603179,"SKPP_unique_upregulated"
"SKPP","SPINK4",3.1198008,1.9339517,0.00180973387038888,0.00282354268663447,"SKPP_unique_upregulated"
"SKPP","HSPA12B",3.1196873,1.7025465,0.00181043042517459,0.00282395397049154,"SKPP_unique_upregulated"
"SKPP","VCAM1",3.1099067,4.491838,0.00187146461639762,0.00291659920465663,"SKPP_unique_upregulated"
"SKPP","LINC00384",3.1098306,3.6926858,0.00187194641886447,0.00291676164225421,"SKPP_unique_upregulated"
"SKPP","CAVIN3",3.1097546,3.2689898,0.00187242833527191,0.00291676164225421,"SKPP_unique_upregulated"
"SKPP","LCT",3.1097167,3.1413844,0.00187266933621091,0.00291676164225421,"SKPP_unique_upregulated"
"SKPP","CCL25",3.1097167,3.3885157,0.00187266933621091,0.00291676164225421,"SKPP_unique_upregulated"
"SKPP","ITIH6",3.1096785,2.267952,0.00187291036564412,0.00291676164225421,"SKPP_unique_upregulated"
"SKPP","FZD8",3.1096785,2.5770679,0.00187291036564412,0.00291676164225421,"SKPP_unique_upregulated"
"SKPP","IGKV1-13",3.0915995,2.120052,0.00199081334168143,0.00309643394563407,"SKPP_unique_upregulated"
"SKPP","ADORA2B",3.0404294,1.6959177,0.00236241142146452,0.00366052578090361,"SKPP_unique_upregulated"
"SKPP","MRC1",3.0367274,2.0347507,0.00239161600323079,0.00369953691313993,"SKPP_unique_upregulated"
"SKPP","DAAM2",3.0364585,1.7659932,0.00239374997383344,0.00370254521286639,"SKPP_unique_upregulated"
"SKPP","PRTN3",3.0230355,3.140998,0.00250252914407301,0.00386408035123655,"SKPP_unique_upregulated"
"SKPP","HCAR2",3.022787,2.1749673,0.00250458370061005,0.0038666425130996,"SKPP_unique_upregulated"
"SKPP","TGFA",3.0226629,1.7302196,0.00250561155742666,0.0038674056637726,"SKPP_unique_upregulated"
"SKPP","CXCL2",2.9983833,1.8559053,0.00271416109947129,0.00417898374336723,"SKPP_unique_upregulated"
"SKPP","C2CD4D",2.9685683,1.5896475,0.00299190520137888,0.00459505541013908,"SKPP_unique_upregulated"
"SKPP","HOXB-AS3",2.937959,2.4726734,0.00330380694316299,0.00505939069211249,"SKPP_unique_upregulated"
"SKPP","LINC02539",2.937855,2.381941,0.00330491666099918,0.0050599021377382,"SKPP_unique_upregulated"
"SKPP","SLC39A12",2.937855,2.0977917,0.00330491666099918,0.0050599021377382,"SKPP_unique_upregulated"
"SKPP","SLC9A2",2.9226964,1.8978596,0.00347014746096992,0.00530374486575486,"SKPP_unique_upregulated"
"SKPP","TRAPPC12-AS1",2.9225798,1.642304,0.0034714475733204,0.00530448899849552,"SKPP_unique_upregulated"
"SKPP","OPLAH",2.9225504,1.8147347,0.00347177267066772,0.00530457153272631,"SKPP_unique_upregulated"
"SKPP","CPLX3",2.9058316,18.578749,0.00366278567556946,0.00557509257152638,"SKPP_unique_upregulated"
"SKPP","LINC01883",2.9058316,19.042713,0.00366278567556946,0.00557509257152638,"SKPP_unique_upregulated"
"SKPP","LMOD1",2.9058316,18.861666,0.00366278567556946,0.00557509257152638,"SKPP_unique_upregulated"
"SKPP","KRT81",2.9058316,18.575886,0.00366278567556946,0.00557509257152638,"SKPP_unique_upregulated"
"SKPP","NCS1",2.9058316,18.681005,0.00366278567556946,0.00557509257152638,"SKPP_unique_upregulated"
"SKPP","CHRDL2",2.9058316,18.906069,0.00366278567556946,0.00557509257152638,"SKPP_unique_upregulated"
"SKPP","LINP1",2.9058316,18.99846,0.00366278567556946,0.00557509257152638,"SKPP_unique_upregulated"
"SKPP","CTAGE6",2.9058316,18.809843,0.00366278567556946,0.00557509257152638,"SKPP_unique_upregulated"
"SKPP","LRRC72",2.9058316,19.013021,0.00366278567556946,0.00557509257152638,"SKPP_unique_upregulated"
"SKPP","ARHGAP23",2.88269,3.9939263,0.00394295426399665,0.0059877847485292,"SKPP_unique_upregulated"
"SKPP","SULT6B1",2.88269,3.8367305,0.00394295426399665,0.0059877847485292,"SKPP_unique_upregulated"
"SKPP","TRPV4",2.88265,3.8571641,0.00394345586316336,0.0059877847485292,"SKPP_unique_upregulated"
"SKPP","IL17B",2.8826096,3.5821888,0.00394395752027792,0.0059877847485292,"SKPP_unique_upregulated"
"SKPP","CACTIN-AS1",2.8825295,3.396426,0.00394496100837424,0.0059877847485292,"SKPP_unique_upregulated"
"SKPP","LINC02059",2.8825295,3.258375,0.00394496100837424,0.0059877847485292,"SKPP_unique_upregulated"
"SKPP","PCDHGB4",2.8824894,3.1946855,0.00394546283936777,0.0059877847485292,"SKPP_unique_upregulated"
"SKPP","SUCNR1",2.8824494,3.1701076,0.00394596472833273,0.0059877847485292,"SKPP_unique_upregulated"
"SKPP","TAS1R1",2.8824494,2.987549,0.00394596472833273,0.0059877847485292,"SKPP_unique_upregulated"
"SKPP","SSMEM1",2.8824093,2.534982,0.00394646667527499,0.0059877847485292,"SKPP_unique_upregulated"
"SKPP","GJA9",2.8824093,2.5038347,0.00394646667527499,0.0059877847485292,"SKPP_unique_upregulated"
"SKPP","LINC01511",2.8824093,2.8871539,0.00394646667527499,0.0059877847485292,"SKPP_unique_upregulated"
"SKPP","C17orf78",2.8824093,2.417033,0.00394646667527499,0.0059877847485292,"SKPP_unique_upregulated"
"SKPP","HBZ",2.8824093,2.8385105,0.00394646667527499,0.0059877847485292,"SKPP_unique_upregulated"
"SKPP","LINC02207",2.8824093,2.8365881,0.00394646667527499,0.0059877847485292,"SKPP_unique_upregulated"
"SKPP","GPR162",2.8118904,2.2761726,0.00492512837581712,0.00743002945478293,"SKPP_unique_upregulated"
"SKPP","IFITM10",2.8116975,1.8536514,0.00492808120328743,0.0074339109609874,"SKPP_unique_upregulated"
"SKPP","FAT2",2.7792683,1.5252725,0.00544814954586545,0.0081843536245582,"SKPP_unique_upregulated"
"SKPP","IGLV5-48",2.7662215,1.7975764,0.00567099803312774,0.00850671441259054,"SKPP_unique_upregulated"
"SKPP","SLC6A8",2.7276716,1.5641001,0.00637830518732739,0.00954064179067592,"SKPP_unique_upregulated"
"SKPP","TRAV2",2.7275465,1.5188409,0.00638072944098143,0.00954353846221238,"SKPP_unique_upregulated"
"SKPP","LINC01659",2.7159226,1.8426611,0.00660913707864581,0.00987384290387397,"SKPP_unique_upregulated"
"SKPP","LINC01208",2.7158625,1.5446502,0.00661033725850065,0.00987488201193532,"SKPP_unique_upregulated"
